county,precinct,office,district,party,candidate,votes,election_day,early_vote,absentee,hand_count,provisional
Phillips,PRECINCT 0001,U.S. Congress District 1,,DEM,Chintan Desai,695,127,547,21,0,0
Phillips,PRECINCT 0002,U.S. Congress District 1,,DEM,Chintan Desai,7,1,6,0,0,0
Phillips,PRECINCT 0003,U.S. Congress District 1,,DEM,Chintan Desai,574,174,380,20,0,0
Phillips,PRECINCT 0004,U.S. Congress District 1,,DEM,Chintan Desai,1,0,1,0,0,0
Phillips,PRECINCT 0005,U.S. Congress District 1,,DEM,Chintan Desai,219,71,146,2,0,0
Phillips,PRECINCT 0006,U.S. Congress District 1,,DEM,Chintan Desai,521,139,352,30,0,0
Phillips,PRECINCT 0007,U.S. Congress District 1,,DEM,Chintan Desai,158,53,102,3,0,0
Phillips,PRECINCT 0008,U.S. Congress District 1,,DEM,Chintan Desai,115,65,44,6,0,0
Phillips,PRECINCT 0009,U.S. Congress District 1,,DEM,Chintan Desai,110,60,43,7,0,0
Phillips,PRECINCT 0010,U.S. Congress District 1,,DEM,Chintan Desai,56,42,12,2,0,0
Phillips,PRECINCT 0011,U.S. Congress District 1,,DEM,Chintan Desai,91,69,21,1,0,0
Phillips,PRECINCT 0012,U.S. Congress District 1,,DEM,Chintan Desai,46,22,17,7,0,0
Phillips,PRECINCT 0013,U.S. Congress District 1,,DEM,Chintan Desai,199,132,55,12,0,0
Phillips,PRECINCT 0014,U.S. Congress District 1,,DEM,Chintan Desai,29,19,6,4,0,0
Phillips,PRECINCT 0015,U.S. Congress District 1,,DEM,Chintan Desai,160,65,46,49,0,0
Phillips,PRECINCT 0016,U.S. Congress District 1,,DEM,Chintan Desai,129,56,27,46,0,0
Phillips,PRECINCT 0017,U.S. Congress District 1,,DEM,Chintan Desai,15,10,1,4,0,0
Phillips,PRECINCT 0001,U.S. Congress District 1,,REP,Congressman Rick Crawford,336,102,226,8,0,0
Phillips,PRECINCT 0002,U.S. Congress District 1,,REP,Congressman Rick Crawford,1,0,1,0,0,0
Phillips,PRECINCT 0003,U.S. Congress District 1,,REP,Congressman Rick Crawford,362,146,208,8,0,0
Phillips,PRECINCT 0004,U.S. Congress District 1,,REP,Congressman Rick Crawford,0,0,0,0,0,0
Phillips,PRECINCT 0005,U.S. Congress District 1,,REP,Congressman Rick Crawford,76,17,57,2,0,0
Phillips,PRECINCT 0006,U.S. Congress District 1,,REP,Congressman Rick Crawford,75,14,58,3,0,0
Phillips,PRECINCT 0007,U.S. Congress District 1,,REP,Congressman Rick Crawford,259,114,144,1,0,0
Phillips,PRECINCT 0008,U.S. Congress District 1,,REP,Congressman Rick Crawford,101,54,45,2,0,0
Phillips,PRECINCT 0009,U.S. Congress District 1,,REP,Congressman Rick Crawford,106,77,28,1,0,0
Phillips,PRECINCT 0010,U.S. Congress District 1,,REP,Congressman Rick Crawford,254,180,69,5,0,0
Phillips,PRECINCT 0011,U.S. Congress District 1,,REP,Congressman Rick Crawford,90,75,14,1,0,0
Phillips,PRECINCT 0012,U.S. Congress District 1,,REP,Congressman Rick Crawford,25,24,1,0,0,0
Phillips,PRECINCT 0013,U.S. Congress District 1,,REP,Congressman Rick Crawford,198,143,51,4,0,0
Phillips,PRECINCT 0014,U.S. Congress District 1,,REP,Congressman Rick Crawford,88,78,9,1,0,0
Phillips,PRECINCT 0015,U.S. Congress District 1,,REP,Congressman Rick Crawford,19,13,4,2,0,0
Phillips,PRECINCT 0016,U.S. Congress District 1,,REP,Congressman Rick Crawford,160,146,13,1,0,0
Phillips,PRECINCT 0017,U.S. Congress District 1,,REP,Congressman Rick Crawford,32,31,1,0,0,0
Phillips,PRECINCT 0001,U.S. Congress District 1,,LIB,Elvis Presley,15,2,13,0,0,0
Phillips,PRECINCT 0002,U.S. Congress District 1,,LIB,Elvis Presley,0,0,0,0,0,0
Phillips,PRECINCT 0003,U.S. Congress District 1,,LIB,Elvis Presley,18,5,13,0,0,0
Phillips,PRECINCT 0004,U.S. Congress District 1,,LIB,Elvis Presley,0,0,0,0,0,0
Phillips,PRECINCT 0005,U.S. Congress District 1,,LIB,Elvis Presley,3,2,1,0,0,0
Phillips,PRECINCT 0006,U.S. Congress District 1,,LIB,Elvis Presley,6,0,6,0,0,0
Phillips,PRECINCT 0007,U.S. Congress District 1,,LIB,Elvis Presley,4,2,2,0,0,0
Phillips,PRECINCT 0008,U.S. Congress District 1,,LIB,Elvis Presley,1,1,0,0,0,0
Phillips,PRECINCT 0009,U.S. Congress District 1,,LIB,Elvis Presley,0,0,0,0,0,0
Phillips,PRECINCT 0010,U.S. Congress District 1,,LIB,Elvis Presley,1,1,0,0,0,0
Phillips,PRECINCT 0011,U.S. Congress District 1,,LIB,Elvis Presley,2,1,1,0,0,0
Phillips,PRECINCT 0012,U.S. Congress District 1,,LIB,Elvis Presley,3,3,0,0,0,0
Phillips,PRECINCT 0013,U.S. Congress District 1,,LIB,Elvis Presley,8,5,3,0,0,0
Phillips,PRECINCT 0014,U.S. Congress District 1,,LIB,Elvis Presley,2,2,0,0,0,0
Phillips,PRECINCT 0015,U.S. Congress District 1,,LIB,Elvis Presley,4,2,2,0,0,0
Phillips,PRECINCT 0016,U.S. Congress District 1,,LIB,Elvis Presley,4,2,2,0,0,0
Phillips,PRECINCT 0017,U.S. Congress District 1,,LIB,Elvis Presley,1,1,0,0,0,0
Phillips,PRECINCT 0001,Governor,,REP,Governor Asa Hutchinson,396,111,275,10,0,0
Phillips,PRECINCT 0002,Governor,,REP,Governor Asa Hutchinson,2,1,1,0,0,0
Phillips,PRECINCT 0003,Governor,,REP,Governor Asa Hutchinson,423,162,254,7,0,0
Phillips,PRECINCT 0004,Governor,,REP,Governor Asa Hutchinson,0,0,0,0,0,0
Phillips,PRECINCT 0005,Governor,,REP,Governor Asa Hutchinson,98,24,72,2,0,0
Phillips,PRECINCT 0006,Governor,,REP,Governor Asa Hutchinson,106,26,79,1,0,0
Phillips,PRECINCT 0007,Governor,,REP,Governor Asa Hutchinson,271,114,156,1,0,0
Phillips,PRECINCT 0008,Governor,,REP,Governor Asa Hutchinson,108,58,47,3,0,0
Phillips,PRECINCT 0009,Governor,,REP,Governor Asa Hutchinson,113,82,30,1,0,0
Phillips,PRECINCT 0010,Governor,,REP,Governor Asa Hutchinson,256,183,68,5,0,0
Phillips,PRECINCT 0011,Governor,,REP,Governor Asa Hutchinson,90,71,18,1,0,0
Phillips,PRECINCT 0012,Governor,,REP,Governor Asa Hutchinson,24,23,1,0,0,0
Phillips,PRECINCT 0013,Governor,,REP,Governor Asa Hutchinson,203,150,49,4,0,0
Phillips,PRECINCT 0014,Governor,,REP,Governor Asa Hutchinson,93,82,10,1,0,0
Phillips,PRECINCT 0015,Governor,,REP,Governor Asa Hutchinson,23,11,6,6,0,0
Phillips,PRECINCT 0016,Governor,,REP,Governor Asa Hutchinson,164,148,13,3,0,0
Phillips,PRECINCT 0017,Governor,,REP,Governor Asa Hutchinson,31,30,1,0,0,0
Phillips,PRECINCT 0001,Governor,,LIB,Mark West,30,5,25,0,0,0
Phillips,PRECINCT 0002,Governor,,LIB,Mark West,0,0,0,0,0,0
Phillips,PRECINCT 0003,Governor,,LIB,Mark West,24,10,13,1,0,0
Phillips,PRECINCT 0004,Governor,,LIB,Mark West,0,0,0,0,0,0
Phillips,PRECINCT 0005,Governor,,LIB,Mark West,9,2,7,0,0,0
Phillips,PRECINCT 0006,Governor,,LIB,Mark West,12,6,5,1,0,0
Phillips,PRECINCT 0007,Governor,,LIB,Mark West,8,5,3,0,0,0
Phillips,PRECINCT 0008,Governor,,LIB,Mark West,4,2,2,0,0,0
Phillips,PRECINCT 0009,Governor,,LIB,Mark West,2,2,0,0,0,0
Phillips,PRECINCT 0010,Governor,,LIB,Mark West,5,5,0,0,0,0
Phillips,PRECINCT 0011,Governor,,LIB,Mark West,4,4,0,0,0,0
Phillips,PRECINCT 0012,Governor,,LIB,Mark West,2,2,0,0,0,0
Phillips,PRECINCT 0013,Governor,,LIB,Mark West,7,4,3,0,0,0
Phillips,PRECINCT 0014,Governor,,LIB,Mark West,3,3,0,0,0,0
Phillips,PRECINCT 0015,Governor,,LIB,Mark West,5,2,3,0,0,0
Phillips,PRECINCT 0016,Governor,,LIB,Mark West,4,3,1,0,0,0
Phillips,PRECINCT 0017,Governor,,LIB,Mark West,1,1,0,0,0,0
Phillips,PRECINCT 0001,Governor,,DEM,Jared K. Henderson,636,118,498,20,0,0
Phillips,PRECINCT 0002,Governor,,DEM,Jared K. Henderson,6,0,6,0,0,0
Phillips,PRECINCT 0003,Governor,,DEM,Jared K. Henderson,515,153,342,20,0,0
Phillips,PRECINCT 0004,Governor,,DEM,Jared K. Henderson,1,0,1,0,0,0
Phillips,PRECINCT 0005,Governor,,DEM,Jared K. Henderson,190,61,127,2,0,0
Phillips,PRECINCT 0006,Governor,,DEM,Jared K. Henderson,498,123,344,31,0,0
Phillips,PRECINCT 0007,Governor,,DEM,Jared K. Henderson,147,50,94,3,0,0
Phillips,PRECINCT 0008,Governor,,DEM,Jared K. Henderson,106,60,41,5,0,0
Phillips,PRECINCT 0009,Governor,,DEM,Jared K. Henderson,108,57,44,7,0,0
Phillips,PRECINCT 0010,Governor,,DEM,Jared K. Henderson,53,38,13,2,0,0
Phillips,PRECINCT 0011,Governor,,DEM,Jared K. Henderson,88,70,17,1,0,0
Phillips,PRECINCT 0012,Governor,,DEM,Jared K. Henderson,49,25,17,7,0,0
Phillips,PRECINCT 0013,Governor,,DEM,Jared K. Henderson,199,130,57,12,0,0
Phillips,PRECINCT 0014,Governor,,DEM,Jared K. Henderson,26,17,5,4,0,0
Phillips,PRECINCT 0015,Governor,,DEM,Jared K. Henderson,158,67,46,45,0,0
Phillips,PRECINCT 0016,Governor,,DEM,Jared K. Henderson,127,54,29,44,0,0
Phillips,PRECINCT 0017,Governor,,DEM,Jared K. Henderson,16,11,1,4,0,0
Phillips,PRECINCT 0001,Lieutenant Governor,,DEM,Anthony Bland,680,123,537,20,0,0
Phillips,PRECINCT 0002,Lieutenant Governor,,DEM,Anthony Bland,6,0,6,0,0,0
Phillips,PRECINCT 0003,Lieutenant Governor,,DEM,Anthony Bland,569,169,379,21,0,0
Phillips,PRECINCT 0004,Lieutenant Governor,,DEM,Anthony Bland,1,0,1,0,0,0
Phillips,PRECINCT 0005,Lieutenant Governor,,DEM,Anthony Bland,212,71,139,2,0,0
Phillips,PRECINCT 0006,Lieutenant Governor,,DEM,Anthony Bland,536,140,364,32,0,0
Phillips,PRECINCT 0007,Lieutenant Governor,,DEM,Anthony Bland,159,50,106,3,0,0
Phillips,PRECINCT 0008,Lieutenant Governor,,DEM,Anthony Bland,110,63,43,4,0,0
Phillips,PRECINCT 0009,Lieutenant Governor,,DEM,Anthony Bland,104,56,41,7,0,0
Phillips,PRECINCT 0010,Lieutenant Governor,,DEM,Anthony Bland,57,43,12,2,0,0
Phillips,PRECINCT 0011,Lieutenant Governor,,DEM,Anthony Bland,90,69,20,1,0,0
Phillips,PRECINCT 0012,Lieutenant Governor,,DEM,Anthony Bland,49,25,17,7,0,0
Phillips,PRECINCT 0013,Lieutenant Governor,,DEM,Anthony Bland,196,129,55,12,0,0
Phillips,PRECINCT 0014,Lieutenant Governor,,DEM,Anthony Bland,31,21,6,4,0,0
Phillips,PRECINCT 0015,Lieutenant Governor,,DEM,Anthony Bland,166,71,47,48,0,0
Phillips,PRECINCT 0016,Lieutenant Governor,,DEM,Anthony Bland,124,55,28,41,0,0
Phillips,PRECINCT 0017,Lieutenant Governor,,DEM,Anthony Bland,15,10,1,4,0,0
Phillips,PRECINCT 0001,Lieutenant Governor,,REP,Lt. Governor Tim Griffin,337,99,229,9,0,0
Phillips,PRECINCT 0002,Lieutenant Governor,,REP,Lt. Governor Tim Griffin,2,1,1,0,0,0
Phillips,PRECINCT 0003,Lieutenant Governor,,REP,Lt. Governor Tim Griffin,371,150,215,6,0,0
Phillips,PRECINCT 0004,Lieutenant Governor,,REP,Lt. Governor Tim Griffin,0,0,0,0,0,0
Phillips,PRECINCT 0005,Lieutenant Governor,,REP,Lt. Governor Tim Griffin,78,15,61,2,0,0
Phillips,PRECINCT 0006,Lieutenant Governor,,REP,Lt. Governor Tim Griffin,65,14,50,1,0,0
Phillips,PRECINCT 0007,Lieutenant Governor,,REP,Lt. Governor Tim Griffin,262,117,144,1,0,0
Phillips,PRECINCT 0008,Lieutenant Governor,,REP,Lt. Governor Tim Griffin,101,51,46,4,0,0
Phillips,PRECINCT 0009,Lieutenant Governor,,REP,Lt. Governor Tim Griffin,108,79,28,1,0,0
Phillips,PRECINCT 0010,Lieutenant Governor,,REP,Lt. Governor Tim Griffin,250,177,68,5,0,0
Phillips,PRECINCT 0011,Lieutenant Governor,,REP,Lt. Governor Tim Griffin,87,72,14,1,0,0
Phillips,PRECINCT 0012,Lieutenant Governor,,REP,Lt. Governor Tim Griffin,25,24,1,0,0,0
Phillips,PRECINCT 0013,Lieutenant Governor,,REP,Lt. Governor Tim Griffin,196,147,45,4,0,0
Phillips,PRECINCT 0014,Lieutenant Governor,,REP,Lt. Governor Tim Griffin,83,73,9,1,0,0
Phillips,PRECINCT 0015,Lieutenant Governor,,REP,Lt. Governor Tim Griffin,14,8,3,3,0,0
Phillips,PRECINCT 0016,Lieutenant Governor,,REP,Lt. Governor Tim Griffin,162,147,13,2,0,0
Phillips,PRECINCT 0017,Lieutenant Governor,,REP,Lt. Governor Tim Griffin,32,31,1,0,0,0
Phillips,PRECINCT 0001,Lieutenant Governor,,LIB,Frank Gilbert,32,9,23,0,0,0
Phillips,PRECINCT 0002,Lieutenant Governor,,LIB,Frank Gilbert,0,0,0,0,0,0
Phillips,PRECINCT 0003,Lieutenant Governor,,LIB,Frank Gilbert,21,9,11,1,0,0
Phillips,PRECINCT 0004,Lieutenant Governor,,LIB,Frank Gilbert,0,0,0,0,0,0
Phillips,PRECINCT 0005,Lieutenant Governor,,LIB,Frank Gilbert,7,3,4,0,0,0
Phillips,PRECINCT 0006,Lieutenant Governor,,LIB,Frank Gilbert,17,5,12,0,0,0
Phillips,PRECINCT 0007,Lieutenant Governor,,LIB,Frank Gilbert,4,1,3,0,0,0
Phillips,PRECINCT 0008,Lieutenant Governor,,LIB,Frank Gilbert,8,7,1,0,0,0
Phillips,PRECINCT 0009,Lieutenant Governor,,LIB,Frank Gilbert,10,5,5,0,0,0
Phillips,PRECINCT 0010,Lieutenant Governor,,LIB,Frank Gilbert,7,6,1,0,0,0
Phillips,PRECINCT 0011,Lieutenant Governor,,LIB,Frank Gilbert,5,4,1,0,0,0
Phillips,PRECINCT 0012,Lieutenant Governor,,LIB,Frank Gilbert,3,3,0,0,0,0
Phillips,PRECINCT 0013,Lieutenant Governor,,LIB,Frank Gilbert,15,6,9,0,0,0
Phillips,PRECINCT 0014,Lieutenant Governor,,LIB,Frank Gilbert,4,4,0,0,0,0
Phillips,PRECINCT 0015,Lieutenant Governor,,LIB,Frank Gilbert,7,4,3,0,0,0
Phillips,PRECINCT 0016,Lieutenant Governor,,LIB,Frank Gilbert,5,4,1,0,0,0
Phillips,PRECINCT 0017,Lieutenant Governor,,LIB,Frank Gilbert,1,1,0,0,0,0
Phillips,PRECINCT 0001,State Supreme Court Associate Justice Position 3,,NON,State Supreme Court Justice Courtney Goodson,597,130,449,18,0,0
Phillips,PRECINCT 0002,State Supreme Court Associate Justice Position 3,,NON,State Supreme Court Justice Courtney Goodson,5,1,4,0,0,0
Phillips,PRECINCT 0003,State Supreme Court Associate Justice Position 3,,NON,State Supreme Court Justice Courtney Goodson,552,190,343,19,0,0
Phillips,PRECINCT 0004,State Supreme Court Associate Justice Position 3,,NON,State Supreme Court Justice Courtney Goodson,0,0,0,0,0,0
Phillips,PRECINCT 0005,State Supreme Court Associate Justice Position 3,,NON,State Supreme Court Justice Courtney Goodson,164,54,108,2,0,0
Phillips,PRECINCT 0006,State Supreme Court Associate Justice Position 3,,NON,State Supreme Court Justice Courtney Goodson,356,90,238,28,0,0
Phillips,PRECINCT 0007,State Supreme Court Associate Justice Position 3,,NON,State Supreme Court Justice Courtney Goodson,232,97,134,1,0,0
Phillips,PRECINCT 0008,State Supreme Court Associate Justice Position 3,,NON,State Supreme Court Justice Courtney Goodson,122,65,50,7,0,0
Phillips,PRECINCT 0009,State Supreme Court Associate Justice Position 3,,NON,State Supreme Court Justice Courtney Goodson,114,69,40,5,0,0
Phillips,PRECINCT 0010,State Supreme Court Associate Justice Position 3,,NON,State Supreme Court Justice Courtney Goodson,196,142,51,3,0,0
Phillips,PRECINCT 0011,State Supreme Court Associate Justice Position 3,,NON,State Supreme Court Justice Courtney Goodson,112,80,30,2,0,0
Phillips,PRECINCT 0012,State Supreme Court Associate Justice Position 3,,NON,State Supreme Court Justice Courtney Goodson,35,25,6,4,0,0
Phillips,PRECINCT 0013,State Supreme Court Associate Justice Position 3,,NON,State Supreme Court Justice Courtney Goodson,208,149,51,8,0,0
Phillips,PRECINCT 0014,State Supreme Court Associate Justice Position 3,,NON,State Supreme Court Justice Courtney Goodson,65,54,8,3,0,0
Phillips,PRECINCT 0015,State Supreme Court Associate Justice Position 3,,NON,State Supreme Court Justice Courtney Goodson,108,42,33,33,0,0
Phillips,PRECINCT 0016,State Supreme Court Associate Justice Position 3,,NON,State Supreme Court Justice Courtney Goodson,169,107,23,39,0,0
Phillips,PRECINCT 0017,State Supreme Court Associate Justice Position 3,,NON,State Supreme Court Justice Courtney Goodson,21,16,2,3,0,0
Phillips,PRECINCT 0001,State Supreme Court Associate Justice Position 3,,NON,David Sterling,328,78,241,9,0,0
Phillips,PRECINCT 0002,State Supreme Court Associate Justice Position 3,,NON,David Sterling,3,0,3,0,0,0
Phillips,PRECINCT 0003,State Supreme Court Associate Justice Position 3,,NON,David Sterling,335,117,209,9,0,0
Phillips,PRECINCT 0004,State Supreme Court Associate Justice Position 3,,NON,David Sterling,0,0,0,0,0,0
Phillips,PRECINCT 0005,State Supreme Court Associate Justice Position 3,,NON,David Sterling,98,25,72,1,0,0
Phillips,PRECINCT 0006,State Supreme Court Associate Justice Position 3,,NON,David Sterling,198,52,143,3,0,0
Phillips,PRECINCT 0007,State Supreme Court Associate Justice Position 3,,NON,David Sterling,148,56,89,3,0,0
Phillips,PRECINCT 0008,State Supreme Court Associate Justice Position 3,,NON,David Sterling,84,50,33,1,0,0
Phillips,PRECINCT 0009,State Supreme Court Associate Justice Position 3,,NON,David Sterling,93,60,30,3,0,0
Phillips,PRECINCT 0010,State Supreme Court Associate Justice Position 3,,NON,David Sterling,101,70,27,4,0,0
Phillips,PRECINCT 0011,State Supreme Court Associate Justice Position 3,,NON,David Sterling,51,47,4,0,0,0
Phillips,PRECINCT 0012,State Supreme Court Associate Justice Position 3,,NON,David Sterling,27,18,6,3,0,0
Phillips,PRECINCT 0013,State Supreme Court Associate Justice Position 3,,NON,David Sterling,154,102,48,4,0,0
Phillips,PRECINCT 0014,State Supreme Court Associate Justice Position 3,,NON,David Sterling,28,23,4,1,0,0
Phillips,PRECINCT 0015,State Supreme Court Associate Justice Position 3,,NON,David Sterling,54,26,17,11,0,0
Phillips,PRECINCT 0016,State Supreme Court Associate Justice Position 3,,NON,David Sterling,102,78,17,7,0,0
Phillips,PRECINCT 0017,State Supreme Court Associate Justice Position 3,,NON,David Sterling,26,25,0,1,0,0
Phillips,PRECINCT 0001,Attorney General,,LIB,Kerry Hicks,21,3,18,0,0,0
Phillips,PRECINCT 0002,Attorney General,,LIB,Kerry Hicks,0,0,0,0,0,0
Phillips,PRECINCT 0003,Attorney General,,LIB,Kerry Hicks,20,7,12,1,0,0
Phillips,PRECINCT 0004,Attorney General,,LIB,Kerry Hicks,0,0,0,0,0,0
Phillips,PRECINCT 0005,Attorney General,,LIB,Kerry Hicks,6,2,4,0,0,0
Phillips,PRECINCT 0006,Attorney General,,LIB,Kerry Hicks,11,3,7,1,0,0
Phillips,PRECINCT 0007,Attorney General,,LIB,Kerry Hicks,6,4,2,0,0,0
Phillips,PRECINCT 0008,Attorney General,,LIB,Kerry Hicks,2,1,1,0,0,0
Phillips,PRECINCT 0009,Attorney General,,LIB,Kerry Hicks,1,1,0,0,0,0
Phillips,PRECINCT 0010,Attorney General,,LIB,Kerry Hicks,1,1,0,0,0,0
Phillips,PRECINCT 0011,Attorney General,,LIB,Kerry Hicks,2,2,0,0,0,0
Phillips,PRECINCT 0012,Attorney General,,LIB,Kerry Hicks,1,1,0,0,0,0
Phillips,PRECINCT 0013,Attorney General,,LIB,Kerry Hicks,7,5,2,0,0,0
Phillips,PRECINCT 0014,Attorney General,,LIB,Kerry Hicks,5,5,0,0,0,0
Phillips,PRECINCT 0015,Attorney General,,LIB,Kerry Hicks,2,1,0,1,0,0
Phillips,PRECINCT 0016,Attorney General,,LIB,Kerry Hicks,2,1,1,0,0,0
Phillips,PRECINCT 0017,Attorney General,,LIB,Kerry Hicks,1,1,0,0,0,0
Phillips,PRECINCT 0001,Attorney General,,REP,Attorney General Leslie Rutledge,325,95,221,9,0,0
Phillips,PRECINCT 0002,Attorney General,,REP,Attorney General Leslie Rutledge,3,1,2,0,0,0
Phillips,PRECINCT 0003,Attorney General,,REP,Attorney General Leslie Rutledge,371,143,220,8,0,0
Phillips,PRECINCT 0004,Attorney General,,REP,Attorney General Leslie Rutledge,0,0,0,0,0,0
Phillips,PRECINCT 0005,Attorney General,,REP,Attorney General Leslie Rutledge,80,20,58,2,0,0
Phillips,PRECINCT 0006,Attorney General,,REP,Attorney General Leslie Rutledge,65,19,44,2,0,0
Phillips,PRECINCT 0007,Attorney General,,REP,Attorney General Leslie Rutledge,259,111,147,1,0,0
Phillips,PRECINCT 0008,Attorney General,,REP,Attorney General Leslie Rutledge,98,51,44,3,0,0
Phillips,PRECINCT 0009,Attorney General,,REP,Attorney General Leslie Rutledge,107,77,29,1,0,0
Phillips,PRECINCT 0010,Attorney General,,REP,Attorney General Leslie Rutledge,251,180,66,5,0,0
Phillips,PRECINCT 0011,Attorney General,,REP,Attorney General Leslie Rutledge,84,69,14,1,0,0
Phillips,PRECINCT 0012,Attorney General,,REP,Attorney General Leslie Rutledge,26,26,0,0,0,0
Phillips,PRECINCT 0013,Attorney General,,REP,Attorney General Leslie Rutledge,181,132,44,5,0,0
Phillips,PRECINCT 0014,Attorney General,,REP,Attorney General Leslie Rutledge,82,72,9,1,0,0
Phillips,PRECINCT 0015,Attorney General,,REP,Attorney General Leslie Rutledge,13,6,3,4,0,0
Phillips,PRECINCT 0016,Attorney General,,REP,Attorney General Leslie Rutledge,158,143,13,2,0,0
Phillips,PRECINCT 0017,Attorney General,,REP,Attorney General Leslie Rutledge,31,30,1,0,0,0
Phillips,PRECINCT 0001,Attorney General,,DEM,Mike Lee,706,133,553,20,0,0
Phillips,PRECINCT 0002,Attorney General,,DEM,Mike Lee,5,0,5,0,0,0
Phillips,PRECINCT 0003,Attorney General,,DEM,Mike Lee,575,178,378,19,0,0
Phillips,PRECINCT 0004,Attorney General,,DEM,Mike Lee,1,0,1,0,0,0
Phillips,PRECINCT 0005,Attorney General,,DEM,Mike Lee,213,68,143,2,0,0
Phillips,PRECINCT 0006,Attorney General,,DEM,Mike Lee,537,135,372,30,0,0
Phillips,PRECINCT 0007,Attorney General,,DEM,Mike Lee,159,55,101,3,0,0
Phillips,PRECINCT 0008,Attorney General,,DEM,Mike Lee,117,67,45,5,0,0
Phillips,PRECINCT 0009,Attorney General,,DEM,Mike Lee,114,62,45,7,0,0
Phillips,PRECINCT 0010,Attorney General,,DEM,Mike Lee,62,45,15,2,0,0
Phillips,PRECINCT 0011,Attorney General,,DEM,Mike Lee,100,75,24,1,0,0
Phillips,PRECINCT 0012,Attorney General,,DEM,Mike Lee,47,24,16,7,0,0
Phillips,PRECINCT 0013,Attorney General,,DEM,Mike Lee,222,145,66,11,0,0
Phillips,PRECINCT 0014,Attorney General,,DEM,Mike Lee,33,23,6,4,0,0
Phillips,PRECINCT 0015,Attorney General,,DEM,Mike Lee,173,76,51,46,0,0
Phillips,PRECINCT 0016,Attorney General,,DEM,Mike Lee,132,60,28,44,0,0
Phillips,PRECINCT 0017,Attorney General,,DEM,Mike Lee,16,11,1,4,0,0
Phillips,PRECINCT 0001,Secretary of State,,LIB,Christopher Olson,32,10,22,0,0,0
Phillips,PRECINCT 0002,Secretary of State,,LIB,Christopher Olson,0,0,0,0,0,0
Phillips,PRECINCT 0003,Secretary of State,,LIB,Christopher Olson,28,14,14,0,0,0
Phillips,PRECINCT 0004,Secretary of State,,LIB,Christopher Olson,0,0,0,0,0,0
Phillips,PRECINCT 0005,Secretary of State,,LIB,Christopher Olson,11,2,9,0,0,0
Phillips,PRECINCT 0006,Secretary of State,,LIB,Christopher Olson,14,5,9,0,0,0
Phillips,PRECINCT 0007,Secretary of State,,LIB,Christopher Olson,4,2,2,0,0,0
Phillips,PRECINCT 0008,Secretary of State,,LIB,Christopher Olson,2,2,0,0,0,0
Phillips,PRECINCT 0009,Secretary of State,,LIB,Christopher Olson,3,2,1,0,0,0
Phillips,PRECINCT 0010,Secretary of State,,LIB,Christopher Olson,2,1,1,0,0,0
Phillips,PRECINCT 0011,Secretary of State,,LIB,Christopher Olson,3,3,0,0,0,0
Phillips,PRECINCT 0012,Secretary of State,,LIB,Christopher Olson,1,0,1,0,0,0
Phillips,PRECINCT 0013,Secretary of State,,LIB,Christopher Olson,5,4,1,0,0,0
Phillips,PRECINCT 0014,Secretary of State,,LIB,Christopher Olson,2,2,0,0,0,0
Phillips,PRECINCT 0015,Secretary of State,,LIB,Christopher Olson,2,1,1,0,0,0
Phillips,PRECINCT 0016,Secretary of State,,LIB,Christopher Olson,2,2,0,0,0,0
Phillips,PRECINCT 0017,Secretary of State,,LIB,Christopher Olson,1,1,0,0,0,0
Phillips,PRECINCT 0001,Secretary of State,,DEM,Susan Inman,705,127,557,21,0,0
Phillips,PRECINCT 0002,Secretary of State,,DEM,Susan Inman,5,0,5,0,0,0
Phillips,PRECINCT 0003,Secretary of State,,DEM,Susan Inman,587,173,394,20,0,0
Phillips,PRECINCT 0004,Secretary of State,,DEM,Susan Inman,1,0,1,0,0,0
Phillips,PRECINCT 0005,Secretary of State,,DEM,Susan Inman,221,75,144,2,0,0
Phillips,PRECINCT 0006,Secretary of State,,DEM,Susan Inman,545,139,377,29,0,0
Phillips,PRECINCT 0007,Secretary of State,,DEM,Susan Inman,161,52,106,3,0,0
Phillips,PRECINCT 0008,Secretary of State,,DEM,Susan Inman,119,70,45,4,0,0
Phillips,PRECINCT 0009,Secretary of State,,DEM,Susan Inman,119,64,48,7,0,0
Phillips,PRECINCT 0010,Secretary of State,,DEM,Susan Inman,66,48,16,2,0,0
Phillips,PRECINCT 0011,Secretary of State,,DEM,Susan Inman,96,71,24,1,0,0
Phillips,PRECINCT 0012,Secretary of State,,DEM,Susan Inman,52,30,15,7,0,0
Phillips,PRECINCT 0013,Secretary of State,,DEM,Susan Inman,224,144,68,12,0,0
Phillips,PRECINCT 0014,Secretary of State,,DEM,Susan Inman,32,22,6,4,0,0
Phillips,PRECINCT 0015,Secretary of State,,DEM,Susan Inman,173,74,49,50,0,0
Phillips,PRECINCT 0016,Secretary of State,,DEM,Susan Inman,134,62,29,43,0,0
Phillips,PRECINCT 0017,Secretary of State,,DEM,Susan Inman,16,11,1,4,0,0
Phillips,PRECINCT 0001,Secretary of State,,REP,John Thurston Commissioner of State Lands,315,92,215,8,0,0
Phillips,PRECINCT 0002,Secretary of State,,REP,John Thurston Commissioner of State Lands,3,1,2,0,0,0
Phillips,PRECINCT 0003,Secretary of State,,REP,John Thurston Commissioner of State Lands,343,140,195,8,0,0
Phillips,PRECINCT 0004,Secretary of State,,REP,John Thurston Commissioner of State Lands,0,0,0,0,0,0
Phillips,PRECINCT 0005,Secretary of State,,REP,John Thurston Commissioner of State Lands,67,13,52,2,0,0
Phillips,PRECINCT 0006,Secretary of State,,REP,John Thurston Commissioner of State Lands,55,13,39,3,0,0
Phillips,PRECINCT 0007,Secretary of State,,REP,John Thurston Commissioner of State Lands,259,115,143,1,0,0
Phillips,PRECINCT 0008,Secretary of State,,REP,John Thurston Commissioner of State Lands,98,49,45,4,0,0
Phillips,PRECINCT 0009,Secretary of State,,REP,John Thurston Commissioner of State Lands,99,73,25,1,0,0
Phillips,PRECINCT 0010,Secretary of State,,REP,John Thurston Commissioner of State Lands,244,175,64,5,0,0
Phillips,PRECINCT 0011,Secretary of State,,REP,John Thurston Commissioner of State Lands,85,71,13,1,0,0
Phillips,PRECINCT 0012,Secretary of State,,REP,John Thurston Commissioner of State Lands,23,22,1,0,0,0
Phillips,PRECINCT 0013,Secretary of State,,REP,John Thurston Commissioner of State Lands,178,131,43,4,0,0
Phillips,PRECINCT 0014,Secretary of State,,REP,John Thurston Commissioner of State Lands,84,74,9,1,0,0
Phillips,PRECINCT 0015,Secretary of State,,REP,John Thurston Commissioner of State Lands,11,8,2,1,0,0
Phillips,PRECINCT 0016,Secretary of State,,REP,John Thurston Commissioner of State Lands,154,140,13,1,0,0
Phillips,PRECINCT 0017,Secretary of State,,REP,John Thurston Commissioner of State Lands,31,30,1,0,0,0
Phillips,PRECINCT 0001,State Treasurer,,REP,Treasurer of State Dennis Milligan,453,123,319,11,0,0
Phillips,PRECINCT 0002,State Treasurer,,REP,Treasurer of State Dennis Milligan,4,1,3,0,0,0
Phillips,PRECINCT 0003,State Treasurer,,REP,Treasurer of State Dennis Milligan,461,172,281,8,0,0
Phillips,PRECINCT 0004,State Treasurer,,REP,Treasurer of State Dennis Milligan,0,0,0,0,0,0
Phillips,PRECINCT 0005,State Treasurer,,REP,Treasurer of State Dennis Milligan,118,27,89,2,0,0
Phillips,PRECINCT 0006,State Treasurer,,REP,Treasurer of State Dennis Milligan,138,46,89,3,0,0
Phillips,PRECINCT 0007,State Treasurer,,REP,Treasurer of State Dennis Milligan,302,131,169,2,0,0
Phillips,PRECINCT 0008,State Treasurer,,REP,Treasurer of State Dennis Milligan,119,60,55,4,0,0
Phillips,PRECINCT 0009,State Treasurer,,REP,Treasurer of State Dennis Milligan,129,91,36,2,0,0
Phillips,PRECINCT 0010,State Treasurer,,REP,Treasurer of State Dennis Milligan,265,191,69,5,0,0
Phillips,PRECINCT 0011,State Treasurer,,REP,Treasurer of State Dennis Milligan,104,85,18,1,0,0
Phillips,PRECINCT 0012,State Treasurer,,REP,Treasurer of State Dennis Milligan,27,27,0,0,0,0
Phillips,PRECINCT 0013,State Treasurer,,REP,Treasurer of State Dennis Milligan,215,157,51,7,0,0
Phillips,PRECINCT 0014,State Treasurer,,REP,Treasurer of State Dennis Milligan,89,79,9,1,0,0
Phillips,PRECINCT 0015,State Treasurer,,REP,Treasurer of State Dennis Milligan,33,14,11,8,0,0
Phillips,PRECINCT 0016,State Treasurer,,REP,Treasurer of State Dennis Milligan,170,154,15,1,0,0
Phillips,PRECINCT 0017,State Treasurer,,REP,Treasurer of State Dennis Milligan,33,32,1,0,0,0
Phillips,PRECINCT 0001,State Treasurer,,LIB,Ashley Ewald,483,83,384,16,0,0
Phillips,PRECINCT 0002,State Treasurer,,LIB,Ashley Ewald,3,0,3,0,0,0
Phillips,PRECINCT 0003,State Treasurer,,LIB,Ashley Ewald,437,145,275,17,0,0
Phillips,PRECINCT 0004,State Treasurer,,LIB,Ashley Ewald,1,0,1,0,0,0
Phillips,PRECINCT 0005,State Treasurer,,LIB,Ashley Ewald,145,53,90,2,0,0
Phillips,PRECINCT 0006,State Treasurer,,LIB,Ashley Ewald,409,97,288,24,0,0
Phillips,PRECINCT 0007,State Treasurer,,LIB,Ashley Ewald,106,36,68,2,0,0
Phillips,PRECINCT 0008,State Treasurer,,LIB,Ashley Ewald,82,52,26,4,0,0
Phillips,PRECINCT 0009,State Treasurer,,LIB,Ashley Ewald,84,45,33,6,0,0
Phillips,PRECINCT 0010,State Treasurer,,LIB,Ashley Ewald,46,32,12,2,0,0
Phillips,PRECINCT 0011,State Treasurer,,LIB,Ashley Ewald,57,42,14,1,0,0
Phillips,PRECINCT 0012,State Treasurer,,LIB,Ashley Ewald,32,18,10,4,0,0
Phillips,PRECINCT 0013,State Treasurer,,LIB,Ashley Ewald,156,103,47,6,0,0
Phillips,PRECINCT 0014,State Treasurer,,LIB,Ashley Ewald,23,16,4,3,0,0
Phillips,PRECINCT 0015,State Treasurer,,LIB,Ashley Ewald,138,57,40,41,0,0
Phillips,PRECINCT 0016,State Treasurer,,LIB,Ashley Ewald,101,45,19,37,0,0
Phillips,PRECINCT 0017,State Treasurer,,LIB,Ashley Ewald,14,10,0,4,0,0
Phillips,PRECINCT 0001,Auditor of State,,REP,Auditor Andrea Lea,452,118,323,11,0,0
Phillips,PRECINCT 0002,Auditor of State,,REP,Auditor Andrea Lea,3,1,2,0,0,0
Phillips,PRECINCT 0003,Auditor of State,,REP,Auditor Andrea Lea,488,180,300,8,0,0
Phillips,PRECINCT 0004,Auditor of State,,REP,Auditor Andrea Lea,0,0,0,0,0,0
Phillips,PRECINCT 0005,Auditor of State,,REP,Auditor Andrea Lea,128,32,94,2,0,0
Phillips,PRECINCT 0006,Auditor of State,,REP,Auditor Andrea Lea,146,47,95,4,0,0
Phillips,PRECINCT 0007,Auditor of State,,REP,Auditor Andrea Lea,302,129,171,2,0,0
Phillips,PRECINCT 0008,Auditor of State,,REP,Auditor Andrea Lea,121,64,54,3,0,0
Phillips,PRECINCT 0009,Auditor of State,,REP,Auditor Andrea Lea,127,88,35,4,0,0
Phillips,PRECINCT 0010,Auditor of State,,REP,Auditor Andrea Lea,267,192,70,5,0,0
Phillips,PRECINCT 0011,Auditor of State,,REP,Auditor Andrea Lea,104,82,21,1,0,0
Phillips,PRECINCT 0012,Auditor of State,,REP,Auditor Andrea Lea,28,28,0,0,0,0
Phillips,PRECINCT 0013,Auditor of State,,REP,Auditor Andrea Lea,221,162,52,7,0,0
Phillips,PRECINCT 0014,Auditor of State,,REP,Auditor Andrea Lea,92,82,9,1,0,0
Phillips,PRECINCT 0015,Auditor of State,,REP,Auditor Andrea Lea,40,18,13,9,0,0
Phillips,PRECINCT 0016,Auditor of State,,REP,Auditor Andrea Lea,171,153,17,1,0,0
Phillips,PRECINCT 0017,Auditor of State,,REP,Auditor Andrea Lea,33,32,1,0,0,0
Phillips,PRECINCT 0001,Auditor of State,,LIB,David E. Dinwiddie,476,85,375,16,0,0
Phillips,PRECINCT 0002,Auditor of State,,LIB,David E. Dinwiddie,3,0,3,0,0,0
Phillips,PRECINCT 0003,Auditor of State,,LIB,David E. Dinwiddie,410,137,257,16,0,0
Phillips,PRECINCT 0004,Auditor of State,,LIB,David E. Dinwiddie,1,0,1,0,0,0
Phillips,PRECINCT 0005,Auditor of State,,LIB,David E. Dinwiddie,135,48,86,1,0,0
Phillips,PRECINCT 0006,Auditor of State,,LIB,David E. Dinwiddie,397,97,276,24,0,0
Phillips,PRECINCT 0007,Auditor of State,,LIB,David E. Dinwiddie,110,39,69,2,0,0
Phillips,PRECINCT 0008,Auditor of State,,LIB,David E. Dinwiddie,81,49,27,5,0,0
Phillips,PRECINCT 0009,Auditor of State,,LIB,David E. Dinwiddie,86,48,34,4,0,0
Phillips,PRECINCT 0010,Auditor of State,,LIB,David E. Dinwiddie,43,31,10,2,0,0
Phillips,PRECINCT 0011,Auditor of State,,LIB,David E. Dinwiddie,57,44,12,1,0,0
Phillips,PRECINCT 0012,Auditor of State,,LIB,David E. Dinwiddie,30,17,9,4,0,0
Phillips,PRECINCT 0013,Auditor of State,,LIB,David E. Dinwiddie,142,92,44,6,0,0
Phillips,PRECINCT 0014,Auditor of State,,LIB,David E. Dinwiddie,20,13,4,3,0,0
Phillips,PRECINCT 0015,Auditor of State,,LIB,David E. Dinwiddie,131,54,38,39,0,0
Phillips,PRECINCT 0016,Auditor of State,,LIB,David E. Dinwiddie,97,42,19,36,0,0
Phillips,PRECINCT 0017,Auditor of State,,LIB,David E. Dinwiddie,14,10,0,4,0,0
Phillips,PRECINCT 0001,Commissioner of State Lands,,DEM,Larry Williams,720,126,573,21,0,0
Phillips,PRECINCT 0002,Commissioner of State Lands,,DEM,Larry Williams,7,0,7,0,0,0
Phillips,PRECINCT 0003,Commissioner of State Lands,,DEM,Larry Williams,593,183,390,20,0,0
Phillips,PRECINCT 0004,Commissioner of State Lands,,DEM,Larry Williams,1,0,1,0,0,0
Phillips,PRECINCT 0005,Commissioner of State Lands,,DEM,Larry Williams,219,70,147,2,0,0
Phillips,PRECINCT 0006,Commissioner of State Lands,,DEM,Larry Williams,543,136,376,31,0,0
Phillips,PRECINCT 0007,Commissioner of State Lands,,DEM,Larry Williams,166,55,108,3,0,0
Phillips,PRECINCT 0008,Commissioner of State Lands,,DEM,Larry Williams,117,69,44,4,0,0
Phillips,PRECINCT 0009,Commissioner of State Lands,,DEM,Larry Williams,118,63,48,7,0,0
Phillips,PRECINCT 0010,Commissioner of State Lands,,DEM,Larry Williams,62,44,16,2,0,0
Phillips,PRECINCT 0011,Commissioner of State Lands,,DEM,Larry Williams,98,70,27,1,0,0
Phillips,PRECINCT 0012,Commissioner of State Lands,,DEM,Larry Williams,52,29,16,7,0,0
Phillips,PRECINCT 0013,Commissioner of State Lands,,DEM,Larry Williams,233,152,69,12,0,0
Phillips,PRECINCT 0014,Commissioner of State Lands,,DEM,Larry Williams,34,24,6,4,0,0
Phillips,PRECINCT 0015,Commissioner of State Lands,,DEM,Larry Williams,174,78,48,48,0,0
Phillips,PRECINCT 0016,Commissioner of State Lands,,DEM,Larry Williams,137,62,30,45,0,0
Phillips,PRECINCT 0017,Commissioner of State Lands,,DEM,Larry Williams,16,11,1,4,0,0
Phillips,PRECINCT 0001,Commissioner of State Lands,,REP,Tommy Land,292,91,192,9,0,0
Phillips,PRECINCT 0002,Commissioner of State Lands,,REP,Tommy Land,1,1,0,0,0,0
Phillips,PRECINCT 0003,Commissioner of State Lands,,REP,Tommy Land,341,134,199,8,0,0
Phillips,PRECINCT 0004,Commissioner of State Lands,,REP,Tommy Land,0,0,0,0,0,0
Phillips,PRECINCT 0005,Commissioner of State Lands,,REP,Tommy Land,67,15,50,2,0,0
Phillips,PRECINCT 0006,Commissioner of State Lands,,REP,Tommy Land,48,10,37,1,0,0
Phillips,PRECINCT 0007,Commissioner of State Lands,,REP,Tommy Land,252,110,141,1,0,0
Phillips,PRECINCT 0008,Commissioner of State Lands,,REP,Tommy Land,99,50,46,3,0,0
Phillips,PRECINCT 0009,Commissioner of State Lands,,REP,Tommy Land,97,72,24,1,0,0
Phillips,PRECINCT 0010,Commissioner of State Lands,,REP,Tommy Land,244,177,62,5,0,0
Phillips,PRECINCT 0011,Commissioner of State Lands,,REP,Tommy Land,81,69,11,1,0,0
Phillips,PRECINCT 0012,Commissioner of State Lands,,REP,Tommy Land,21,21,0,0,0,0
Phillips,PRECINCT 0013,Commissioner of State Lands,,REP,Tommy Land,172,127,41,4,0,0
Phillips,PRECINCT 0014,Commissioner of State Lands,,REP,Tommy Land,82,73,8,1,0,0
Phillips,PRECINCT 0015,Commissioner of State Lands,,REP,Tommy Land,9,5,3,1,0,0
Phillips,PRECINCT 0016,Commissioner of State Lands,,REP,Tommy Land,152,139,12,1,0,0
Phillips,PRECINCT 0017,Commissioner of State Lands,,REP,Tommy Land,31,30,1,0,0,0
Phillips,PRECINCT 0001,Commissioner of State Lands,,LIB,T.J. Campbell,33,9,24,0,0,0
Phillips,PRECINCT 0002,Commissioner of State Lands,,LIB,T.J. Campbell,0,0,0,0,0,0
Phillips,PRECINCT 0003,Commissioner of State Lands,,LIB,T.J. Campbell,24,9,15,0,0,0
Phillips,PRECINCT 0004,Commissioner of State Lands,,LIB,T.J. Campbell,0,0,0,0,0,0
Phillips,PRECINCT 0005,Commissioner of State Lands,,LIB,T.J. Campbell,10,3,7,0,0,0
Phillips,PRECINCT 0006,Commissioner of State Lands,,LIB,T.J. Campbell,20,9,11,0,0,0
Phillips,PRECINCT 0007,Commissioner of State Lands,,LIB,T.J. Campbell,7,4,3,0,0,0
Phillips,PRECINCT 0008,Commissioner of State Lands,,LIB,T.J. Campbell,3,2,0,1,0,0
Phillips,PRECINCT 0009,Commissioner of State Lands,,LIB,T.J. Campbell,4,3,1,0,0,0
Phillips,PRECINCT 0010,Commissioner of State Lands,,LIB,T.J. Campbell,5,4,1,0,0,0
Phillips,PRECINCT 0011,Commissioner of State Lands,,LIB,T.J. Campbell,5,5,0,0,0,0
Phillips,PRECINCT 0012,Commissioner of State Lands,,LIB,T.J. Campbell,1,1,0,0,0,0
Phillips,PRECINCT 0013,Commissioner of State Lands,,LIB,T.J. Campbell,5,3,2,0,0,0
Phillips,PRECINCT 0014,Commissioner of State Lands,,LIB,T.J. Campbell,3,2,1,0,0,0
Phillips,PRECINCT 0015,Commissioner of State Lands,,LIB,T.J. Campbell,5,1,2,2,0,0
Phillips,PRECINCT 0016,Commissioner of State Lands,,LIB,T.J. Campbell,3,3,0,0,0,0
Phillips,PRECINCT 0017,Commissioner of State Lands,,LIB,T.J. Campbell,1,1,0,0,0,0
Phillips,PRECINCT 0001,State Representative District 12,,DEM,Representative Chris Richey,811,156,630,25,0,0
Phillips,PRECINCT 0002,State Representative District 12,,DEM,Representative Chris Richey,7,0,7,0,0,0
Phillips,PRECINCT 0003,State Representative District 12,,DEM,Representative Chris Richey,669,190,454,25,0,0
Phillips,PRECINCT 0004,State Representative District 12,,DEM,Representative Chris Richey,1,0,1,0,0,0
Phillips,PRECINCT 0005,State Representative District 12,,DEM,Representative Chris Richey,222,71,149,2,0,0
Phillips,PRECINCT 0006,State Representative District 12,,DEM,Representative Chris Richey,562,142,388,32,0,0
Phillips,PRECINCT 0007,State Representative District 12,,DEM,Representative Chris Richey,182,63,117,2,0,0
Phillips,PRECINCT 0008,State Representative District 12,,DEM,Representative Chris Richey,128,71,52,5,0,0
Phillips,PRECINCT 0009,State Representative District 12,,DEM,Representative Chris Richey,135,77,51,7,0,0
Phillips,PRECINCT 0010,State Representative District 12,,DEM,Representative Chris Richey,89,63,23,3,0,0
Phillips,PRECINCT 0011,State Representative District 12,,DEM,Representative Chris Richey,107,80,26,1,0,0
Phillips,PRECINCT 0012,State Representative District 12,,DEM,Representative Chris Richey,54,30,17,7,0,0
Phillips,PRECINCT 0013,State Representative District 12,,DEM,Representative Chris Richey,257,174,70,13,0,0
Phillips,PRECINCT 0014,State Representative District 12,,DEM,Representative Chris Richey,41,29,8,4,0,0
Phillips,PRECINCT 0015,State Representative District 12,,DEM,Representative Chris Richey,175,77,48,50,0,0
Phillips,PRECINCT 0016,State Representative District 12,,DEM,Representative Chris Richey,139,63,29,47,0,0
Phillips,PRECINCT 0017,State Representative District 12,,DEM,Representative Chris Richey,18,13,1,4,0,0
Phillips,PRECINCT 0001,State Representative District 12,,REP,Jason Dobson,245,73,167,5,0,0
Phillips,PRECINCT 0002,State Representative District 12,,REP,Jason Dobson,1,1,0,0,0,0
Phillips,PRECINCT 0003,State Representative District 12,,REP,Jason Dobson,289,137,149,3,0,0
Phillips,PRECINCT 0004,State Representative District 12,,REP,Jason Dobson,0,0,0,0,0,0
Phillips,PRECINCT 0005,State Representative District 12,,REP,Jason Dobson,72,18,52,2,0,0
Phillips,PRECINCT 0006,State Representative District 12,,REP,Jason Dobson,45,13,31,1,0,0
Phillips,PRECINCT 0007,State Representative District 12,,REP,Jason Dobson,238,105,131,2,0,0
Phillips,PRECINCT 0008,State Representative District 12,,REP,Jason Dobson,91,50,38,3,0,0
Phillips,PRECINCT 0009,State Representative District 12,,REP,Jason Dobson,86,62,23,1,0,0
Phillips,PRECINCT 0010,State Representative District 12,,REP,Jason Dobson,224,162,58,4,0,0
Phillips,PRECINCT 0011,State Representative District 12,,REP,Jason Dobson,79,66,12,1,0,0
Phillips,PRECINCT 0012,State Representative District 12,,REP,Jason Dobson,21,21,0,0,0,0
Phillips,PRECINCT 0013,State Representative District 12,,REP,Jason Dobson,153,109,41,3,0,0
Phillips,PRECINCT 0014,State Representative District 12,,REP,Jason Dobson,80,72,7,1,0,0
Phillips,PRECINCT 0015,State Representative District 12,,REP,Jason Dobson,10,6,3,1,0,0
Phillips,PRECINCT 0016,State Representative District 12,,REP,Jason Dobson,152,140,12,0,0,0
Phillips,PRECINCT 0017,State Representative District 12,,REP,Jason Dobson,30,29,1,0,0,0
Phillips,PRECINCT 0001,PHILLIPS COUNTY SHERIFF,,IND,JAMES HAYNES,139,45,94,0,0,0
Phillips,PRECINCT 0002,PHILLIPS COUNTY SHERIFF,,IND,JAMES HAYNES,0,0,0,0,0,0
Phillips,PRECINCT 0003,PHILLIPS COUNTY SHERIFF,,IND,JAMES HAYNES,160,76,82,2,0,0
Phillips,PRECINCT 0004,PHILLIPS COUNTY SHERIFF,,IND,JAMES HAYNES,0,0,0,0,0,0
Phillips,PRECINCT 0005,PHILLIPS COUNTY SHERIFF,,IND,JAMES HAYNES,48,17,31,0,0,0
Phillips,PRECINCT 0006,PHILLIPS COUNTY SHERIFF,,IND,JAMES HAYNES,57,11,46,0,0,0
Phillips,PRECINCT 0007,PHILLIPS COUNTY SHERIFF,,IND,JAMES HAYNES,132,51,79,2,0,0
Phillips,PRECINCT 0008,PHILLIPS COUNTY SHERIFF,,IND,JAMES HAYNES,59,31,26,2,0,0
Phillips,PRECINCT 0009,PHILLIPS COUNTY SHERIFF,,IND,JAMES HAYNES,76,63,13,0,0,0
Phillips,PRECINCT 0010,PHILLIPS COUNTY SHERIFF,,IND,JAMES HAYNES,142,102,36,4,0,0
Phillips,PRECINCT 0011,PHILLIPS COUNTY SHERIFF,,IND,JAMES HAYNES,30,28,1,1,0,0
Phillips,PRECINCT 0012,PHILLIPS COUNTY SHERIFF,,IND,JAMES HAYNES,10,10,0,0,0,0
Phillips,PRECINCT 0013,PHILLIPS COUNTY SHERIFF,,IND,JAMES HAYNES,54,40,14,0,0,0
Phillips,PRECINCT 0014,PHILLIPS COUNTY SHERIFF,,IND,JAMES HAYNES,22,21,1,0,0,0
Phillips,PRECINCT 0015,PHILLIPS COUNTY SHERIFF,,IND,JAMES HAYNES,11,7,2,2,0,0
Phillips,PRECINCT 0016,PHILLIPS COUNTY SHERIFF,,IND,JAMES HAYNES,73,65,7,1,0,0
Phillips,PRECINCT 0017,PHILLIPS COUNTY SHERIFF,,IND,JAMES HAYNES,13,13,0,0,0,0
Phillips,PRECINCT 0001,PHILLIPS COUNTY SHERIFF,,DEM,NEAL BYRD,949,190,728,31,0,0
Phillips,PRECINCT 0002,PHILLIPS COUNTY SHERIFF,,DEM,NEAL BYRD,8,1,7,0,0,0
Phillips,PRECINCT 0003,PHILLIPS COUNTY SHERIFF,,DEM,NEAL BYRD,821,254,541,26,0,0
Phillips,PRECINCT 0004,PHILLIPS COUNTY SHERIFF,,DEM,NEAL BYRD,1,0,1,0,0,0
Phillips,PRECINCT 0005,PHILLIPS COUNTY SHERIFF,,DEM,NEAL BYRD,261,75,182,4,0,0
Phillips,PRECINCT 0006,PHILLIPS COUNTY SHERIFF,,DEM,NEAL BYRD,576,147,394,35,0,0
Phillips,PRECINCT 0007,PHILLIPS COUNTY SHERIFF,,DEM,NEAL BYRD,293,119,172,2,0,0
Phillips,PRECINCT 0008,PHILLIPS COUNTY SHERIFF,,DEM,NEAL BYRD,155,87,62,6,0,0
Phillips,PRECINCT 0009,PHILLIPS COUNTY SHERIFF,,DEM,NEAL BYRD,147,78,61,8,0,0
Phillips,PRECINCT 0010,PHILLIPS COUNTY SHERIFF,,DEM,NEAL BYRD,172,124,45,3,0,0
Phillips,PRECINCT 0011,PHILLIPS COUNTY SHERIFF,,DEM,NEAL BYRD,156,117,38,1,0,0
Phillips,PRECINCT 0012,PHILLIPS COUNTY SHERIFF,,DEM,NEAL BYRD,67,42,18,7,0,0
Phillips,PRECINCT 0013,PHILLIPS COUNTY SHERIFF,,DEM,NEAL BYRD,364,249,99,16,0,0
Phillips,PRECINCT 0014,PHILLIPS COUNTY SHERIFF,,DEM,NEAL BYRD,101,82,14,5,0,0
Phillips,PRECINCT 0015,PHILLIPS COUNTY SHERIFF,,DEM,NEAL BYRD,182,80,53,49,0,0
Phillips,PRECINCT 0016,PHILLIPS COUNTY SHERIFF,,DEM,NEAL BYRD,218,136,37,45,0,0
Phillips,PRECINCT 0017,PHILLIPS COUNTY SHERIFF,,DEM,NEAL BYRD,35,29,2,4,0,0
Phillips,PRECINCT 0001,PHILLIPS COUNTY TREASURER,,IND,"SANTRESA ""TOT"" MAYFIELD",373,66,297,10,0,0
Phillips,PRECINCT 0002,PHILLIPS COUNTY TREASURER,,IND,"SANTRESA ""TOT"" MAYFIELD",5,0,5,0,0,0
Phillips,PRECINCT 0003,PHILLIPS COUNTY TREASURER,,IND,"SANTRESA ""TOT"" MAYFIELD",359,110,230,19,0,0
Phillips,PRECINCT 0004,PHILLIPS COUNTY TREASURER,,IND,"SANTRESA ""TOT"" MAYFIELD",0,0,0,0,0,0
Phillips,PRECINCT 0005,PHILLIPS COUNTY TREASURER,,IND,"SANTRESA ""TOT"" MAYFIELD",107,36,70,1,0,0
Phillips,PRECINCT 0006,PHILLIPS COUNTY TREASURER,,IND,"SANTRESA ""TOT"" MAYFIELD",313,68,221,24,0,0
Phillips,PRECINCT 0007,PHILLIPS COUNTY TREASURER,,IND,"SANTRESA ""TOT"" MAYFIELD",97,38,58,1,0,0
Phillips,PRECINCT 0008,PHILLIPS COUNTY TREASURER,,IND,"SANTRESA ""TOT"" MAYFIELD",66,34,28,4,0,0
Phillips,PRECINCT 0009,PHILLIPS COUNTY TREASURER,,IND,"SANTRESA ""TOT"" MAYFIELD",67,31,30,6,0,0
Phillips,PRECINCT 0010,PHILLIPS COUNTY TREASURER,,IND,"SANTRESA ""TOT"" MAYFIELD",57,46,10,1,0,0
Phillips,PRECINCT 0011,PHILLIPS COUNTY TREASURER,,IND,"SANTRESA ""TOT"" MAYFIELD",45,35,9,1,0,0
Phillips,PRECINCT 0012,PHILLIPS COUNTY TREASURER,,IND,"SANTRESA ""TOT"" MAYFIELD",28,13,8,7,0,0
Phillips,PRECINCT 0013,PHILLIPS COUNTY TREASURER,,IND,"SANTRESA ""TOT"" MAYFIELD",101,66,30,5,0,0
Phillips,PRECINCT 0014,PHILLIPS COUNTY TREASURER,,IND,"SANTRESA ""TOT"" MAYFIELD",22,14,4,4,0,0
Phillips,PRECINCT 0015,PHILLIPS COUNTY TREASURER,,IND,"SANTRESA ""TOT"" MAYFIELD",139,64,34,41,0,0
Phillips,PRECINCT 0016,PHILLIPS COUNTY TREASURER,,IND,"SANTRESA ""TOT"" MAYFIELD",152,74,32,46,0,0
Phillips,PRECINCT 0017,PHILLIPS COUNTY TREASURER,,IND,"SANTRESA ""TOT"" MAYFIELD",16,11,1,4,0,0
Phillips,PRECINCT 0001,PHILLIPS COUNTY TREASURER,,DEM,JEREMY MONEYMAKER,688,163,505,20,0,0
Phillips,PRECINCT 0002,PHILLIPS COUNTY TREASURER,,DEM,JEREMY MONEYMAKER,3,1,2,0,0,0
Phillips,PRECINCT 0003,PHILLIPS COUNTY TREASURER,,DEM,JEREMY MONEYMAKER,617,221,387,9,0,0
Phillips,PRECINCT 0004,PHILLIPS COUNTY TREASURER,,DEM,JEREMY MONEYMAKER,1,0,1,0,0,0
Phillips,PRECINCT 0005,PHILLIPS COUNTY TREASURER,,DEM,JEREMY MONEYMAKER,192,52,138,2,0,0
Phillips,PRECINCT 0006,PHILLIPS COUNTY TREASURER,,DEM,JEREMY MONEYMAKER,293,85,201,7,0,0
Phillips,PRECINCT 0007,PHILLIPS COUNTY TREASURER,,DEM,JEREMY MONEYMAKER,321,130,188,3,0,0
Phillips,PRECINCT 0008,PHILLIPS COUNTY TREASURER,,DEM,JEREMY MONEYMAKER,149,84,61,4,0,0
Phillips,PRECINCT 0009,PHILLIPS COUNTY TREASURER,,DEM,JEREMY MONEYMAKER,154,108,44,2,0,0
Phillips,PRECINCT 0010,PHILLIPS COUNTY TREASURER,,DEM,JEREMY MONEYMAKER,254,180,68,6,0,0
Phillips,PRECINCT 0011,PHILLIPS COUNTY TREASURER,,DEM,JEREMY MONEYMAKER,137,107,29,1,0,0
Phillips,PRECINCT 0012,PHILLIPS COUNTY TREASURER,,DEM,JEREMY MONEYMAKER,48,38,10,0,0,0
Phillips,PRECINCT 0013,PHILLIPS COUNTY TREASURER,,DEM,JEREMY MONEYMAKER,308,216,82,10,0,0
Phillips,PRECINCT 0014,PHILLIPS COUNTY TREASURER,,DEM,JEREMY MONEYMAKER,93,81,11,1,0,0
Phillips,PRECINCT 0015,PHILLIPS COUNTY TREASURER,,DEM,JEREMY MONEYMAKER,51,21,20,10,0,0
Phillips,PRECINCT 0016,PHILLIPS COUNTY TREASURER,,DEM,JEREMY MONEYMAKER,139,127,11,1,0,0
Phillips,PRECINCT 0017,PHILLIPS COUNTY TREASURER,,DEM,JEREMY MONEYMAKER,32,31,1,0,0,0
Phillips,PRECINCT 0001,PHILLIPS COUNTY J P DISTRICT 2,,IND,DERWARD MAULDIN,118,17,99,2,0,0
Phillips,PRECINCT 0005,PHILLIPS COUNTY J P DISTRICT 2,,IND,DERWARD MAULDIN,47,13,32,2,0,0
Phillips,PRECINCT 0007,PHILLIPS COUNTY J P DISTRICT 2,,IND,DERWARD MAULDIN,3,2,1,0,0,0
Phillips,PRECINCT 0001,PHILLIPS COUNTY J P DISTRICT 2,,DEM,BUDDY CARTER,187,24,157,6,0,0
Phillips,PRECINCT 0005,PHILLIPS COUNTY J P DISTRICT 2,,DEM,BUDDY CARTER,49,17,30,2,0,0
Phillips,PRECINCT 0007,PHILLIPS COUNTY J P DISTRICT 2,,DEM,BUDDY CARTER,1,1,0,0,0,0
Phillips,PRECINCT 0007,PHILLIPS COUNTY J P DISTRICT 9,,DEM,LITA M. MOORE-JOHNSON,23,11,11,1,0,0
Phillips,PRECINCT 0009,PHILLIPS COUNTY J P DISTRICT 9,,DEM,LITA M. MOORE-JOHNSON,110,58,46,6,0,0
Phillips,PRECINCT 0012,PHILLIPS COUNTY J P DISTRICT 9,,DEM,LITA M. MOORE-JOHNSON,3,0,0,3,0,0
Phillips,PRECINCT 0015,PHILLIPS COUNTY J P DISTRICT 9,,DEM,LITA M. MOORE-JOHNSON,166,75,45,46,0,0
Phillips,PRECINCT 0007,PHILLIPS COUNTY J P DISTRICT 9,,IND,"MICHAEL ""MICKEY"" YOUNG",87,38,49,0,0,0
Phillips,PRECINCT 0009,PHILLIPS COUNTY J P DISTRICT 9,,IND,"MICHAEL ""MICKEY"" YOUNG",107,77,28,2,0,0
Phillips,PRECINCT 0012,PHILLIPS COUNTY J P DISTRICT 9,,IND,"MICHAEL ""MICKEY"" YOUNG",0,0,0,0,0,0
Phillips,PRECINCT 0015,PHILLIPS COUNTY J P DISTRICT 9,,IND,"MICHAEL ""MICKEY"" YOUNG",10,7,2,1,0,0
Phillips,PRECINCT 0012,PHILLIPS COUNTY JP DISTRICT 10,,DEM,"CLAUSEY B. MYTON, SR.",12,5,7,0,0,0
Phillips,PRECINCT 0013,PHILLIPS COUNTY JP DISTRICT 10,,DEM,"CLAUSEY B. MYTON, SR.",253,171,68,14,0,0
Phillips,PRECINCT 0014,PHILLIPS COUNTY JP DISTRICT 10,,DEM,"CLAUSEY B. MYTON, SR.",16,10,5,1,0,0
Phillips,PRECINCT 0012,PHILLIPS COUNTY JP DISTRICT 10,,REP,FRANCES SCHELL,5,5,0,0,0,0
Phillips,PRECINCT 0013,PHILLIPS COUNTY JP DISTRICT 10,,REP,FRANCES SCHELL,163,116,45,2,0,0
Phillips,PRECINCT 0014,PHILLIPS COUNTY JP DISTRICT 10,,REP,FRANCES SCHELL,30,28,2,0,0,0
Phillips,PRECINCT 0001,MAYOR CITY OF HELENA HELENA-WEST HELENA,,IND,KEVIN SMITH,432,104,320,8,0,0
Phillips,PRECINCT 0003,MAYOR CITY OF HELENA HELENA-WEST HELENA,,IND,KEVIN SMITH,466,161,297,8,0,0
Phillips,PRECINCT 0004,MAYOR CITY OF HELENA HELENA-WEST HELENA,,IND,KEVIN SMITH,1,0,1,0,0,0
Phillips,PRECINCT 0005,MAYOR CITY OF HELENA HELENA-WEST HELENA,,IND,KEVIN SMITH,115,32,82,1,0,0
Phillips,PRECINCT 0006,MAYOR CITY OF HELENA HELENA-WEST HELENA,,IND,KEVIN SMITH,152,33,114,5,0,0
Phillips,PRECINCT 0001,MAYOR CITY OF HELENA HELENA-WEST HELENA,,IND,"JAMES F. ""JF"" VALLEY",380,68,298,14,0,0
Phillips,PRECINCT 0003,MAYOR CITY OF HELENA HELENA-WEST HELENA,,IND,"JAMES F. ""JF"" VALLEY",311,100,197,14,0,0
Phillips,PRECINCT 0004,MAYOR CITY OF HELENA HELENA-WEST HELENA,,IND,"JAMES F. ""JF"" VALLEY",0,0,0,0,0,0
Phillips,PRECINCT 0005,MAYOR CITY OF HELENA HELENA-WEST HELENA,,IND,"JAMES F. ""JF"" VALLEY",128,44,83,1,0,0
Phillips,PRECINCT 0006,MAYOR CITY OF HELENA HELENA-WEST HELENA,,IND,"JAMES F. ""JF"" VALLEY",379,95,258,26,0,0
Phillips,PRECINCT 0001,MAYOR CITY OF HELENA HELENA-WEST HELENA,,IND,DAVID LIBRACE,15,3,11,1,0,0
Phillips,PRECINCT 0003,MAYOR CITY OF HELENA HELENA-WEST HELENA,,IND,DAVID LIBRACE,19,9,10,0,0,0
Phillips,PRECINCT 0004,MAYOR CITY OF HELENA HELENA-WEST HELENA,,IND,DAVID LIBRACE,0,0,0,0,0,0
Phillips,PRECINCT 0005,MAYOR CITY OF HELENA HELENA-WEST HELENA,,IND,DAVID LIBRACE,5,1,3,1,0,0
Phillips,PRECINCT 0006,MAYOR CITY OF HELENA HELENA-WEST HELENA,,IND,DAVID LIBRACE,18,4,12,2,0,0
Phillips,PRECINCT 0001,MAYOR CITY OF HELENA HELENA-WEST HELENA,,IND,"JAY HOLLOWELL, MAYOR",239,55,179,5,0,0
Phillips,PRECINCT 0003,MAYOR CITY OF HELENA HELENA-WEST HELENA,,IND,"JAY HOLLOWELL, MAYOR",182,63,113,6,0,0
Phillips,PRECINCT 0004,MAYOR CITY OF HELENA HELENA-WEST HELENA,,IND,"JAY HOLLOWELL, MAYOR",0,0,0,0,0,0
Phillips,PRECINCT 0005,MAYOR CITY OF HELENA HELENA-WEST HELENA,,IND,"JAY HOLLOWELL, MAYOR",58,12,45,1,0,0
Phillips,PRECINCT 0006,MAYOR CITY OF HELENA HELENA-WEST HELENA,,IND,"JAY HOLLOWELL, MAYOR",87,28,57,2,0,0
Phillips,PRECINCT 0001,TREASURER CITY OF HELENA HELENA-WEST HELENA,,IND,KRYSTAL JOHNSON,445,111,327,7,0,0
Phillips,PRECINCT 0003,TREASURER CITY OF HELENA HELENA-WEST HELENA,,IND,KRYSTAL JOHNSON,488,191,288,9,0,0
Phillips,PRECINCT 0004,TREASURER CITY OF HELENA HELENA-WEST HELENA,,IND,KRYSTAL JOHNSON,0,0,0,0,0,0
Phillips,PRECINCT 0005,TREASURER CITY OF HELENA HELENA-WEST HELENA,,IND,KRYSTAL JOHNSON,166,58,106,2,0,0
Phillips,PRECINCT 0006,TREASURER CITY OF HELENA HELENA-WEST HELENA,,IND,KRYSTAL JOHNSON,308,81,207,20,0,0
Phillips,PRECINCT 0001,TREASURER CITY OF HELENA HELENA-WEST HELENA,,IND,DERRICK TURNER,538,99,422,17,0,0
Phillips,PRECINCT 0003,TREASURER CITY OF HELENA HELENA-WEST HELENA,,IND,DERRICK TURNER,448,129,300,19,0,0
Phillips,PRECINCT 0004,TREASURER CITY OF HELENA HELENA-WEST HELENA,,IND,DERRICK TURNER,1,0,1,0,0,0
Phillips,PRECINCT 0005,TREASURER CITY OF HELENA HELENA-WEST HELENA,,IND,DERRICK TURNER,122,26,94,2,0,0
Phillips,PRECINCT 0006,TREASURER CITY OF HELENA HELENA-WEST HELENA,,IND,DERRICK TURNER,300,73,214,13,0,0
Phillips,PRECINCT 0001,HELENA ALDERMAN WARD 1 POS. 1 HWH WARD 1,,IND,EVER JEAN FORD,538,108,414,16,0,0
Phillips,PRECINCT 0001,HELENA ALDERMAN WARD 1 POS. 1 HWH WARD 1,,IND,DICK PARKER,194,52,136,6,0,0
Phillips,PRECINCT 0001,HELENA ALDERMAN WARD 1 POS. 1 HWH WARD 1,,IND,ERIC P. MARTIN,273,57,212,4,0,0
Phillips,PRECINCT 0001,HELENA ALDERMAN WARD 1 POS. 2 HELENA-WEST HELENA,,IND,BRUCE HUDSON,205,53,149,3,0,0
Phillips,PRECINCT 0003,HELENA ALDERMAN WARD 1 POS. 2 HELENA-WEST HELENA,,IND,BRUCE HUDSON,245,107,133,5,0,0
Phillips,PRECINCT 0004,HELENA ALDERMAN WARD 1 POS. 2 HELENA-WEST HELENA,,IND,BRUCE HUDSON,0,0,0,0,0,0
Phillips,PRECINCT 0005,HELENA ALDERMAN WARD 1 POS. 2 HELENA-WEST HELENA,,IND,BRUCE HUDSON,55,12,42,1,0,0
Phillips,PRECINCT 0006,HELENA ALDERMAN WARD 1 POS. 2 HELENA-WEST HELENA,,IND,BRUCE HUDSON,127,36,88,3,0,0
Phillips,PRECINCT 0001,HELENA ALDERMAN WARD 1 POS. 2 HELENA-WEST HELENA,,IND,TERRANCE W. CLARK,250,57,186,7,0,0
Phillips,PRECINCT 0003,HELENA ALDERMAN WARD 1 POS. 2 HELENA-WEST HELENA,,IND,TERRANCE W. CLARK,227,70,151,6,0,0
Phillips,PRECINCT 0004,HELENA ALDERMAN WARD 1 POS. 2 HELENA-WEST HELENA,,IND,TERRANCE W. CLARK,0,0,0,0,0,0
Phillips,PRECINCT 0005,HELENA ALDERMAN WARD 1 POS. 2 HELENA-WEST HELENA,,IND,TERRANCE W. CLARK,56,10,44,2,0,0
Phillips,PRECINCT 0006,HELENA ALDERMAN WARD 1 POS. 2 HELENA-WEST HELENA,,IND,TERRANCE W. CLARK,65,15,48,2,0,0
Phillips,PRECINCT 0001,HELENA ALDERMAN WARD 1 POS. 2 HELENA-WEST HELENA,,IND,WANDA CROCKETT,549,103,431,15,0,0
Phillips,PRECINCT 0003,HELENA ALDERMAN WARD 1 POS. 2 HELENA-WEST HELENA,,IND,WANDA CROCKETT,482,150,316,16,0,0
Phillips,PRECINCT 0004,HELENA ALDERMAN WARD 1 POS. 2 HELENA-WEST HELENA,,IND,WANDA CROCKETT,1,0,1,0,0,0
Phillips,PRECINCT 0005,HELENA ALDERMAN WARD 1 POS. 2 HELENA-WEST HELENA,,IND,WANDA CROCKETT,181,63,117,1,0,0
Phillips,PRECINCT 0006,HELENA ALDERMAN WARD 1 POS. 2 HELENA-WEST HELENA,,IND,WANDA CROCKETT,419,107,285,27,0,0
Phillips,PRECINCT 0003,HELENA ALDERMAN WARD 2 POS.1 HWH WARD 2,,IND,JOE ST. COLUMBIA,413,160,248,5,0,0
Phillips,PRECINCT 0003,HELENA ALDERMAN WARD 2 POS.1 HWH WARD 2,,IND,"JOHN H. HUFF, JR.",427,128,281,18,0,0
Phillips,PRECINCT 0003,HELENA ALDERMAN WARD 2 POS.1 HWH WARD 2,,IND,LAYMON PIERCY,116,39,72,5,0,0
Phillips,PRECINCT 0001,HELENA ALDERMAN WARD 2 POS. 2 HELENA-WEST HELENA,,IND,WILLIAM LARRY EVANS,205,42,159,4,0,0
Phillips,PRECINCT 0003,HELENA ALDERMAN WARD 2 POS. 2 HELENA-WEST HELENA,,IND,WILLIAM LARRY EVANS,111,32,77,2,0,0
Phillips,PRECINCT 0004,HELENA ALDERMAN WARD 2 POS. 2 HELENA-WEST HELENA,,IND,WILLIAM LARRY EVANS,0,0,0,0,0,0
Phillips,PRECINCT 0005,HELENA ALDERMAN WARD 2 POS. 2 HELENA-WEST HELENA,,IND,WILLIAM LARRY EVANS,52,21,31,0,0,0
Phillips,PRECINCT 0006,HELENA ALDERMAN WARD 2 POS. 2 HELENA-WEST HELENA,,IND,WILLIAM LARRY EVANS,145,37,99,9,0,0
Phillips,PRECINCT 0001,HELENA ALDERMAN WARD 2 POS. 2 HELENA-WEST HELENA,,IND,REV. JAMES BROWNLEE,78,18,59,1,0,0
Phillips,PRECINCT 0003,HELENA ALDERMAN WARD 2 POS. 2 HELENA-WEST HELENA,,IND,REV. JAMES BROWNLEE,54,16,36,2,0,0
Phillips,PRECINCT 0004,HELENA ALDERMAN WARD 2 POS. 2 HELENA-WEST HELENA,,IND,REV. JAMES BROWNLEE,0,0,0,0,0,0
Phillips,PRECINCT 0005,HELENA ALDERMAN WARD 2 POS. 2 HELENA-WEST HELENA,,IND,REV. JAMES BROWNLEE,26,9,16,1,0,0
Phillips,PRECINCT 0006,HELENA ALDERMAN WARD 2 POS. 2 HELENA-WEST HELENA,,IND,REV. JAMES BROWNLEE,47,16,30,1,0,0
Phillips,PRECINCT 0001,HELENA ALDERMAN WARD 2 POS. 2 HELENA-WEST HELENA,,IND,"CHRISTOPHER ""FOE FOE"" FRANKLIN",363,60,290,13,0,0
Phillips,PRECINCT 0003,HELENA ALDERMAN WARD 2 POS. 2 HELENA-WEST HELENA,,IND,"CHRISTOPHER ""FOE FOE"" FRANKLIN",410,133,261,16,0,0
Phillips,PRECINCT 0004,HELENA ALDERMAN WARD 2 POS. 2 HELENA-WEST HELENA,,IND,"CHRISTOPHER ""FOE FOE"" FRANKLIN",1,0,1,0,0,0
Phillips,PRECINCT 0005,HELENA ALDERMAN WARD 2 POS. 2 HELENA-WEST HELENA,,IND,"CHRISTOPHER ""FOE FOE"" FRANKLIN",140,45,93,2,0,0
Phillips,PRECINCT 0006,HELENA ALDERMAN WARD 2 POS. 2 HELENA-WEST HELENA,,IND,"CHRISTOPHER ""FOE FOE"" FRANKLIN",342,92,229,21,0,0
Phillips,PRECINCT 0001,HELENA ALDERMAN WARD 2 POS. 2 HELENA-WEST HELENA,,IND,ADRIAN C. MESSINA,384,102,272,10,0,0
Phillips,PRECINCT 0003,HELENA ALDERMAN WARD 2 POS. 2 HELENA-WEST HELENA,,IND,ADRIAN C. MESSINA,387,148,231,8,0,0
Phillips,PRECINCT 0004,HELENA ALDERMAN WARD 2 POS. 2 HELENA-WEST HELENA,,IND,ADRIAN C. MESSINA,0,0,0,0,0,0
Phillips,PRECINCT 0005,HELENA ALDERMAN WARD 2 POS. 2 HELENA-WEST HELENA,,IND,ADRIAN C. MESSINA,88,15,72,1,0,0
Phillips,PRECINCT 0006,HELENA ALDERMAN WARD 2 POS. 2 HELENA-WEST HELENA,,IND,ADRIAN C. MESSINA,78,14,62,2,0,0
Phillips,PRECINCT 0005,HELENA ALDERMAN WARD 3 POS. 1 HWH WARD 3,,IND,LARRY BROWN,113,32,79,2,0,0
Phillips,PRECINCT 0006,HELENA ALDERMAN WARD 3 POS. 1 HWH WARD 3,,IND,LARRY BROWN,172,39,124,9,0,0
Phillips,PRECINCT 0005,HELENA ALDERMAN WARD 3 POS. 1 HWH WARD 3,,IND,MONICA CARTWRIGHT DAVIS,90,28,60,2,0,0
Phillips,PRECINCT 0006,HELENA ALDERMAN WARD 3 POS. 1 HWH WARD 3,,IND,MONICA CARTWRIGHT DAVIS,259,75,174,10,0,0
Phillips,PRECINCT 0005,HELENA ALDERMAN WARD 3 POS. 1 HWH WARD 3,,IND,LEWIS O'NEAL,91,26,65,0,0,0
Phillips,PRECINCT 0006,HELENA ALDERMAN WARD 3 POS. 1 HWH WARD 3,,IND,LEWIS O'NEAL,190,46,130,14,0,0
Phillips,PRECINCT 0001,HELENA ALDERMAN WARD 3 POS. 2 HELENA-WEST HELENA,,IND,VIVIAN HOLDER,195,43,150,2,0,0
Phillips,PRECINCT 0003,HELENA ALDERMAN WARD 3 POS. 2 HELENA-WEST HELENA,,IND,VIVIAN HOLDER,241,69,164,8,0,0
Phillips,PRECINCT 0004,HELENA ALDERMAN WARD 3 POS. 2 HELENA-WEST HELENA,,IND,VIVIAN HOLDER,0,0,0,0,0,0
Phillips,PRECINCT 0005,HELENA ALDERMAN WARD 3 POS. 2 HELENA-WEST HELENA,,IND,VIVIAN HOLDER,93,30,62,1,0,0
Phillips,PRECINCT 0006,HELENA ALDERMAN WARD 3 POS. 2 HELENA-WEST HELENA,,IND,VIVIAN HOLDER,198,57,138,3,0,0
Phillips,PRECINCT 0001,HELENA ALDERMAN WARD 3 POS. 2 HELENA-WEST HELENA,,IND,LINDA K. SHELBY,139,35,102,2,0,0
Phillips,PRECINCT 0003,HELENA ALDERMAN WARD 3 POS. 2 HELENA-WEST HELENA,,IND,LINDA K. SHELBY,112,33,77,2,0,0
Phillips,PRECINCT 0004,HELENA ALDERMAN WARD 3 POS. 2 HELENA-WEST HELENA,,IND,LINDA K. SHELBY,0,0,0,0,0,0
Phillips,PRECINCT 0005,HELENA ALDERMAN WARD 3 POS. 2 HELENA-WEST HELENA,,IND,LINDA K. SHELBY,40,17,22,1,0,0
Phillips,PRECINCT 0006,HELENA ALDERMAN WARD 3 POS. 2 HELENA-WEST HELENA,,IND,LINDA K. SHELBY,104,19,78,7,0,0
Phillips,PRECINCT 0001,HELENA ALDERMAN WARD 3 POS. 2 HELENA-WEST HELENA,,IND,ALDERMAN DON ETHERLY,393,65,313,15,0,0
Phillips,PRECINCT 0003,HELENA ALDERMAN WARD 3 POS. 2 HELENA-WEST HELENA,,IND,ALDERMAN DON ETHERLY,302,98,193,11,0,0
Phillips,PRECINCT 0004,HELENA ALDERMAN WARD 3 POS. 2 HELENA-WEST HELENA,,IND,ALDERMAN DON ETHERLY,1,0,1,0,0,0
Phillips,PRECINCT 0005,HELENA ALDERMAN WARD 3 POS. 2 HELENA-WEST HELENA,,IND,ALDERMAN DON ETHERLY,97,30,66,1,0,0
Phillips,PRECINCT 0006,HELENA ALDERMAN WARD 3 POS. 2 HELENA-WEST HELENA,,IND,ALDERMAN DON ETHERLY,257,66,171,20,0,0
Phillips,PRECINCT 0001,HELENA ALDERMAN WARD 3 POS. 2 HELENA-WEST HELENA,,IND,WAYNE ANDERSON,285,71,206,8,0,0
Phillips,PRECINCT 0003,HELENA ALDERMAN WARD 3 POS. 2 HELENA-WEST HELENA,,IND,WAYNE ANDERSON,304,120,177,7,0,0
Phillips,PRECINCT 0004,HELENA ALDERMAN WARD 3 POS. 2 HELENA-WEST HELENA,,IND,WAYNE ANDERSON,0,0,0,0,0,0
Phillips,PRECINCT 0005,HELENA ALDERMAN WARD 3 POS. 2 HELENA-WEST HELENA,,IND,WAYNE ANDERSON,72,11,60,1,0,0
Phillips,PRECINCT 0006,HELENA ALDERMAN WARD 3 POS. 2 HELENA-WEST HELENA,,IND,WAYNE ANDERSON,60,15,42,3,0,0
Phillips,PRECINCT 0013,MARVELL MAYOR,,IND,LEE GUEST,192,128,56,8,0,0
Phillips,PRECINCT 0013,MARVELL MAYOR,,IND,"WILLIE ANN ""PROWELL"" JACKSON",43,27,11,5,0,0
Phillips,PRECINCT 0013,MARVELL MAYOR,,IND,"LEROY ""CHOO-CHOO"" POWELL",100,68,29,3,0,0
Phillips,PRECINCT 0016,ELAINE MAYOR,,IND,LEONARD FRANKLIN,91,80,7,4,0,0
Phillips,PRECINCT 0016,ELAINE MAYOR,,IND,MICHAEL CRAVENS,109,55,18,36,0,0
Phillips,PRECINCT 0016,ELAINE CITY CLERK / TREASURER,,IND,PATRICIA CAERY,99,69,14,16,0,0
Phillips,PRECINCT 0016,ELAINE CITY CLERK / TREASURER,,IND,SANDRA L. CARLTON,96,64,10,22,0,0
Phillips,PRECINCT 0016,ELAINE ALDERMAN WARD 2 POS. 1,,IND,JOHN HARPER,110,94,13,3,0,0
Phillips,PRECINCT 0016,ELAINE ALDERMAN WARD 2 POS. 1,,IND,"REBECCA ""BECKIE"" GORMAN",84,39,10,35,0,0
Phillips,PRECINCT 0016,ELAINE ALDERMAN WARD 2 POS. 2,,IND,NANCY WEBSTER,148,90,21,37,0,0
Phillips,PRECINCT 0016,ELAINE ALDERMAN WARD 2 POS. 2,,IND,CONNIE DOPSON MILLER,50,44,3,3,0,0
Phillips,PRECINCT 0010,LEXA MAYOR,,IND,JASON TURNER,91,85,6,0,0,0
Phillips,PRECINCT 0010,LEXA MAYOR,,IND,"DAVID LEE TREADWAY, JR.",29,24,4,1,0,0
Phillips,PRECINCT 0010,LEXA ALDERMAN POS. 1,,IND,KAY WILSON,79,74,4,1,0,0
Phillips,PRECINCT 0010,LEXA ALDERMAN POS. 1,,IND,MARVIN MATHEWS,42,36,6,0,0,0
Phillips,PRECINCT 0010,LEXA ALDERMAN POS. 4,,IND,ORA CARRUTH,66,59,7,0,0,0
Phillips,PRECINCT 0010,LEXA ALDERMAN POS. 4,,IND,BOB J. DUREN,54,50,3,1,0,0
Phillips,PRECINCT 0015,LAKEVIEW MAYOR,,IND,DARRIN DAVIS,131,60,27,44,0,0
Phillips,PRECINCT 0015,LAKEVIEW MAYOR,,IND,"ROY H. KING, JR.",22,15,7,0,0,0
Phillips,PRECINCT 0015,LAKEVIEW ALDERMAN WARD 2 POS 1,,IND,EVA GAMMON,95,41,19,35,0,0
Phillips,PRECINCT 0015,LAKEVIEW ALDERMAN WARD 2 POS 1,,IND,MAN CHILDS,49,30,15,4,0,0
Phillips,PRECINCT 0015,LAKEVIEW ALDERMAN WARD 4 POS 1,,IND,ADDIE STRIBLING,137,66,30,41,0,0
Phillips,PRECINCT 0015,LAKEVIEW ALDERMAN WARD 4 POS 1,,IND,"LAWRENCE E. MANSFIELD, SR.",15,8,4,3,0,0
Phillips,PRECINCT 0001,Issue No. 2: A Constitutional Amendment Adding as a Qualification to Vote that a Voter Present Certain Valid Photographic Identification When Casting a Ballot In Person or Casting and Absentee Ballot,,NON,FOR,715,176,524,15,0,0
Phillips,PRECINCT 0002,Issue No. 2: A Constitutional Amendment Adding as a Qualification to Vote that a Voter Present Certain Valid Photographic Identification When Casting a Ballot In Person or Casting and Absentee Ballot,,NON,FOR,5,1,4,0,0,0
Phillips,PRECINCT 0003,Issue No. 2: A Constitutional Amendment Adding as a Qualification to Vote that a Voter Present Certain Valid Photographic Identification When Casting a Ballot In Person or Casting and Absentee Ballot,,NON,FOR,687,246,419,22,0,0
Phillips,PRECINCT 0004,Issue No. 2: A Constitutional Amendment Adding as a Qualification to Vote that a Voter Present Certain Valid Photographic Identification When Casting a Ballot In Person or Casting and Absentee Ballot,,NON,FOR,1,0,1,0,0,0
Phillips,PRECINCT 0005,Issue No. 2: A Constitutional Amendment Adding as a Qualification to Vote that a Voter Present Certain Valid Photographic Identification When Casting a Ballot In Person or Casting and Absentee Ballot,,NON,FOR,207,66,137,4,0,0
Phillips,PRECINCT 0006,Issue No. 2: A Constitutional Amendment Adding as a Qualification to Vote that a Voter Present Certain Valid Photographic Identification When Casting a Ballot In Person or Casting and Absentee Ballot,,NON,FOR,392,106,273,13,0,0
Phillips,PRECINCT 0007,Issue No. 2: A Constitutional Amendment Adding as a Qualification to Vote that a Voter Present Certain Valid Photographic Identification When Casting a Ballot In Person or Casting and Absentee Ballot,,NON,FOR,341,144,193,4,0,0
Phillips,PRECINCT 0008,Issue No. 2: A Constitutional Amendment Adding as a Qualification to Vote that a Voter Present Certain Valid Photographic Identification When Casting a Ballot In Person or Casting and Absentee Ballot,,NON,FOR,161,93,64,4,0,0
Phillips,PRECINCT 0009,Issue No. 2: A Constitutional Amendment Adding as a Qualification to Vote that a Voter Present Certain Valid Photographic Identification When Casting a Ballot In Person or Casting and Absentee Ballot,,NON,FOR,159,107,48,4,0,0
Phillips,PRECINCT 0010,Issue No. 2: A Constitutional Amendment Adding as a Qualification to Vote that a Voter Present Certain Valid Photographic Identification When Casting a Ballot In Person or Casting and Absentee Ballot,,NON,FOR,261,179,75,7,0,0
Phillips,PRECINCT 0011,Issue No. 2: A Constitutional Amendment Adding as a Qualification to Vote that a Voter Present Certain Valid Photographic Identification When Casting a Ballot In Person or Casting and Absentee Ballot,,NON,FOR,123,97,24,2,0,0
Phillips,PRECINCT 0012,Issue No. 2: A Constitutional Amendment Adding as a Qualification to Vote that a Voter Present Certain Valid Photographic Identification When Casting a Ballot In Person or Casting and Absentee Ballot,,NON,FOR,45,34,7,4,0,0
Phillips,PRECINCT 0013,Issue No. 2: A Constitutional Amendment Adding as a Qualification to Vote that a Voter Present Certain Valid Photographic Identification When Casting a Ballot In Person or Casting and Absentee Ballot,,NON,FOR,254,178,61,15,0,0
Phillips,PRECINCT 0014,Issue No. 2: A Constitutional Amendment Adding as a Qualification to Vote that a Voter Present Certain Valid Photographic Identification When Casting a Ballot In Person or Casting and Absentee Ballot,,NON,FOR,86,69,12,5,0,0
Phillips,PRECINCT 0015,Issue No. 2: A Constitutional Amendment Adding as a Qualification to Vote that a Voter Present Certain Valid Photographic Identification When Casting a Ballot In Person or Casting and Absentee Ballot,,NON,FOR,133,60,34,39,0,0
Phillips,PRECINCT 0016,Issue No. 2: A Constitutional Amendment Adding as a Qualification to Vote that a Voter Present Certain Valid Photographic Identification When Casting a Ballot In Person or Casting and Absentee Ballot,,NON,FOR,224,163,25,36,0,0
Phillips,PRECINCT 0017,Issue No. 2: A Constitutional Amendment Adding as a Qualification to Vote that a Voter Present Certain Valid Photographic Identification When Casting a Ballot In Person or Casting and Absentee Ballot,,NON,FOR,42,37,1,4,0,0
Phillips,PRECINCT 0001,Issue No. 2: A Constitutional Amendment Adding as a Qualification to Vote that a Voter Present Certain Valid Photographic Identification When Casting a Ballot In Person or Casting and Absentee Ballot,,NON,AGAINST,287,47,227,13,0,0
Phillips,PRECINCT 0002,Issue No. 2: A Constitutional Amendment Adding as a Qualification to Vote that a Voter Present Certain Valid Photographic Identification When Casting a Ballot In Person or Casting and Absentee Ballot,,NON,AGAINST,3,0,3,0,0,0
Phillips,PRECINCT 0003,Issue No. 2: A Constitutional Amendment Adding as a Qualification to Vote that a Voter Present Certain Valid Photographic Identification When Casting a Ballot In Person or Casting and Absentee Ballot,,NON,AGAINST,259,79,174,6,0,0
Phillips,PRECINCT 0004,Issue No. 2: A Constitutional Amendment Adding as a Qualification to Vote that a Voter Present Certain Valid Photographic Identification When Casting a Ballot In Person or Casting and Absentee Ballot,,NON,AGAINST,0,0,0,0,0,0
Phillips,PRECINCT 0005,Issue No. 2: A Constitutional Amendment Adding as a Qualification to Vote that a Voter Present Certain Valid Photographic Identification When Casting a Ballot In Person or Casting and Absentee Ballot,,NON,AGAINST,79,16,63,0,0,0
Phillips,PRECINCT 0006,Issue No. 2: A Constitutional Amendment Adding as a Qualification to Vote that a Voter Present Certain Valid Photographic Identification When Casting a Ballot In Person or Casting and Absentee Ballot,,NON,AGAINST,207,48,140,19,0,0
Phillips,PRECINCT 0007,Issue No. 2: A Constitutional Amendment Adding as a Qualification to Vote that a Voter Present Certain Valid Photographic Identification When Casting a Ballot In Person or Casting and Absentee Ballot,,NON,AGAINST,71,22,49,0,0,0
Phillips,PRECINCT 0008,Issue No. 2: A Constitutional Amendment Adding as a Qualification to Vote that a Voter Present Certain Valid Photographic Identification When Casting a Ballot In Person or Casting and Absentee Ballot,,NON,AGAINST,55,27,24,4,0,0
Phillips,PRECINCT 0009,Issue No. 2: A Constitutional Amendment Adding as a Qualification to Vote that a Voter Present Certain Valid Photographic Identification When Casting a Ballot In Person or Casting and Absentee Ballot,,NON,AGAINST,52,29,19,4,0,0
Phillips,PRECINCT 0010,Issue No. 2: A Constitutional Amendment Adding as a Qualification to Vote that a Voter Present Certain Valid Photographic Identification When Casting a Ballot In Person or Casting and Absentee Ballot,,NON,AGAINST,49,43,6,0,0,0
Phillips,PRECINCT 0011,Issue No. 2: A Constitutional Amendment Adding as a Qualification to Vote that a Voter Present Certain Valid Photographic Identification When Casting a Ballot In Person or Casting and Absentee Ballot,,NON,AGAINST,50,37,13,0,0,0
Phillips,PRECINCT 0012,Issue No. 2: A Constitutional Amendment Adding as a Qualification to Vote that a Voter Present Certain Valid Photographic Identification When Casting a Ballot In Person or Casting and Absentee Ballot,,NON,AGAINST,23,15,5,3,0,0
Phillips,PRECINCT 0013,Issue No. 2: A Constitutional Amendment Adding as a Qualification to Vote that a Voter Present Certain Valid Photographic Identification When Casting a Ballot In Person or Casting and Absentee Ballot,,NON,AGAINST,137,91,45,1,0,0
Phillips,PRECINCT 0014,Issue No. 2: A Constitutional Amendment Adding as a Qualification to Vote that a Voter Present Certain Valid Photographic Identification When Casting a Ballot In Person or Casting and Absentee Ballot,,NON,AGAINST,28,26,2,0,0,0
Phillips,PRECINCT 0015,Issue No. 2: A Constitutional Amendment Adding as a Qualification to Vote that a Voter Present Certain Valid Photographic Identification When Casting a Ballot In Person or Casting and Absentee Ballot,,NON,AGAINST,41,21,17,3,0,0
Phillips,PRECINCT 0016,Issue No. 2: A Constitutional Amendment Adding as a Qualification to Vote that a Voter Present Certain Valid Photographic Identification When Casting a Ballot In Person or Casting and Absentee Ballot,,NON,AGAINST,67,38,17,12,0,0
Phillips,PRECINCT 0017,Issue No. 2: A Constitutional Amendment Adding as a Qualification to Vote that a Voter Present Certain Valid Photographic Identification When Casting a Ballot In Person or Casting and Absentee Ballot,,NON,AGAINST,5,5,0,0,0,0
Phillips,PRECINCT 0001,Issue No. 4: An Amendment to Require Four Licenses to be Issued for Casino Gaming at Casinos, One Each in Crittenden (to Southland Racing Corporation),NON,FOR,656,148,491,17,0,0
Phillips,PRECINCT 0002,Issue No. 4: An Amendment to Require Four Licenses to be Issued for Casino Gaming at Casinos, One Each in Crittenden (to Southland Racing Corporation),NON,FOR,6,1,5,0,0,0
Phillips,PRECINCT 0003,Issue No. 4: An Amendment to Require Four Licenses to be Issued for Casino Gaming at Casinos, One Each in Crittenden (to Southland Racing Corporation),NON,FOR,569,178,377,14,0,0
Phillips,PRECINCT 0004,Issue No. 4: An Amendment to Require Four Licenses to be Issued for Casino Gaming at Casinos, One Each in Crittenden (to Southland Racing Corporation),NON,FOR,1,0,1,0,0,0
Phillips,PRECINCT 0005,Issue No. 4: An Amendment to Require Four Licenses to be Issued for Casino Gaming at Casinos, One Each in Crittenden (to Southland Racing Corporation),NON,FOR,195,66,127,2,0,0
Phillips,PRECINCT 0006,Issue No. 4: An Amendment to Require Four Licenses to be Issued for Casino Gaming at Casinos, One Each in Crittenden (to Southland Racing Corporation),NON,FOR,397,118,266,13,0,0
Phillips,PRECINCT 0007,Issue No. 4: An Amendment to Require Four Licenses to be Issued for Casino Gaming at Casinos, One Each in Crittenden (to Southland Racing Corporation),NON,FOR,222,91,129,2,0,0
Phillips,PRECINCT 0008,Issue No. 4: An Amendment to Require Four Licenses to be Issued for Casino Gaming at Casinos, One Each in Crittenden (to Southland Racing Corporation),NON,FOR,137,82,52,3,0,0
Phillips,PRECINCT 0009,Issue No. 4: An Amendment to Require Four Licenses to be Issued for Casino Gaming at Casinos, One Each in Crittenden (to Southland Racing Corporation),NON,FOR,130,76,48,6,0,0
Phillips,PRECINCT 0010,Issue No. 4: An Amendment to Require Four Licenses to be Issued for Casino Gaming at Casinos, One Each in Crittenden (to Southland Racing Corporation),NON,FOR,148,112,30,6,0,0
Phillips,PRECINCT 0011,Issue No. 4: An Amendment to Require Four Licenses to be Issued for Casino Gaming at Casinos, One Each in Crittenden (to Southland Racing Corporation),NON,FOR,110,84,26,0,0,0
Phillips,PRECINCT 0012,Issue No. 4: An Amendment to Require Four Licenses to be Issued for Casino Gaming at Casinos, One Each in Crittenden (to Southland Racing Corporation),NON,FOR,45,29,12,4,0,0
Phillips,PRECINCT 0013,Issue No. 4: An Amendment to Require Four Licenses to be Issued for Casino Gaming at Casinos, One Each in Crittenden (to Southland Racing Corporation),NON,FOR,193,135,50,8,0,0
Phillips,PRECINCT 0014,Issue No. 4: An Amendment to Require Four Licenses to be Issued for Casino Gaming at Casinos, One Each in Crittenden (to Southland Racing Corporation),NON,FOR,46,36,8,2,0,0
Phillips,PRECINCT 0015,Issue No. 4: An Amendment to Require Four Licenses to be Issued for Casino Gaming at Casinos, One Each in Crittenden (to Southland Racing Corporation),NON,FOR,133,70,34,29,0,0
Phillips,PRECINCT 0016,Issue No. 4: An Amendment to Require Four Licenses to be Issued for Casino Gaming at Casinos, One Each in Crittenden (to Southland Racing Corporation),NON,FOR,158,111,19,28,0,0
Phillips,PRECINCT 0017,Issue No. 4: An Amendment to Require Four Licenses to be Issued for Casino Gaming at Casinos, One Each in Crittenden (to Southland Racing Corporation),NON,FOR,33,27,2,4,0,0
Phillips,PRECINCT 0001,Issue No. 4: An Amendment to Require Four Licenses to be Issued for Casino Gaming at Casinos, One Each in Crittenden (to Southland Racing Corporation),NON,AGAINST,379,80,287,12,0,0
Phillips,PRECINCT 0002,Issue No. 4: An Amendment to Require Four Licenses to be Issued for Casino Gaming at Casinos, One Each in Crittenden (to Southland Racing Corporation),NON,AGAINST,2,0,2,0,0,0
Phillips,PRECINCT 0003,Issue No. 4: An Amendment to Require Four Licenses to be Issued for Casino Gaming at Casinos, One Each in Crittenden (to Southland Racing Corporation),NON,AGAINST,387,148,228,11,0,0
Phillips,PRECINCT 0004,Issue No. 4: An Amendment to Require Four Licenses to be Issued for Casino Gaming at Casinos, One Each in Crittenden (to Southland Racing Corporation),NON,AGAINST,0,0,0,0,0,0
Phillips,PRECINCT 0005,Issue No. 4: An Amendment to Require Four Licenses to be Issued for Casino Gaming at Casinos, One Each in Crittenden (to Southland Racing Corporation),NON,AGAINST,100,22,76,2,0,0
Phillips,PRECINCT 0006,Issue No. 4: An Amendment to Require Four Licenses to be Issued for Casino Gaming at Casinos, One Each in Crittenden (to Southland Racing Corporation),NON,AGAINST,221,40,164,17,0,0
Phillips,PRECINCT 0007,Issue No. 4: An Amendment to Require Four Licenses to be Issued for Casino Gaming at Casinos, One Each in Crittenden (to Southland Racing Corporation),NON,AGAINST,201,79,120,2,0,0
Phillips,PRECINCT 0008,Issue No. 4: An Amendment to Require Four Licenses to be Issued for Casino Gaming at Casinos, One Each in Crittenden (to Southland Racing Corporation),NON,AGAINST,78,38,36,4,0,0
Phillips,PRECINCT 0009,Issue No. 4: An Amendment to Require Four Licenses to be Issued for Casino Gaming at Casinos, One Each in Crittenden (to Southland Racing Corporation),NON,AGAINST,88,63,23,2,0,0
Phillips,PRECINCT 0010,Issue No. 4: An Amendment to Require Four Licenses to be Issued for Casino Gaming at Casinos, One Each in Crittenden (to Southland Racing Corporation),NON,AGAINST,166,114,51,1,0,0
Phillips,PRECINCT 0011,Issue No. 4: An Amendment to Require Four Licenses to be Issued for Casino Gaming at Casinos, One Each in Crittenden (to Southland Racing Corporation),NON,AGAINST,71,56,13,2,0,0
Phillips,PRECINCT 0012,Issue No. 4: An Amendment to Require Four Licenses to be Issued for Casino Gaming at Casinos, One Each in Crittenden (to Southland Racing Corporation),NON,AGAINST,30,23,4,3,0,0
Phillips,PRECINCT 0013,Issue No. 4: An Amendment to Require Four Licenses to be Issued for Casino Gaming at Casinos, One Each in Crittenden (to Southland Racing Corporation),NON,AGAINST,208,146,55,7,0,0
Phillips,PRECINCT 0014,Issue No. 4: An Amendment to Require Four Licenses to be Issued for Casino Gaming at Casinos, One Each in Crittenden (to Southland Racing Corporation),NON,AGAINST,70,61,7,2,0,0
Phillips,PRECINCT 0015,Issue No. 4: An Amendment to Require Four Licenses to be Issued for Casino Gaming at Casinos, One Each in Crittenden (to Southland Racing Corporation),NON,AGAINST,37,13,18,6,0,0
Phillips,PRECINCT 0016,Issue No. 4: An Amendment to Require Four Licenses to be Issued for Casino Gaming at Casinos, One Each in Crittenden (to Southland Racing Corporation),NON,AGAINST,131,91,23,17,0,0
Phillips,PRECINCT 0017,Issue No. 4: An Amendment to Require Four Licenses to be Issued for Casino Gaming at Casinos, One Each in Crittenden (to Southland Racing Corporation),NON,AGAINST,15,15,0,0,0,0
Phillips,PRECINCT 0001,Issue No. 5: An Act to Increase the Arkansas Minimum Wage,,NON,FOR,826,170,636,20,0,0
Phillips,PRECINCT 0002,Issue No. 5: An Act to Increase the Arkansas Minimum Wage,,NON,FOR,8,1,7,0,0,0
Phillips,PRECINCT 0003,Issue No. 5: An Act to Increase the Arkansas Minimum Wage,,NON,FOR,740,238,480,22,0,0
Phillips,PRECINCT 0004,Issue No. 5: An Act to Increase the Arkansas Minimum Wage,,NON,FOR,1,0,1,0,0,0
Phillips,PRECINCT 0005,Issue No. 5: An Act to Increase the Arkansas Minimum Wage,,NON,FOR,255,84,169,2,0,0
Phillips,PRECINCT 0006,Issue No. 5: An Act to Increase the Arkansas Minimum Wage,,NON,FOR,562,146,384,32,0,0
Phillips,PRECINCT 0007,Issue No. 5: An Act to Increase the Arkansas Minimum Wage,,NON,FOR,276,106,167,3,0,0
Phillips,PRECINCT 0008,Issue No. 5: An Act to Increase the Arkansas Minimum Wage,,NON,FOR,164,94,63,7,0,0
Phillips,PRECINCT 0009,Issue No. 5: An Act to Increase the Arkansas Minimum Wage,,NON,FOR,135,78,51,6,0,0
Phillips,PRECINCT 0010,Issue No. 5: An Act to Increase the Arkansas Minimum Wage,,NON,FOR,177,128,43,6,0,0
Phillips,PRECINCT 0011,Issue No. 5: An Act to Increase the Arkansas Minimum Wage,,NON,FOR,132,102,28,2,0,0
Phillips,PRECINCT 0012,Issue No. 5: An Act to Increase the Arkansas Minimum Wage,,NON,FOR,58,38,13,7,0,0
Phillips,PRECINCT 0013,Issue No. 5: An Act to Increase the Arkansas Minimum Wage,,NON,FOR,278,184,81,13,0,0
Phillips,PRECINCT 0014,Issue No. 5: An Act to Increase the Arkansas Minimum Wage,,NON,FOR,63,50,9,4,0,0
Phillips,PRECINCT 0015,Issue No. 5: An Act to Increase the Arkansas Minimum Wage,,NON,FOR,154,73,43,38,0,0
Phillips,PRECINCT 0016,Issue No. 5: An Act to Increase the Arkansas Minimum Wage,,NON,FOR,206,128,32,46,0,0
Phillips,PRECINCT 0017,Issue No. 5: An Act to Increase the Arkansas Minimum Wage,,NON,FOR,36,30,2,4,0,0
Phillips,PRECINCT 0001,Issue No. 5: An Act to Increase the Arkansas Minimum Wage,,NON,AGAINST,214,59,148,7,0,0
Phillips,PRECINCT 0002,Issue No. 5: An Act to Increase the Arkansas Minimum Wage,,NON,AGAINST,0,0,0,0,0,0
Phillips,PRECINCT 0003,Issue No. 5: An Act to Increase the Arkansas Minimum Wage,,NON,AGAINST,229,91,132,6,0,0
Phillips,PRECINCT 0004,Issue No. 5: An Act to Increase the Arkansas Minimum Wage,,NON,AGAINST,0,0,0,0,0,0
Phillips,PRECINCT 0005,Issue No. 5: An Act to Increase the Arkansas Minimum Wage,,NON,AGAINST,43,5,37,1,0,0
Phillips,PRECINCT 0006,Issue No. 5: An Act to Increase the Arkansas Minimum Wage,,NON,AGAINST,65,13,52,0,0,0
Phillips,PRECINCT 0007,Issue No. 5: An Act to Increase the Arkansas Minimum Wage,,NON,AGAINST,142,63,78,1,0,0
Phillips,PRECINCT 0008,Issue No. 5: An Act to Increase the Arkansas Minimum Wage,,NON,AGAINST,52,25,27,0,0,0
Phillips,PRECINCT 0009,Issue No. 5: An Act to Increase the Arkansas Minimum Wage,,NON,AGAINST,79,60,17,2,0,0
Phillips,PRECINCT 0010,Issue No. 5: An Act to Increase the Arkansas Minimum Wage,,NON,AGAINST,138,99,38,1,0,0
Phillips,PRECINCT 0011,Issue No. 5: An Act to Increase the Arkansas Minimum Wage,,NON,AGAINST,49,39,10,0,0,0
Phillips,PRECINCT 0012,Issue No. 5: An Act to Increase the Arkansas Minimum Wage,,NON,AGAINST,15,14,1,0,0,0
Phillips,PRECINCT 0013,Issue No. 5: An Act to Increase the Arkansas Minimum Wage,,NON,AGAINST,132,100,29,3,0,0
Phillips,PRECINCT 0014,Issue No. 5: An Act to Increase the Arkansas Minimum Wage,,NON,AGAINST,54,47,6,1,0,0
Phillips,PRECINCT 0015,Issue No. 5: An Act to Increase the Arkansas Minimum Wage,,NON,AGAINST,20,9,8,3,0,0
Phillips,PRECINCT 0016,Issue No. 5: An Act to Increase the Arkansas Minimum Wage,,NON,AGAINST,84,73,10,1,0,0
Phillips,PRECINCT 0017,Issue No. 5: An Act to Increase the Arkansas Minimum Wage,,NON,AGAINST,12,12,0,0,0,0
