county,precinct,office,district,party,candidate,votes,early_vote_west,absentee,provisional,election_day,early_vote_east
Carroll,BV WARDS 1 and 2,U.S. Congress District 3,,LIB,Michael J. Kalagias,27,1,0,0,13,13
Carroll,PRAIRIES/CABANAL,U.S. Congress District 3,,LIB,Michael J. Kalagias,21,1,0,0,13,7
Carroll,"ES WARDS 1, 2, 3",U.S. Congress District 3,,LIB,Michael J. Kalagias,28,16,0,0,11,1
Carroll,PACKARD SPRINGS,U.S. Congress District 3,,LIB,Michael J. Kalagias,7,2,0,0,5,0
Carroll,GF WARDS 1 and 2,U.S. Congress District 3,,LIB,Michael J. Kalagias,13,0,0,0,7,6
Carroll,NE/NW HICKORY/COIN/LNG CRK,U.S. Congress District 3,,LIB,Michael J. Kalagias,10,0,0,0,6,4
Carroll,SW/SE HICKORY,U.S. Congress District 3,,LIB,Michael J. Kalagias,5,0,0,0,5,0
Carroll,BEAVER,U.S. Congress District 3,,LIB,Michael J. Kalagias,3,1,0,0,2,0
Carroll,CARROLLTON,U.S. Congress District 3,,LIB,Michael J. Kalagias,5,0,0,0,2,3
Carroll,DRY FORK,U.S. Congress District 3,,LIB,Michael J. Kalagias,1,0,0,0,1,0
Carroll,HOLIDAY ISLAND,U.S. Congress District 3,,LIB,Michael J. Kalagias,27,4,0,0,20,3
Carroll,KINGS RIVER,U.S. Congress District 3,,LIB,Michael J. Kalagias,8,1,1,0,2,4
Carroll,LIBERTY,U.S. Congress District 3,,LIB,Michael J. Kalagias,0,0,0,0,0,0
Carroll,NORTH YOCUM,U.S. Congress District 3,,LIB,Michael J. Kalagias,3,0,0,0,2,1
Carroll,OMEGA,U.S. Congress District 3,,LIB,Michael J. Kalagias,1,0,0,0,0,1
Carroll,OSAGE,U.S. Congress District 3,,LIB,Michael J. Kalagias,2,0,0,0,2,0
Carroll,PINEY,U.S. Congress District 3,,LIB,Michael J. Kalagias,0,0,0,0,0,0
Carroll,POLO,U.S. Congress District 3,,LIB,Michael J. Kalagias,4,0,0,0,2,2
Carroll,SOUTH YOCUM,U.S. Congress District 3,,LIB,Michael J. Kalagias,1,0,0,0,0,1
Carroll,JOHNSON SPRINGS,U.S. Congress District 3,,LIB,Michael J. Kalagias,21,8,0,0,13,0
Carroll,WINONA,U.S. Congress District 3,,LIB,Michael J. Kalagias,1,0,0,0,1,0
Carroll,BV WARDS 1 and 2,U.S. Congress District 3,,REP,Congressman Steve Womack,800,3,13,2,318,464
Carroll,PRAIRIES/CABANAL,U.S. Congress District 3,,REP,Congressman Steve Womack,618,1,15,1,266,335
Carroll,"ES WARDS 1, 2, 3",U.S. Congress District 3,,REP,Congressman Steve Womack,289,122,9,0,135,23
Carroll,PACKARD SPRINGS,U.S. Congress District 3,,REP,Congressman Steve Womack,112,46,2,0,52,12
Carroll,GF WARDS 1 and 2,U.S. Congress District 3,,REP,Congressman Steve Womack,326,1,8,1,209,107
Carroll,NE/NW HICKORY/COIN/LNG CRK,U.S. Congress District 3,,REP,Congressman Steve Womack,557,0,8,0,354,195
Carroll,SW/SE HICKORY,U.S. Congress District 3,,REP,Congressman Steve Womack,156,0,3,2,119,32
Carroll,BEAVER,U.S. Congress District 3,,REP,Congressman Steve Womack,99,39,0,0,49,11
Carroll,CARROLLTON,U.S. Congress District 3,,REP,Congressman Steve Womack,181,0,1,2,135,43
Carroll,DRY FORK,U.S. Congress District 3,,REP,Congressman Steve Womack,73,0,1,0,51,21
Carroll,HOLIDAY ISLAND,U.S. Congress District 3,,REP,Congressman Steve Womack,754,200,26,0,428,100
Carroll,KINGS RIVER,U.S. Congress District 3,,REP,Congressman Steve Womack,200,9,4,0,93,94
Carroll,LIBERTY,U.S. Congress District 3,,REP,Congressman Steve Womack,43,0,1,0,20,22
Carroll,NORTH YOCUM,U.S. Congress District 3,,REP,Congressman Steve Womack,166,0,2,1,125,38
Carroll,OMEGA,U.S. Congress District 3,,REP,Congressman Steve Womack,105,0,7,1,41,56
Carroll,OSAGE,U.S. Congress District 3,,REP,Congressman Steve Womack,80,0,3,0,62,15
Carroll,PINEY,U.S. Congress District 3,,REP,Congressman Steve Womack,47,0,0,0,30,17
Carroll,POLO,U.S. Congress District 3,,REP,Congressman Steve Womack,336,1,4,0,170,161
Carroll,SOUTH YOCUM,U.S. Congress District 3,,REP,Congressman Steve Womack,120,0,4,3,81,32
Carroll,JOHNSON SPRINGS,U.S. Congress District 3,,REP,Congressman Steve Womack,491,229,11,0,178,73
Carroll,WINONA,U.S. Congress District 3,,REP,Congressman Steve Womack,110,27,3,0,47,33
Carroll,BV WARDS 1 and 2,U.S. Congress District 3,,DEM,Josh Mahony,291,2,9,0,110,170
Carroll,PRAIRIES/CABANAL,U.S. Congress District 3,,DEM,Josh Mahony,169,3,2,0,50,114
Carroll,"ES WARDS 1, 2, 3",U.S. Congress District 3,,DEM,Josh Mahony,664,393,18,0,227,26
Carroll,PACKARD SPRINGS,U.S. Congress District 3,,DEM,Josh Mahony,116,64,1,0,39,12
Carroll,GF WARDS 1 and 2,U.S. Congress District 3,,DEM,Josh Mahony,100,0,5,0,68,27
Carroll,NE/NW HICKORY/COIN/LNG CRK,U.S. Congress District 3,,DEM,Josh Mahony,134,0,6,0,78,50
Carroll,SW/SE HICKORY,U.S. Congress District 3,,DEM,Josh Mahony,24,0,0,0,16,8
Carroll,BEAVER,U.S. Congress District 3,,DEM,Josh Mahony,115,72,2,0,28,13
Carroll,CARROLLTON,U.S. Congress District 3,,DEM,Josh Mahony,32,0,2,0,16,14
Carroll,DRY FORK,U.S. Congress District 3,,DEM,Josh Mahony,14,0,0,0,9,5
Carroll,HOLIDAY ISLAND,U.S. Congress District 3,,DEM,Josh Mahony,533,245,14,1,227,46
Carroll,KINGS RIVER,U.S. Congress District 3,,DEM,Josh Mahony,97,13,4,1,22,57
Carroll,LIBERTY,U.S. Congress District 3,,DEM,Josh Mahony,21,0,2,0,5,14
Carroll,NORTH YOCUM,U.S. Congress District 3,,DEM,Josh Mahony,21,0,0,0,17,4
Carroll,OMEGA,U.S. Congress District 3,,DEM,Josh Mahony,37,3,1,0,11,22
Carroll,OSAGE,U.S. Congress District 3,,DEM,Josh Mahony,26,0,6,0,12,8
Carroll,PINEY,U.S. Congress District 3,,DEM,Josh Mahony,9,0,0,0,3,6
Carroll,POLO,U.S. Congress District 3,,DEM,Josh Mahony,59,0,1,0,20,38
Carroll,SOUTH YOCUM,U.S. Congress District 3,,DEM,Josh Mahony,14,0,0,0,9,5
Carroll,JOHNSON SPRINGS,U.S. Congress District 3,,DEM,Josh Mahony,502,289,19,1,137,56
Carroll,WINONA,U.S. Congress District 3,,DEM,Josh Mahony,116,67,4,0,32,13
Carroll,BV WARDS 1 and 2,U.S. Congress District 3,,NON,Write-In,2,0,0,0,2,0
Carroll,PRAIRIES/CABANAL,U.S. Congress District 3,,NON,Write-In,1,0,0,0,1,0
Carroll,"ES WARDS 1, 2, 3",U.S. Congress District 3,,NON,Write-In,0,0,0,0,0,0
Carroll,PACKARD SPRINGS,U.S. Congress District 3,,NON,Write-In,0,0,0,0,0,0
Carroll,GF WARDS 1 and 2,U.S. Congress District 3,,NON,Write-In,0,0,0,0,0,0
Carroll,NE/NW HICKORY/COIN/LNG CRK,U.S. Congress District 3,,NON,Write-In,0,0,0,0,0,0
Carroll,SW/SE HICKORY,U.S. Congress District 3,,NON,Write-In,0,0,0,0,0,0
Carroll,BEAVER,U.S. Congress District 3,,NON,Write-In,4,3,0,0,1,0
Carroll,CARROLLTON,U.S. Congress District 3,,NON,Write-In,0,0,0,0,0,0
Carroll,DRY FORK,U.S. Congress District 3,,NON,Write-In,0,0,0,0,0,0
Carroll,HOLIDAY ISLAND,U.S. Congress District 3,,NON,Write-In,0,0,0,0,0,0
Carroll,KINGS RIVER,U.S. Congress District 3,,NON,Write-In,0,0,0,0,0,0
Carroll,LIBERTY,U.S. Congress District 3,,NON,Write-In,0,0,0,0,0,0
Carroll,NORTH YOCUM,U.S. Congress District 3,,NON,Write-In,0,0,0,0,0,0
Carroll,OMEGA,U.S. Congress District 3,,NON,Write-In,0,0,0,0,0,0
Carroll,OSAGE,U.S. Congress District 3,,NON,Write-In,0,0,0,0,0,0
Carroll,PINEY,U.S. Congress District 3,,NON,Write-In,0,0,0,0,0,0
Carroll,POLO,U.S. Congress District 3,,NON,Write-In,0,0,0,0,0,0
Carroll,SOUTH YOCUM,U.S. Congress District 3,,NON,Write-In,0,0,0,0,0,0
Carroll,JOHNSON SPRINGS,U.S. Congress District 3,,NON,Write-In,1,1,0,0,0,0
Carroll,WINONA,U.S. Congress District 3,,NON,Write-In,0,0,0,0,0,0
Carroll,BV WARDS 1 and 2,Governor,,LIB,Mark West,33,2,0,0,17,14
Carroll,PRAIRIES/CABANAL,Governor,,LIB,Mark West,15,0,0,0,12,3
Carroll,"ES WARDS 1, 2, 3",Governor,,LIB,Mark West,28,13,1,0,12,2
Carroll,PACKARD SPRINGS,Governor,,LIB,Mark West,5,1,0,0,4,0
Carroll,GF WARDS 1 and 2,Governor,,LIB,Mark West,10,0,0,0,7,3
Carroll,NE/NW HICKORY/COIN/LNG CRK,Governor,,LIB,Mark West,19,0,0,0,10,9
Carroll,SW/SE HICKORY,Governor,,LIB,Mark West,7,0,0,0,6,1
Carroll,BEAVER,Governor,,LIB,Mark West,5,3,0,0,2,0
Carroll,CARROLLTON,Governor,,LIB,Mark West,7,0,0,0,5,2
Carroll,DRY FORK,Governor,,LIB,Mark West,1,0,0,0,1,0
Carroll,HOLIDAY ISLAND,Governor,,LIB,Mark West,21,2,0,0,19,0
Carroll,KINGS RIVER,Governor,,LIB,Mark West,8,1,0,0,2,5
Carroll,LIBERTY,Governor,,LIB,Mark West,1,0,0,0,1,0
Carroll,NORTH YOCUM,Governor,,LIB,Mark West,1,0,0,0,1,0
Carroll,OMEGA,Governor,,LIB,Mark West,1,0,0,0,0,1
Carroll,OSAGE,Governor,,LIB,Mark West,4,0,0,0,4,0
Carroll,PINEY,Governor,,LIB,Mark West,1,0,0,0,1,0
Carroll,POLO,Governor,,LIB,Mark West,7,0,0,0,3,4
Carroll,SOUTH YOCUM,Governor,,LIB,Mark West,1,0,0,0,1,0
Carroll,JOHNSON SPRINGS,Governor,,LIB,Mark West,25,9,0,0,15,1
Carroll,WINONA,Governor,,LIB,Mark West,4,2,0,0,1,1
Carroll,BV WARDS 1 and 2,Governor,,DEM,Jared K. Henderson,277,2,9,0,102,164
Carroll,PRAIRIES/CABANAL,Governor,,DEM,Jared K. Henderson,167,3,3,0,48,113
Carroll,"ES WARDS 1, 2, 3",Governor,,DEM,Jared K. Henderson,651,390,16,0,221,24
Carroll,PACKARD SPRINGS,Governor,,DEM,Jared K. Henderson,107,61,1,0,34,11
Carroll,GF WARDS 1 and 2,Governor,,DEM,Jared K. Henderson,95,0,5,0,58,32
Carroll,NE/NW HICKORY/COIN/LNG CRK,Governor,,DEM,Jared K. Henderson,123,0,6,0,71,46
Carroll,SW/SE HICKORY,Governor,,DEM,Jared K. Henderson,26,0,0,0,19,7
Carroll,BEAVER,Governor,,DEM,Jared K. Henderson,116,71,2,0,30,13
Carroll,CARROLLTON,Governor,,DEM,Jared K. Henderson,32,0,2,0,17,13
Carroll,DRY FORK,Governor,,DEM,Jared K. Henderson,14,0,0,0,9,5
Carroll,HOLIDAY ISLAND,Governor,,DEM,Jared K. Henderson,491,234,15,1,200,41
Carroll,KINGS RIVER,Governor,,DEM,Jared K. Henderson,98,12,3,1,23,59
Carroll,LIBERTY,Governor,,DEM,Jared K. Henderson,21,0,2,0,5,14
Carroll,NORTH YOCUM,Governor,,DEM,Jared K. Henderson,21,0,0,0,16,5
Carroll,OMEGA,Governor,,DEM,Jared K. Henderson,34,3,1,0,8,22
Carroll,OSAGE,Governor,,DEM,Jared K. Henderson,23,0,6,0,10,7
Carroll,PINEY,Governor,,DEM,Jared K. Henderson,8,0,0,0,1,7
Carroll,POLO,Governor,,DEM,Jared K. Henderson,57,0,1,0,21,35
Carroll,SOUTH YOCUM,Governor,,DEM,Jared K. Henderson,11,0,0,0,6,5
Carroll,JOHNSON SPRINGS,Governor,,DEM,Jared K. Henderson,486,280,18,1,134,53
Carroll,WINONA,Governor,,DEM,Jared K. Henderson,110,65,4,0,28,13
Carroll,BV WARDS 1 and 2,Governor,,REP,Governor Asa Hutchinson,813,2,13,2,324,472
Carroll,PRAIRIES/CABANAL,Governor,,REP,Governor Asa Hutchinson,629,2,14,1,271,341
Carroll,"ES WARDS 1, 2, 3",Governor,,REP,Governor Asa Hutchinson,304,128,10,0,142,24
Carroll,PACKARD SPRINGS,Governor,,REP,Governor Asa Hutchinson,123,50,2,0,58,13
Carroll,GF WARDS 1 and 2,Governor,,REP,Governor Asa Hutchinson,337,1,8,1,222,105
Carroll,NE/NW HICKORY/COIN/LNG CRK,Governor,,REP,Governor Asa Hutchinson,559,0,8,0,358,193
Carroll,SW/SE HICKORY,Governor,,REP,Governor Asa Hutchinson,150,0,3,2,114,31
Carroll,BEAVER,Governor,,REP,Governor Asa Hutchinson,101,42,0,0,48,11
Carroll,CARROLLTON,Governor,,REP,Governor Asa Hutchinson,178,0,1,2,130,45
Carroll,DRY FORK,Governor,,REP,Governor Asa Hutchinson,73,0,1,0,51,21
Carroll,HOLIDAY ISLAND,Governor,,REP,Governor Asa Hutchinson,807,210,26,0,461,110
Carroll,KINGS RIVER,Governor,,REP,Governor Asa Hutchinson,197,9,6,0,92,90
Carroll,LIBERTY,Governor,,REP,Governor Asa Hutchinson,43,0,1,0,20,22
Carroll,NORTH YOCUM,Governor,,REP,Governor Asa Hutchinson,168,0,2,1,126,39
Carroll,OMEGA,Governor,,REP,Governor Asa Hutchinson,110,0,7,1,45,57
Carroll,OSAGE,Governor,,REP,Governor Asa Hutchinson,81,0,3,0,62,16
Carroll,PINEY,Governor,,REP,Governor Asa Hutchinson,46,0,0,0,31,15
Carroll,POLO,Governor,,REP,Governor Asa Hutchinson,331,1,4,0,168,158
Carroll,SOUTH YOCUM,Governor,,REP,Governor Asa Hutchinson,124,0,4,3,83,34
Carroll,JOHNSON SPRINGS,Governor,,REP,Governor Asa Hutchinson,507,239,12,0,181,75
Carroll,WINONA,Governor,,REP,Governor Asa Hutchinson,115,27,3,0,52,33
Carroll,BV WARDS 1 and 2,Lieutenant Governor,,REP,Lt. Governor Tim Griffin,787,3,13,2,312,457
Carroll,PRAIRIES/CABANAL,Lieutenant Governor,,REP,Lt. Governor Tim Griffin,599,1,15,1,258,324
Carroll,"ES WARDS 1, 2, 3",Lieutenant Governor,,REP,Lt. Governor Tim Griffin,291,125,8,0,132,26
Carroll,PACKARD SPRINGS,Lieutenant Governor,,REP,Lt. Governor Tim Griffin,111,46,2,0,51,12
Carroll,GF WARDS 1 and 2,Lieutenant Governor,,REP,Lt. Governor Tim Griffin,323,1,9,1,207,105
Carroll,NE/NW HICKORY/COIN/LNG CRK,Lieutenant Governor,,REP,Lt. Governor Tim Griffin,539,0,8,0,342,189
Carroll,SW/SE HICKORY,Lieutenant Governor,,REP,Lt. Governor Tim Griffin,143,0,3,2,106,32
Carroll,BEAVER,Lieutenant Governor,,REP,Lt. Governor Tim Griffin,99,43,0,0,45,11
Carroll,CARROLLTON,Lieutenant Governor,,REP,Lt. Governor Tim Griffin,177,0,1,2,129,45
Carroll,DRY FORK,Lieutenant Governor,,REP,Lt. Governor Tim Griffin,74,0,1,0,52,21
Carroll,HOLIDAY ISLAND,Lieutenant Governor,,REP,Lt. Governor Tim Griffin,769,203,26,0,436,104
Carroll,KINGS RIVER,Lieutenant Governor,,REP,Lt. Governor Tim Griffin,198,11,5,0,93,89
Carroll,LIBERTY,Lieutenant Governor,,REP,Lt. Governor Tim Griffin,46,0,1,0,22,23
Carroll,NORTH YOCUM,Lieutenant Governor,,REP,Lt. Governor Tim Griffin,167,0,2,1,123,41
Carroll,OMEGA,Lieutenant Governor,,REP,Lt. Governor Tim Griffin,104,0,7,1,42,54
Carroll,OSAGE,Lieutenant Governor,,REP,Lt. Governor Tim Griffin,80,0,3,0,61,16
Carroll,PINEY,Lieutenant Governor,,REP,Lt. Governor Tim Griffin,43,0,0,0,27,16
Carroll,POLO,Lieutenant Governor,,REP,Lt. Governor Tim Griffin,328,1,4,0,163,160
Carroll,SOUTH YOCUM,Lieutenant Governor,,REP,Lt. Governor Tim Griffin,119,0,4,3,79,33
Carroll,JOHNSON SPRINGS,Lieutenant Governor,,REP,Lt. Governor Tim Griffin,492,229,11,0,177,75
Carroll,WINONA,Lieutenant Governor,,REP,Lt. Governor Tim Griffin,110,26,3,0,49,32
Carroll,BV WARDS 1 and 2,Lieutenant Governor,,DEM,Anthony Bland,302,2,9,0,113,178
Carroll,PRAIRIES/CABANAL,Lieutenant Governor,,DEM,Anthony Bland,179,3,2,0,54,120
Carroll,"ES WARDS 1, 2, 3",Lieutenant Governor,,DEM,Anthony Bland,651,387,18,0,224,22
Carroll,PACKARD SPRINGS,Lieutenant Governor,,DEM,Anthony Bland,113,63,1,0,38,11
Carroll,GF WARDS 1 and 2,Lieutenant Governor,,DEM,Anthony Bland,106,0,4,0,70,32
Carroll,NE/NW HICKORY/COIN/LNG CRK,Lieutenant Governor,,DEM,Anthony Bland,137,0,6,0,84,47
Carroll,SW/SE HICKORY,Lieutenant Governor,,DEM,Anthony Bland,35,0,0,0,27,8
Carroll,BEAVER,Lieutenant Governor,,DEM,Anthony Bland,115,70,2,0,30,13
Carroll,CARROLLTON,Lieutenant Governor,,DEM,Anthony Bland,34,0,2,0,18,14
Carroll,DRY FORK,Lieutenant Governor,,DEM,Anthony Bland,14,0,0,0,9,5
Carroll,HOLIDAY ISLAND,Lieutenant Governor,,DEM,Anthony Bland,518,240,14,1,220,43
Carroll,KINGS RIVER,Lieutenant Governor,,DEM,Anthony Bland,98,10,3,1,23,61
Carroll,LIBERTY,Lieutenant Governor,,DEM,Anthony Bland,19,0,2,0,4,13
Carroll,NORTH YOCUM,Lieutenant Governor,,DEM,Anthony Bland,20,0,0,0,17,3
Carroll,OMEGA,Lieutenant Governor,,DEM,Anthony Bland,40,3,1,0,11,25
Carroll,OSAGE,Lieutenant Governor,,DEM,Anthony Bland,24,0,6,0,12,6
Carroll,PINEY,Lieutenant Governor,,DEM,Anthony Bland,11,0,0,0,4,7
Carroll,POLO,Lieutenant Governor,,DEM,Anthony Bland,66,0,1,0,27,38
Carroll,SOUTH YOCUM,Lieutenant Governor,,DEM,Anthony Bland,15,0,0,0,10,5
Carroll,JOHNSON SPRINGS,Lieutenant Governor,,DEM,Anthony Bland,499,292,19,1,133,54
Carroll,WINONA,Lieutenant Governor,,DEM,Anthony Bland,114,66,4,0,31,13
Carroll,BV WARDS 1 and 2,Lieutenant Governor,,LIB,Frank Gilbert,35,1,0,0,17,17
Carroll,PRAIRIES/CABANAL,Lieutenant Governor,,LIB,Frank Gilbert,27,1,0,0,17,9
Carroll,"ES WARDS 1, 2, 3",Lieutenant Governor,,LIB,Frank Gilbert,37,19,1,0,15,2
Carroll,PACKARD SPRINGS,Lieutenant Governor,,LIB,Frank Gilbert,10,3,0,0,6,1
Carroll,GF WARDS 1 and 2,Lieutenant Governor,,LIB,Frank Gilbert,14,0,0,0,10,4
Carroll,NE/NW HICKORY/COIN/LNG CRK,Lieutenant Governor,,LIB,Frank Gilbert,20,0,0,0,9,11
Carroll,SW/SE HICKORY,Lieutenant Governor,,LIB,Frank Gilbert,7,0,0,0,7,0
Carroll,BEAVER,Lieutenant Governor,,LIB,Frank Gilbert,8,3,0,0,5,0
Carroll,CARROLLTON,Lieutenant Governor,,LIB,Frank Gilbert,4,0,0,0,3,1
Carroll,DRY FORK,Lieutenant Governor,,LIB,Frank Gilbert,0,0,0,0,0,0
Carroll,HOLIDAY ISLAND,Lieutenant Governor,,LIB,Frank Gilbert,32,6,1,0,23,2
Carroll,KINGS RIVER,Lieutenant Governor,,LIB,Frank Gilbert,9,2,1,0,1,5
Carroll,LIBERTY,Lieutenant Governor,,LIB,Frank Gilbert,0,0,0,0,0,0
Carroll,NORTH YOCUM,Lieutenant Governor,,LIB,Frank Gilbert,4,0,0,0,4,0
Carroll,OMEGA,Lieutenant Governor,,LIB,Frank Gilbert,1,0,0,0,0,1
Carroll,OSAGE,Lieutenant Governor,,LIB,Frank Gilbert,4,0,0,0,3,1
Carroll,PINEY,Lieutenant Governor,,LIB,Frank Gilbert,1,0,0,0,1,0
Carroll,POLO,Lieutenant Governor,,LIB,Frank Gilbert,4,0,0,0,2,2
Carroll,SOUTH YOCUM,Lieutenant Governor,,LIB,Frank Gilbert,1,0,0,0,1,0
Carroll,JOHNSON SPRINGS,Lieutenant Governor,,LIB,Frank Gilbert,25,6,0,0,19,0
Carroll,WINONA,Lieutenant Governor,,LIB,Frank Gilbert,3,2,0,0,0,1
Carroll,BV WARDS 1 and 2,Attorney General,,LIB,Kerry Hicks,32,1,0,0,14,17
Carroll,PRAIRIES/CABANAL,Attorney General,,LIB,Kerry Hicks,24,0,0,0,14,10
Carroll,"ES WARDS 1, 2, 3",Attorney General,,LIB,Kerry Hicks,41,22,0,0,17,2
Carroll,PACKARD SPRINGS,Attorney General,,LIB,Kerry Hicks,7,2,0,0,5,0
Carroll,GF WARDS 1 and 2,Attorney General,,LIB,Kerry Hicks,15,0,1,0,10,4
Carroll,NE/NW HICKORY/COIN/LNG CRK,Attorney General,,LIB,Kerry Hicks,16,0,1,0,8,7
Carroll,SW/SE HICKORY,Attorney General,,LIB,Kerry Hicks,9,0,0,0,7,2
Carroll,BEAVER,Attorney General,,LIB,Kerry Hicks,7,0,0,0,7,0
Carroll,CARROLLTON,Attorney General,,LIB,Kerry Hicks,9,0,0,0,5,4
Carroll,DRY FORK,Attorney General,,LIB,Kerry Hicks,2,0,0,0,2,0
Carroll,HOLIDAY ISLAND,Attorney General,,LIB,Kerry Hicks,34,6,0,0,27,1
Carroll,KINGS RIVER,Attorney General,,LIB,Kerry Hicks,10,1,0,0,3,6
Carroll,LIBERTY,Attorney General,,LIB,Kerry Hicks,0,0,0,0,0,0
Carroll,NORTH YOCUM,Attorney General,,LIB,Kerry Hicks,4,0,0,0,3,1
Carroll,OMEGA,Attorney General,,LIB,Kerry Hicks,3,0,0,0,0,3
Carroll,OSAGE,Attorney General,,LIB,Kerry Hicks,5,0,0,0,4,1
Carroll,PINEY,Attorney General,,LIB,Kerry Hicks,0,0,0,0,0,0
Carroll,POLO,Attorney General,,LIB,Kerry Hicks,10,0,0,0,4,6
Carroll,SOUTH YOCUM,Attorney General,,LIB,Kerry Hicks,0,0,0,0,0,0
Carroll,JOHNSON SPRINGS,Attorney General,,LIB,Kerry Hicks,32,12,0,0,18,2
Carroll,WINONA,Attorney General,,LIB,Kerry Hicks,4,0,0,0,4,0
Carroll,BV WARDS 1 and 2,Attorney General,,REP,Attorney General Leslie Rutledge,783,3,13,2,315,450
Carroll,PRAIRIES/CABANAL,Attorney General,,REP,Attorney General Leslie Rutledge,591,2,15,1,253,320
Carroll,"ES WARDS 1, 2, 3",Attorney General,,REP,Attorney General Leslie Rutledge,277,114,8,0,132,23
Carroll,PACKARD SPRINGS,Attorney General,,REP,Attorney General Leslie Rutledge,106,43,2,0,49,12
Carroll,GF WARDS 1 and 2,Attorney General,,REP,Attorney General Leslie Rutledge,321,1,8,1,206,105
Carroll,NE/NW HICKORY/COIN/LNG CRK,Attorney General,,REP,Attorney General Leslie Rutledge,546,0,8,0,350,188
Carroll,SW/SE HICKORY,Attorney General,,REP,Attorney General Leslie Rutledge,141,0,3,2,107,29
Carroll,BEAVER,Attorney General,,REP,Attorney General Leslie Rutledge,99,42,0,0,45,12
Carroll,CARROLLTON,Attorney General,,REP,Attorney General Leslie Rutledge,173,0,1,2,128,42
Carroll,DRY FORK,Attorney General,,REP,Attorney General Leslie Rutledge,71,0,1,0,49,21
Carroll,HOLIDAY ISLAND,Attorney General,,REP,Attorney General Leslie Rutledge,760,201,26,0,428,105
Carroll,KINGS RIVER,Attorney General,,REP,Attorney General Leslie Rutledge,186,10,5,0,88,83
Carroll,LIBERTY,Attorney General,,REP,Attorney General Leslie Rutledge,46,0,0,0,24,22
Carroll,NORTH YOCUM,Attorney General,,REP,Attorney General Leslie Rutledge,164,0,2,1,121,40
Carroll,OMEGA,Attorney General,,REP,Attorney General Leslie Rutledge,102,0,7,1,43,51
Carroll,OSAGE,Attorney General,,REP,Attorney General Leslie Rutledge,79,0,3,0,60,16
Carroll,PINEY,Attorney General,,REP,Attorney General Leslie Rutledge,43,0,0,0,27,16
Carroll,POLO,Attorney General,,REP,Attorney General Leslie Rutledge,324,1,5,0,166,152
Carroll,SOUTH YOCUM,Attorney General,,REP,Attorney General Leslie Rutledge,116,0,4,3,74,35
Carroll,JOHNSON SPRINGS,Attorney General,,REP,Attorney General Leslie Rutledge,480,228,11,0,171,70
Carroll,WINONA,Attorney General,,REP,Attorney General Leslie Rutledge,109,29,3,0,46,31
Carroll,BV WARDS 1 and 2,Attorney General,,DEM,Mike Lee,305,2,8,0,113,182
Carroll,PRAIRIES/CABANAL,Attorney General,,DEM,Mike Lee,190,3,2,0,62,123
Carroll,"ES WARDS 1, 2, 3",Attorney General,,DEM,Mike Lee,663,393,19,0,226,25
Carroll,PACKARD SPRINGS,Attorney General,,DEM,Mike Lee,121,66,1,0,42,12
Carroll,GF WARDS 1 and 2,Attorney General,,DEM,Mike Lee,107,0,4,0,70,33
Carroll,NE/NW HICKORY/COIN/LNG CRK,Attorney General,,DEM,Mike Lee,138,0,5,0,80,53
Carroll,SW/SE HICKORY,Attorney General,,DEM,Mike Lee,34,0,0,0,25,9
Carroll,BEAVER,Attorney General,,DEM,Mike Lee,115,73,2,0,28,12
Carroll,CARROLLTON,Attorney General,,DEM,Mike Lee,35,0,2,0,19,14
Carroll,DRY FORK,Attorney General,,DEM,Mike Lee,15,0,0,0,10,5
Carroll,HOLIDAY ISLAND,Attorney General,,DEM,Mike Lee,526,241,15,1,225,44
Carroll,KINGS RIVER,Attorney General,,DEM,Mike Lee,107,11,4,1,25,66
Carroll,LIBERTY,Attorney General,,DEM,Mike Lee,19,0,3,0,2,14
Carroll,NORTH YOCUM,Attorney General,,DEM,Mike Lee,23,0,0,0,20,3
Carroll,OMEGA,Attorney General,,DEM,Mike Lee,40,3,1,0,10,26
Carroll,OSAGE,Attorney General,,DEM,Mike Lee,24,0,6,0,12,6
Carroll,PINEY,Attorney General,,DEM,Mike Lee,12,0,0,0,5,7
Carroll,POLO,Attorney General,,DEM,Mike Lee,65,0,0,0,22,43
Carroll,SOUTH YOCUM,Attorney General,,DEM,Mike Lee,20,0,0,0,16,4
Carroll,JOHNSON SPRINGS,Attorney General,,DEM,Mike Lee,504,289,19,1,138,57
Carroll,WINONA,Attorney General,,DEM,Mike Lee,113,65,4,0,30,14
Carroll,BV WARDS 1 and 2,Secretary of State,,LIB,Christopher Olson,40,1,0,0,18,21
Carroll,PRAIRIES/CABANAL,Secretary of State,,LIB,Christopher Olson,24,0,0,0,14,10
Carroll,"ES WARDS 1, 2, 3",Secretary of State,,LIB,Christopher Olson,35,15,1,0,15,4
Carroll,PACKARD SPRINGS,Secretary of State,,LIB,Christopher Olson,5,1,0,0,3,1
Carroll,GF WARDS 1 and 2,Secretary of State,,LIB,Christopher Olson,14,0,0,0,9,5
Carroll,NE/NW HICKORY/COIN/LNG CRK,Secretary of State,,LIB,Christopher Olson,15,0,0,0,7,8
Carroll,SW/SE HICKORY,Secretary of State,,LIB,Christopher Olson,8,0,0,0,8,0
Carroll,BEAVER,Secretary of State,,LIB,Christopher Olson,7,1,0,0,6,0
Carroll,CARROLLTON,Secretary of State,,LIB,Christopher Olson,5,0,0,0,4,1
Carroll,DRY FORK,Secretary of State,,LIB,Christopher Olson,1,0,0,0,1,0
Carroll,HOLIDAY ISLAND,Secretary of State,,LIB,Christopher Olson,37,8,0,0,27,2
Carroll,KINGS RIVER,Secretary of State,,LIB,Christopher Olson,10,3,0,0,1,6
Carroll,LIBERTY,Secretary of State,,LIB,Christopher Olson,0,0,0,0,0,0
Carroll,NORTH YOCUM,Secretary of State,,LIB,Christopher Olson,3,0,0,0,2,1
Carroll,OMEGA,Secretary of State,,LIB,Christopher Olson,0,0,0,0,0,0
Carroll,OSAGE,Secretary of State,,LIB,Christopher Olson,6,0,0,0,4,2
Carroll,PINEY,Secretary of State,,LIB,Christopher Olson,1,0,0,0,1,0
Carroll,POLO,Secretary of State,,LIB,Christopher Olson,6,0,1,0,3,2
Carroll,SOUTH YOCUM,Secretary of State,,LIB,Christopher Olson,2,0,0,0,2,0
Carroll,JOHNSON SPRINGS,Secretary of State,,LIB,Christopher Olson,31,8,0,0,22,1
Carroll,WINONA,Secretary of State,,LIB,Christopher Olson,7,3,0,0,3,1
Carroll,BV WARDS 1 and 2,Secretary of State,,DEM,Susan Inman,311,2,9,0,116,184
Carroll,PRAIRIES/CABANAL,Secretary of State,,DEM,Susan Inman,199,3,4,0,61,131
Carroll,"ES WARDS 1, 2, 3",Secretary of State,,DEM,Susan Inman,674,399,18,0,232,25
Carroll,PACKARD SPRINGS,Secretary of State,,DEM,Susan Inman,120,66,1,0,41,12
Carroll,GF WARDS 1 and 2,Secretary of State,,DEM,Susan Inman,115,0,5,0,75,35
Carroll,NE/NW HICKORY/COIN/LNG CRK,Secretary of State,,DEM,Susan Inman,143,0,6,0,88,49
Carroll,SW/SE HICKORY,Secretary of State,,DEM,Susan Inman,40,0,0,0,30,10
Carroll,BEAVER,Secretary of State,,DEM,Susan Inman,116,72,2,0,28,14
Carroll,CARROLLTON,Secretary of State,,DEM,Susan Inman,38,0,2,0,18,18
Carroll,DRY FORK,Secretary of State,,DEM,Susan Inman,17,0,0,0,12,5
Carroll,HOLIDAY ISLAND,Secretary of State,,DEM,Susan Inman,543,246,15,1,234,47
Carroll,KINGS RIVER,Secretary of State,,DEM,Susan Inman,101,9,4,1,24,63
Carroll,LIBERTY,Secretary of State,,DEM,Susan Inman,22,0,3,0,5,14
Carroll,NORTH YOCUM,Secretary of State,,DEM,Susan Inman,26,0,0,0,21,5
Carroll,OMEGA,Secretary of State,,DEM,Susan Inman,45,3,2,0,12,28
Carroll,OSAGE,Secretary of State,,DEM,Susan Inman,27,0,6,0,13,8
Carroll,PINEY,Secretary of State,,DEM,Susan Inman,16,0,0,0,7,9
Carroll,POLO,Secretary of State,,DEM,Susan Inman,73,0,0,0,31,42
Carroll,SOUTH YOCUM,Secretary of State,,DEM,Susan Inman,15,0,0,0,10,5
Carroll,JOHNSON SPRINGS,Secretary of State,,DEM,Susan Inman,506,296,19,1,135,55
Carroll,WINONA,Secretary of State,,DEM,Susan Inman,115,65,4,0,32,14
Carroll,BV WARDS 1 and 2,Secretary of State,,REP,John Thurston Commissioner of State Lands,769,3,11,2,308,445
Carroll,PRAIRIES/CABANAL,Secretary of State,,REP,John Thurston Commissioner of State Lands,579,2,13,1,254,309
Carroll,"ES WARDS 1, 2, 3",Secretary of State,,REP,John Thurston Commissioner of State Lands,273,116,8,0,128,21
Carroll,PACKARD SPRINGS,Secretary of State,,REP,John Thurston Commissioner of State Lands,110,45,2,0,52,11
Carroll,GF WARDS 1 and 2,Secretary of State,,REP,John Thurston Commissioner of State Lands,312,1,8,1,201,101
Carroll,NE/NW HICKORY/COIN/LNG CRK,Secretary of State,,REP,John Thurston Commissioner of State Lands,537,0,8,0,342,187
Carroll,SW/SE HICKORY,Secretary of State,,REP,John Thurston Commissioner of State Lands,136,0,3,2,102,29
Carroll,BEAVER,Secretary of State,,REP,John Thurston Commissioner of State Lands,98,43,0,0,45,10
Carroll,CARROLLTON,Secretary of State,,REP,John Thurston Commissioner of State Lands,173,0,1,2,129,41
Carroll,DRY FORK,Secretary of State,,REP,John Thurston Commissioner of State Lands,69,0,1,0,47,21
Carroll,HOLIDAY ISLAND,Secretary of State,,REP,John Thurston Commissioner of State Lands,737,194,26,0,417,100
Carroll,KINGS RIVER,Secretary of State,,REP,John Thurston Commissioner of State Lands,194,11,5,0,92,86
Carroll,LIBERTY,Secretary of State,,REP,John Thurston Commissioner of State Lands,42,0,0,0,21,21
Carroll,NORTH YOCUM,Secretary of State,,REP,John Thurston Commissioner of State Lands,161,0,2,1,121,37
Carroll,OMEGA,Secretary of State,,REP,John Thurston Commissioner of State Lands,99,0,6,1,41,51
Carroll,OSAGE,Secretary of State,,REP,John Thurston Commissioner of State Lands,75,0,3,0,59,13
Carroll,PINEY,Secretary of State,,REP,John Thurston Commissioner of State Lands,37,0,0,0,24,13
Carroll,POLO,Secretary of State,,REP,John Thurston Commissioner of State Lands,318,1,4,0,158,155
Carroll,SOUTH YOCUM,Secretary of State,,REP,John Thurston Commissioner of State Lands,117,0,4,3,77,33
Carroll,JOHNSON SPRINGS,Secretary of State,,REP,John Thurston Commissioner of State Lands,478,223,11,0,171,73
Carroll,WINONA,Secretary of State,,REP,John Thurston Commissioner of State Lands,103,26,3,0,45,29
Carroll,BV WARDS 1 and 2,State Treasurer,,LIB,Ashley Ewald,255,2,2,0,105,146
Carroll,PRAIRIES/CABANAL,State Treasurer,,LIB,Ashley Ewald,159,3,0,0,57,99
Carroll,"ES WARDS 1, 2, 3",State Treasurer,,LIB,Ashley Ewald,596,353,18,0,205,20
Carroll,PACKARD SPRINGS,State Treasurer,,LIB,Ashley Ewald,110,59,1,0,39,11
Carroll,GF WARDS 1 and 2,State Treasurer,,LIB,Ashley Ewald,87,0,3,0,55,29
Carroll,NE/NW HICKORY/COIN/LNG CRK,State Treasurer,,LIB,Ashley Ewald,109,0,4,0,62,43
Carroll,SW/SE HICKORY,State Treasurer,,LIB,Ashley Ewald,38,0,0,0,30,8
Carroll,BEAVER,State Treasurer,,LIB,Ashley Ewald,111,71,1,0,30,9
Carroll,CARROLLTON,State Treasurer,,LIB,Ashley Ewald,36,0,2,0,19,15
Carroll,DRY FORK,State Treasurer,,LIB,Ashley Ewald,10,0,0,0,7,3
Carroll,HOLIDAY ISLAND,State Treasurer,,LIB,Ashley Ewald,449,201,11,0,202,35
Carroll,KINGS RIVER,State Treasurer,,LIB,Ashley Ewald,93,12,4,1,21,55
Carroll,LIBERTY,State Treasurer,,LIB,Ashley Ewald,14,0,2,0,2,10
Carroll,NORTH YOCUM,State Treasurer,,LIB,Ashley Ewald,20,0,0,0,15,5
Carroll,OMEGA,State Treasurer,,LIB,Ashley Ewald,30,2,0,0,7,21
Carroll,OSAGE,State Treasurer,,LIB,Ashley Ewald,20,0,6,0,9,5
Carroll,PINEY,State Treasurer,,LIB,Ashley Ewald,5,0,0,0,1,4
Carroll,POLO,State Treasurer,,LIB,Ashley Ewald,50,0,0,0,16,34
Carroll,SOUTH YOCUM,State Treasurer,,LIB,Ashley Ewald,11,0,0,0,6,5
Carroll,JOHNSON SPRINGS,State Treasurer,,LIB,Ashley Ewald,440,239,11,1,142,47
Carroll,WINONA,State Treasurer,,LIB,Ashley Ewald,91,58,2,0,20,11
Carroll,BV WARDS 1 and 2,State Treasurer,,REP,Treasurer of State Dennis Milligan,846,4,14,2,334,492
Carroll,PRAIRIES/CABANAL,State Treasurer,,REP,Treasurer of State Dennis Milligan,639,2,17,1,270,349
Carroll,"ES WARDS 1, 2, 3",State Treasurer,,REP,Treasurer of State Dennis Milligan,363,161,9,0,163,30
Carroll,PACKARD SPRINGS,State Treasurer,,REP,Treasurer of State Dennis Milligan,119,48,2,0,56,13
Carroll,GF WARDS 1 and 2,State Treasurer,,REP,Treasurer of State Dennis Milligan,352,1,10,1,229,111
Carroll,NE/NW HICKORY/COIN/LNG CRK,State Treasurer,,REP,Treasurer of State Dennis Milligan,583,0,8,0,371,204
Carroll,SW/SE HICKORY,State Treasurer,,REP,Treasurer of State Dennis Milligan,145,0,3,2,110,30
Carroll,BEAVER,State Treasurer,,REP,Treasurer of State Dennis Milligan,106,43,0,0,49,14
Carroll,CARROLLTON,State Treasurer,,REP,Treasurer of State Dennis Milligan,179,0,1,2,132,44
Carroll,DRY FORK,State Treasurer,,REP,Treasurer of State Dennis Milligan,75,0,1,0,51,23
Carroll,HOLIDAY ISLAND,State Treasurer,,REP,Treasurer of State Dennis Milligan,840,234,27,0,466,113
Carroll,KINGS RIVER,State Treasurer,,REP,Treasurer of State Dennis Milligan,208,11,5,0,96,96
Carroll,LIBERTY,State Treasurer,,REP,Treasurer of State Dennis Milligan,48,0,1,0,24,23
Carroll,NORTH YOCUM,State Treasurer,,REP,Treasurer of State Dennis Milligan,171,0,2,1,129,39
Carroll,OMEGA,State Treasurer,,REP,Treasurer of State Dennis Milligan,113,1,8,1,46,57
Carroll,OSAGE,State Treasurer,,REP,Treasurer of State Dennis Milligan,86,0,3,0,65,18
Carroll,PINEY,State Treasurer,,REP,Treasurer of State Dennis Milligan,49,0,0,0,31,18
Carroll,POLO,State Treasurer,,REP,Treasurer of State Dennis Milligan,346,1,5,0,174,166
Carroll,SOUTH YOCUM,State Treasurer,,REP,Treasurer of State Dennis Milligan,123,0,4,3,83,33
Carroll,JOHNSON SPRINGS,State Treasurer,,REP,Treasurer of State Dennis Milligan,551,275,17,0,182,77
Carroll,WINONA,State Treasurer,,REP,Treasurer of State Dennis Milligan,128,34,3,0,58,33
Carroll,BV WARDS 1 and 2,Auditor of State,,LIB,David E. Dinwiddie,240,3,1,0,93,143
Carroll,PRAIRIES/CABANAL,Auditor of State,,LIB,David E. Dinwiddie,148,3,2,0,49,94
Carroll,"ES WARDS 1, 2, 3",Auditor of State,,LIB,David E. Dinwiddie,582,345,17,0,200,20
Carroll,PACKARD SPRINGS,Auditor of State,,LIB,David E. Dinwiddie,107,57,1,0,38,11
Carroll,GF WARDS 1 and 2,Auditor of State,,LIB,David E. Dinwiddie,80,0,3,0,50,27
Carroll,NE/NW HICKORY/COIN/LNG CRK,Auditor of State,,LIB,David E. Dinwiddie,112,0,4,0,65,43
Carroll,SW/SE HICKORY,Auditor of State,,LIB,David E. Dinwiddie,29,0,0,0,23,6
Carroll,BEAVER,Auditor of State,,LIB,David E. Dinwiddie,111,70,1,0,31,9
Carroll,CARROLLTON,Auditor of State,,LIB,David E. Dinwiddie,34,0,2,0,19,13
Carroll,DRY FORK,Auditor of State,,LIB,David E. Dinwiddie,10,0,0,0,7,3
Carroll,HOLIDAY ISLAND,Auditor of State,,LIB,David E. Dinwiddie,449,198,10,0,205,36
Carroll,KINGS RIVER,Auditor of State,,LIB,David E. Dinwiddie,85,10,3,0,19,53
Carroll,LIBERTY,Auditor of State,,LIB,David E. Dinwiddie,14,0,2,0,2,10
Carroll,NORTH YOCUM,Auditor of State,,LIB,David E. Dinwiddie,19,0,0,0,15,4
Carroll,OMEGA,Auditor of State,,LIB,David E. Dinwiddie,27,2,0,0,7,18
Carroll,OSAGE,Auditor of State,,LIB,David E. Dinwiddie,24,0,6,0,13,5
Carroll,PINEY,Auditor of State,,LIB,David E. Dinwiddie,7,0,0,0,2,5
Carroll,POLO,Auditor of State,,LIB,David E. Dinwiddie,45,0,0,0,17,28
Carroll,SOUTH YOCUM,Auditor of State,,LIB,David E. Dinwiddie,16,0,0,0,10,6
Carroll,JOHNSON SPRINGS,Auditor of State,,LIB,David E. Dinwiddie,424,232,12,1,133,46
Carroll,WINONA,Auditor of State,,LIB,David E. Dinwiddie,90,58,1,0,21,10
Carroll,BV WARDS 1 and 2,Auditor of State,,REP,Auditor Andrea Lea,856,3,14,2,345,492
Carroll,PRAIRIES/CABANAL,Auditor of State,,REP,Auditor Andrea Lea,648,2,15,1,277,353
Carroll,"ES WARDS 1, 2, 3",Auditor of State,,REP,Auditor Andrea Lea,377,168,10,0,169,30
Carroll,PACKARD SPRINGS,Auditor of State,,REP,Auditor Andrea Lea,125,53,2,0,57,13
Carroll,GF WARDS 1 and 2,Auditor of State,,REP,Auditor Andrea Lea,360,1,10,1,236,112
Carroll,NE/NW HICKORY/COIN/LNG CRK,Auditor of State,,REP,Auditor Andrea Lea,582,0,8,0,369,205
Carroll,SW/SE HICKORY,Auditor of State,,REP,Auditor Andrea Lea,155,0,3,2,117,33
Carroll,BEAVER,Auditor of State,,REP,Auditor Andrea Lea,106,43,0,0,48,15
Carroll,CARROLLTON,Auditor of State,,REP,Auditor Andrea Lea,181,0,1,2,131,47
Carroll,DRY FORK,Auditor of State,,REP,Auditor Andrea Lea,75,0,1,0,51,23
Carroll,HOLIDAY ISLAND,Auditor of State,,REP,Auditor Andrea Lea,839,235,27,0,466,111
Carroll,KINGS RIVER,Auditor of State,,REP,Auditor Andrea Lea,216,13,6,1,97,99
Carroll,LIBERTY,Auditor of State,,REP,Auditor Andrea Lea,49,0,1,0,24,24
Carroll,NORTH YOCUM,Auditor of State,,REP,Auditor Andrea Lea,172,0,2,1,129,40
Carroll,OMEGA,Auditor of State,,REP,Auditor Andrea Lea,117,1,8,1,46,61
Carroll,OSAGE,Auditor of State,,REP,Auditor Andrea Lea,82,0,3,0,61,18
Carroll,PINEY,Auditor of State,,REP,Auditor Andrea Lea,47,0,0,0,30,17
Carroll,POLO,Auditor of State,,REP,Auditor Andrea Lea,348,1,5,0,172,170
Carroll,SOUTH YOCUM,Auditor of State,,REP,Auditor Andrea Lea,121,0,4,3,81,33
Carroll,JOHNSON SPRINGS,Auditor of State,,REP,Auditor Andrea Lea,561,282,16,0,186,77
Carroll,WINONA,Auditor of State,,REP,Auditor Andrea Lea,127,34,3,0,57,33
Carroll,BV WARDS 1 and 2,Commissioner of State Lands,,LIB,T.J. Campbell,42,1,0,0,15,26
Carroll,PRAIRIES/CABANAL,Commissioner of State Lands,,LIB,T.J. Campbell,28,0,1,0,15,12
Carroll,"ES WARDS 1, 2, 3",Commissioner of State Lands,,LIB,T.J. Campbell,43,20,1,0,20,2
Carroll,PACKARD SPRINGS,Commissioner of State Lands,,LIB,T.J. Campbell,8,3,0,0,5,0
Carroll,GF WARDS 1 and 2,Commissioner of State Lands,,LIB,T.J. Campbell,14,0,1,0,8,5
Carroll,NE/NW HICKORY/COIN/LNG CRK,Commissioner of State Lands,,LIB,T.J. Campbell,19,0,1,0,11,7
Carroll,SW/SE HICKORY,Commissioner of State Lands,,LIB,T.J. Campbell,8,0,0,0,8,0
Carroll,BEAVER,Commissioner of State Lands,,LIB,T.J. Campbell,11,5,0,0,6,0
Carroll,CARROLLTON,Commissioner of State Lands,,LIB,T.J. Campbell,6,0,0,0,5,1
Carroll,DRY FORK,Commissioner of State Lands,,LIB,T.J. Campbell,0,0,0,0,0,0
Carroll,HOLIDAY ISLAND,Commissioner of State Lands,,LIB,T.J. Campbell,43,7,2,0,31,3
Carroll,KINGS RIVER,Commissioner of State Lands,,LIB,T.J. Campbell,10,3,0,0,2,5
Carroll,LIBERTY,Commissioner of State Lands,,LIB,T.J. Campbell,1,0,0,0,1,0
Carroll,NORTH YOCUM,Commissioner of State Lands,,LIB,T.J. Campbell,7,0,0,0,6,1
Carroll,OMEGA,Commissioner of State Lands,,LIB,T.J. Campbell,3,0,0,0,1,2
Carroll,OSAGE,Commissioner of State Lands,,LIB,T.J. Campbell,7,0,0,0,6,1
Carroll,PINEY,Commissioner of State Lands,,LIB,T.J. Campbell,0,0,0,0,0,0
Carroll,POLO,Commissioner of State Lands,,LIB,T.J. Campbell,3,0,1,0,0,2
Carroll,SOUTH YOCUM,Commissioner of State Lands,,LIB,T.J. Campbell,0,0,0,0,0,0
Carroll,JOHNSON SPRINGS,Commissioner of State Lands,,LIB,T.J. Campbell,36,10,0,0,24,2
Carroll,WINONA,Commissioner of State Lands,,LIB,T.J. Campbell,2,1,0,0,1,0
Carroll,BV WARDS 1 and 2,Commissioner of State Lands,,DEM,Larry Williams,324,2,9,0,126,187
Carroll,PRAIRIES/CABANAL,Commissioner of State Lands,,DEM,Larry Williams,202,3,4,0,66,129
Carroll,"ES WARDS 1, 2, 3",Commissioner of State Lands,,DEM,Larry Williams,667,395,18,0,228,26
Carroll,PACKARD SPRINGS,Commissioner of State Lands,,DEM,Larry Williams,116,65,1,0,37,13
Carroll,GF WARDS 1 and 2,Commissioner of State Lands,,DEM,Larry Williams,126,0,4,0,87,35
Carroll,NE/NW HICKORY/COIN/LNG CRK,Commissioner of State Lands,,DEM,Larry Williams,166,0,5,0,96,65
Carroll,SW/SE HICKORY,Commissioner of State Lands,,DEM,Larry Williams,43,0,0,1,29,13
Carroll,BEAVER,Commissioner of State Lands,,DEM,Larry Williams,114,71,2,0,28,13
Carroll,CARROLLTON,Commissioner of State Lands,,DEM,Larry Williams,38,0,2,2,18,16
Carroll,DRY FORK,Commissioner of State Lands,,DEM,Larry Williams,18,0,0,0,13,5
Carroll,HOLIDAY ISLAND,Commissioner of State Lands,,DEM,Larry Williams,539,243,15,1,231,49
Carroll,KINGS RIVER,Commissioner of State Lands,,DEM,Larry Williams,105,11,5,1,25,63
Carroll,LIBERTY,Commissioner of State Lands,,DEM,Larry Williams,22,0,2,0,5,15
Carroll,NORTH YOCUM,Commissioner of State Lands,,DEM,Larry Williams,26,0,0,0,21,5
Carroll,OMEGA,Commissioner of State Lands,,DEM,Larry Williams,41,3,2,0,11,25
Carroll,OSAGE,Commissioner of State Lands,,DEM,Larry Williams,27,0,6,0,13,8
Carroll,PINEY,Commissioner of State Lands,,DEM,Larry Williams,16,0,0,0,7,9
Carroll,POLO,Commissioner of State Lands,,DEM,Larry Williams,79,0,0,0,34,45
Carroll,SOUTH YOCUM,Commissioner of State Lands,,DEM,Larry Williams,18,0,0,0,13,5
Carroll,JOHNSON SPRINGS,Commissioner of State Lands,,DEM,Larry Williams,491,289,19,1,128,54
Carroll,WINONA,Commissioner of State Lands,,DEM,Larry Williams,118,67,4,0,33,14
Carroll,BV WARDS 1 and 2,Commissioner of State Lands,,REP,Tommy Land,749,3,12,2,299,433
Carroll,PRAIRIES/CABANAL,Commissioner of State Lands,,REP,Tommy Land,575,2,12,1,248,312
Carroll,"ES WARDS 1, 2, 3",Commissioner of State Lands,,REP,Tommy Land,267,113,8,0,124,22
Carroll,PACKARD SPRINGS,Commissioner of State Lands,,REP,Tommy Land,112,44,2,0,55,11
Carroll,GF WARDS 1 and 2,Commissioner of State Lands,,REP,Tommy Land,302,1,8,1,192,100
Carroll,NE/NW HICKORY/COIN/LNG CRK,Commissioner of State Lands,,REP,Tommy Land,510,0,8,0,326,176
Carroll,SW/SE HICKORY,Commissioner of State Lands,,REP,Tommy Land,132,0,3,1,102,26
Carroll,BEAVER,Commissioner of State Lands,,REP,Tommy Land,97,40,0,0,46,11
Carroll,CARROLLTON,Commissioner of State Lands,,REP,Tommy Land,170,0,1,0,127,42
Carroll,DRY FORK,Commissioner of State Lands,,REP,Tommy Land,70,0,1,0,48,21
Carroll,HOLIDAY ISLAND,Commissioner of State Lands,,REP,Tommy Land,734,198,24,0,414,98
Carroll,KINGS RIVER,Commissioner of State Lands,,REP,Tommy Land,188,9,4,0,88,87
Carroll,LIBERTY,Commissioner of State Lands,,REP,Tommy Land,42,0,1,0,20,21
Carroll,NORTH YOCUM,Commissioner of State Lands,,REP,Tommy Land,157,0,2,1,117,37
Carroll,OMEGA,Commissioner of State Lands,,REP,Tommy Land,100,0,6,1,41,52
Carroll,OSAGE,Commissioner of State Lands,,REP,Tommy Land,74,0,3,0,57,14
Carroll,PINEY,Commissioner of State Lands,,REP,Tommy Land,38,0,0,0,24,14
Carroll,POLO,Commissioner of State Lands,,REP,Tommy Land,315,1,4,0,158,152
Carroll,SOUTH YOCUM,Commissioner of State Lands,,REP,Tommy Land,119,0,4,3,78,34
Carroll,JOHNSON SPRINGS,Commissioner of State Lands,,REP,Tommy Land,483,226,11,0,173,73
Carroll,WINONA,Commissioner of State Lands,,REP,Tommy Land,104,26,3,0,45,30
Carroll,BV WARDS 1 and 2,State Senate District 5,,DEM,Jim Wallace,344,2,9,0,121,212
Carroll,PRAIRIES/CABANAL,State Senate District 5,,DEM,Jim Wallace,226,3,4,0,77,142
Carroll,"ES WARDS 1, 2, 3",State Senate District 5,,DEM,Jim Wallace,682,408,18,0,231,25
Carroll,PACKARD SPRINGS,State Senate District 5,,DEM,Jim Wallace,120,66,1,0,41,12
Carroll,NE/NW HICKORY/COIN/LNG CRK,State Senate District 5,,DEM,Jim Wallace,159,0,6,0,95,58
Carroll,BEAVER,State Senate District 5,,DEM,Jim Wallace,124,77,2,0,31,14
Carroll,DRY FORK,State Senate District 5,,DEM,Jim Wallace,19,0,0,0,13,6
Carroll,HOLIDAY ISLAND,State Senate District 5,,DEM,Jim Wallace,547,247,15,1,235,49
Carroll,KINGS RIVER,State Senate District 5,,DEM,Jim Wallace,110,10,3,1,30,66
Carroll,NORTH YOCUM,State Senate District 5,,DEM,Jim Wallace,24,0,0,0,20,4
Carroll,OMEGA,State Senate District 5,,DEM,Jim Wallace,44,3,1,0,11,29
Carroll,PINEY,State Senate District 5,,DEM,Jim Wallace,17,0,0,0,8,9
Carroll,POLO,State Senate District 5,,DEM,Jim Wallace,67,0,0,0,24,43
Carroll,SOUTH YOCUM,State Senate District 5,,DEM,Jim Wallace,19,0,0,0,13,6
Carroll,JOHNSON SPRINGS,State Senate District 5,,DEM,Jim Wallace,526,301,19,1,148,57
Carroll,WINONA,State Senate District 5,,DEM,Jim Wallace,123,71,4,0,35,13
Carroll,BV WARDS 1 and 2,State Senate District 5,,LIB,Lee Evans,45,1,2,0,17,25
Carroll,PRAIRIES/CABANAL,State Senate District 5,,LIB,Lee Evans,29,1,1,0,11,16
Carroll,"ES WARDS 1, 2, 3",State Senate District 5,,LIB,Lee Evans,36,14,0,0,19,3
Carroll,PACKARD SPRINGS,State Senate District 5,,LIB,Lee Evans,4,2,0,0,2,0
Carroll,NE/NW HICKORY/COIN/LNG CRK,State Senate District 5,,LIB,Lee Evans,23,0,0,0,13,10
Carroll,BEAVER,State Senate District 5,,LIB,Lee Evans,5,1,0,0,4,0
Carroll,DRY FORK,State Senate District 5,,LIB,Lee Evans,2,0,0,0,2,0
Carroll,HOLIDAY ISLAND,State Senate District 5,,LIB,Lee Evans,39,9,2,0,23,5
Carroll,KINGS RIVER,State Senate District 5,,LIB,Lee Evans,10,0,0,0,1,9
Carroll,NORTH YOCUM,State Senate District 5,,LIB,Lee Evans,5,0,0,0,4,1
Carroll,OMEGA,State Senate District 5,,LIB,Lee Evans,0,0,0,0,0,0
Carroll,PINEY,State Senate District 5,,LIB,Lee Evans,4,0,0,0,4,0
Carroll,POLO,State Senate District 5,,LIB,Lee Evans,19,0,1,0,6,12
Carroll,SOUTH YOCUM,State Senate District 5,,LIB,Lee Evans,6,0,2,0,3,1
Carroll,JOHNSON SPRINGS,State Senate District 5,,LIB,Lee Evans,30,12,0,0,17,1
Carroll,WINONA,State Senate District 5,,LIB,Lee Evans,2,0,0,0,0,2
Carroll,BV WARDS 1 and 2,State Senate District 5,,REP,Representative Bob Ballinger,729,3,10,2,303,411
Carroll,PRAIRIES/CABANAL,State Senate District 5,,REP,Representative Bob Ballinger,547,1,12,1,241,292
Carroll,"ES WARDS 1, 2, 3",State Senate District 5,,REP,Representative Bob Ballinger,262,107,9,0,124,22
Carroll,PACKARD SPRINGS,State Senate District 5,,REP,Representative Bob Ballinger,112,44,2,0,54,12
Carroll,NE/NW HICKORY/COIN/LNG CRK,State Senate District 5,,REP,Representative Bob Ballinger,519,0,8,0,331,180
Carroll,BEAVER,State Senate District 5,,REP,Representative Bob Ballinger,93,38,0,0,45,10
Carroll,DRY FORK,State Senate District 5,,REP,Representative Bob Ballinger,67,0,1,0,46,20
Carroll,HOLIDAY ISLAND,State Senate District 5,,REP,Representative Bob Ballinger,735,193,24,0,421,97
Carroll,KINGS RIVER,State Senate District 5,,REP,Representative Bob Ballinger,183,12,6,0,86,79
Carroll,NORTH YOCUM,State Senate District 5,,REP,Representative Bob Ballinger,161,0,2,1,120,38
Carroll,OMEGA,State Senate District 5,,REP,Representative Bob Ballinger,101,0,7,1,42,51
Carroll,PINEY,State Senate District 5,,REP,Representative Bob Ballinger,35,0,0,0,21,14
Carroll,POLO,State Senate District 5,,REP,Representative Bob Ballinger,305,1,4,0,159,141
Carroll,SOUTH YOCUM,State Senate District 5,,REP,Representative Bob Ballinger,111,0,2,3,74,32
Carroll,JOHNSON SPRINGS,State Senate District 5,,REP,Representative Bob Ballinger,458,213,11,0,164,70
Carroll,WINONA,State Senate District 5,,REP,Representative Bob Ballinger,104,23,3,0,46,32
Carroll,BV WARDS 1 and 2,State Representative District 97,,REP,Harlan Breaux,768,4,13,2,308,441
Carroll,PRAIRIES/CABANAL,State Representative District 97,,REP,Harlan Breaux,570,2,12,1,247,308
Carroll,"ES WARDS 1, 2, 3",State Representative District 97,,REP,Harlan Breaux,281,117,8,0,131,25
Carroll,PACKARD SPRINGS,State Representative District 97,,REP,Harlan Breaux,113,47,2,0,53,11
Carroll,BEAVER,State Representative District 97,,REP,Harlan Breaux,102,42,0,0,49,11
Carroll,HOLIDAY ISLAND,State Representative District 97,,REP,Harlan Breaux,765,204,26,0,434,101
Carroll,JOHNSON SPRINGS,State Representative District 97,,REP,Harlan Breaux,486,231,8,0,174,73
Carroll,WINONA,State Representative District 97,,REP,Harlan Breaux,104,25,3,0,47,29
Carroll,BV WARDS 1 and 2,State Representative District 97,,DEM,Gary L. Morris,352,2,8,0,132,210
Carroll,PRAIRIES/CABANAL,State Representative District 97,,DEM,Gary L. Morris,233,3,4,0,83,143
Carroll,"ES WARDS 1, 2, 3",State Representative District 97,,DEM,Gary L. Morris,696,411,19,0,241,25
Carroll,PACKARD SPRINGS,State Representative District 97,,DEM,Gary L. Morris,123,65,1,0,44,13
Carroll,BEAVER,State Representative District 97,,DEM,Gary L. Morris,120,74,2,0,31,13
Carroll,HOLIDAY ISLAND,State Representative District 97,,DEM,Gary L. Morris,557,245,15,1,246,50
Carroll,JOHNSON SPRINGS,State Representative District 97,,DEM,Gary L. Morris,526,297,19,1,153,56
Carroll,WINONA,State Representative District 97,,DEM,Gary L. Morris,120,69,4,0,32,15
Carroll,BV WARDS 1 and 2,State Supreme Court Associate Justice Position 3,,NON,State Supreme Court Justice Courtney Goodson,618,2,10,1,270,335
Carroll,PRAIRIES/CABANAL,State Supreme Court Associate Justice Position 3,,NON,State Supreme Court Justice Courtney Goodson,441,3,9,0,188,241
Carroll,"ES WARDS 1, 2, 3",State Supreme Court Associate Justice Position 3,,NON,State Supreme Court Justice Courtney Goodson,535,293,9,0,204,29
Carroll,PACKARD SPRINGS,State Supreme Court Associate Justice Position 3,,NON,State Supreme Court Justice Courtney Goodson,111,58,0,0,45,8
Carroll,GF WARDS 1 and 2,State Supreme Court Associate Justice Position 3,,NON,State Supreme Court Justice Courtney Goodson,235,1,7,0,153,74
Carroll,NE/NW HICKORY/COIN/LNG CRK,State Supreme Court Associate Justice Position 3,,NON,State Supreme Court Justice Courtney Goodson,398,0,4,0,266,128
Carroll,SW/SE HICKORY,State Supreme Court Associate Justice Position 3,,NON,State Supreme Court Justice Courtney Goodson,109,0,2,1,81,25
Carroll,BEAVER,State Supreme Court Associate Justice Position 3,,NON,State Supreme Court Justice Courtney Goodson,116,65,2,0,33,16
Carroll,CARROLLTON,State Supreme Court Associate Justice Position 3,,NON,State Supreme Court Justice Courtney Goodson,110,0,0,2,74,34
Carroll,DRY FORK,State Supreme Court Associate Justice Position 3,,NON,State Supreme Court Justice Courtney Goodson,53,0,0,0,39,14
Carroll,HOLIDAY ISLAND,State Supreme Court Associate Justice Position 3,,NON,State Supreme Court Justice Courtney Goodson,694,267,16,1,333,77
Carroll,KINGS RIVER,State Supreme Court Associate Justice Position 3,,NON,State Supreme Court Justice Courtney Goodson,167,11,6,1,69,80
Carroll,LIBERTY,State Supreme Court Associate Justice Position 3,,NON,State Supreme Court Justice Courtney Goodson,45,0,2,0,18,25
Carroll,NORTH YOCUM,State Supreme Court Associate Justice Position 3,,NON,State Supreme Court Justice Courtney Goodson,102,0,0,0,84,18
Carroll,OMEGA,State Supreme Court Associate Justice Position 3,,NON,State Supreme Court Justice Courtney Goodson,67,2,2,1,24,38
Carroll,OSAGE,State Supreme Court Associate Justice Position 3,,NON,State Supreme Court Justice Courtney Goodson,54,0,6,0,36,12
Carroll,PINEY,State Supreme Court Associate Justice Position 3,,NON,State Supreme Court Justice Courtney Goodson,27,0,0,0,14,13
Carroll,POLO,State Supreme Court Associate Justice Position 3,,NON,State Supreme Court Justice Courtney Goodson,200,1,3,0,99,97
Carroll,SOUTH YOCUM,State Supreme Court Associate Justice Position 3,,NON,State Supreme Court Justice Courtney Goodson,63,0,2,2,43,16
Carroll,JOHNSON SPRINGS,State Supreme Court Associate Justice Position 3,,NON,State Supreme Court Justice Courtney Goodson,545,291,18,0,178,58
Carroll,WINONA,State Supreme Court Associate Justice Position 3,,NON,State Supreme Court Justice Courtney Goodson,129,52,5,0,40,32
Carroll,BV WARDS 1 and 2,State Supreme Court Associate Justice Position 3,,NON,David Sterling,471,4,9,1,166,291
Carroll,PRAIRIES/CABANAL,State Supreme Court Associate Justice Position 3,,NON,David Sterling,334,2,7,1,133,191
Carroll,"ES WARDS 1, 2, 3",State Supreme Court Associate Justice Position 3,,NON,David Sterling,390,204,15,0,153,18
Carroll,PACKARD SPRINGS,State Supreme Court Associate Justice Position 3,,NON,David Sterling,112,48,2,0,46,16
Carroll,GF WARDS 1 and 2,State Supreme Court Associate Justice Position 3,,NON,David Sterling,201,0,5,1,129,66
Carroll,NE/NW HICKORY/COIN/LNG CRK,State Supreme Court Associate Justice Position 3,,NON,David Sterling,270,0,9,0,158,103
Carroll,SW/SE HICKORY,State Supreme Court Associate Justice Position 3,,NON,David Sterling,70,0,0,1,57,12
Carroll,BEAVER,State Supreme Court Associate Justice Position 3,,NON,David Sterling,91,44,0,0,41,6
Carroll,CARROLLTON,State Supreme Court Associate Justice Position 3,,NON,David Sterling,101,0,1,0,76,24
Carroll,DRY FORK,State Supreme Court Associate Justice Position 3,,NON,David Sterling,34,0,1,0,21,12
Carroll,HOLIDAY ISLAND,State Supreme Court Associate Justice Position 3,,NON,David Sterling,569,166,14,0,326,63
Carroll,KINGS RIVER,State Supreme Court Associate Justice Position 3,,NON,David Sterling,120,12,3,0,40,65
Carroll,LIBERTY,State Supreme Court Associate Justice Position 3,,NON,David Sterling,18,0,1,0,8,9
Carroll,NORTH YOCUM,State Supreme Court Associate Justice Position 3,,NON,David Sterling,83,0,2,1,57,23
Carroll,OMEGA,State Supreme Court Associate Justice Position 3,,NON,David Sterling,73,0,5,0,28,40
Carroll,OSAGE,State Supreme Court Associate Justice Position 3,,NON,David Sterling,52,0,3,0,38,11
Carroll,PINEY,State Supreme Court Associate Justice Position 3,,NON,David Sterling,27,0,0,0,17,10
Carroll,POLO,State Supreme Court Associate Justice Position 3,,NON,David Sterling,180,0,1,0,86,93
Carroll,SOUTH YOCUM,State Supreme Court Associate Justice Position 3,,NON,David Sterling,66,0,1,1,42,22
Carroll,JOHNSON SPRINGS,State Supreme Court Associate Justice Position 3,,NON,David Sterling,427,213,9,1,140,64
Carroll,WINONA,State Supreme Court Associate Justice Position 3,,NON,David Sterling,86,36,1,0,36,13
Carroll,BV WARDS 1 and 2,Co. Jdge,,DEM,Sam L. Barr,526,3,13,0,205,305
Carroll,PRAIRIES/CABANAL,Co. Jdge,,DEM,Sam L. Barr,435,4,6,1,166,258
Carroll,"ES WARDS 1, 2, 3",Co. Jdge,,DEM,Sam L. Barr,623,363,21,0,212,27
Carroll,PACKARD SPRINGS,Co. Jdge,,DEM,Sam L. Barr,129,63,1,0,51,14
Carroll,GF WARDS 1 and 2,Co. Jdge,,DEM,Sam L. Barr,260,0,6,0,163,91
Carroll,NE/NW HICKORY/COIN/LNG CRK,Co. Jdge,,DEM,Sam L. Barr,404,0,8,0,266,130
Carroll,SW/SE HICKORY,Co. Jdge,,DEM,Sam L. Barr,115,0,3,2,89,21
Carroll,BEAVER,Co. Jdge,,DEM,Sam L. Barr,119,74,2,0,34,9
Carroll,CARROLLTON,Co. Jdge,,DEM,Sam L. Barr,130,0,3,2,79,46
Carroll,DRY FORK,Co. Jdge,,DEM,Sam L. Barr,44,0,0,0,34,10
Carroll,HOLIDAY ISLAND,Co. Jdge,,DEM,Sam L. Barr,531,221,18,1,235,56
Carroll,KINGS RIVER,Co. Jdge,,DEM,Sam L. Barr,156,9,5,1,57,84
Carroll,LIBERTY,Co. Jdge,,DEM,Sam L. Barr,38,0,3,0,14,21
Carroll,NORTH YOCUM,Co. Jdge,,DEM,Sam L. Barr,88,0,0,0,72,16
Carroll,OMEGA,Co. Jdge,,DEM,Sam L. Barr,81,3,4,1,26,47
Carroll,OSAGE,Co. Jdge,,DEM,Sam L. Barr,58,0,8,0,39,11
Carroll,PINEY,Co. Jdge,,DEM,Sam L. Barr,28,0,0,0,15,13
Carroll,POLO,Co. Jdge,,DEM,Sam L. Barr,215,0,1,0,102,112
Carroll,SOUTH YOCUM,Co. Jdge,,DEM,Sam L. Barr,73,0,2,1,55,15
Carroll,JOHNSON SPRINGS,Co. Jdge,,DEM,Sam L. Barr,498,256,18,1,159,64
Carroll,WINONA,Co. Jdge,,DEM,Sam L. Barr,123,62,4,0,37,20
Carroll,BV WARDS 1 and 2,Co. Jdge,,REP,Charles B. Reece,598,3,9,2,239,345
Carroll,PRAIRIES/CABANAL,Co. Jdge,,REP,Charles B. Reece,373,1,10,0,165,197
Carroll,"ES WARDS 1, 2, 3",Co. Jdge,,REP,Charles B. Reece,354,163,6,0,162,23
Carroll,PACKARD SPRINGS,Co. Jdge,,REP,Charles B. Reece,106,49,2,0,45,10
Carroll,GF WARDS 1 and 2,Co. Jdge,,REP,Charles B. Reece,180,1,7,1,120,51
Carroll,NE/NW HICKORY/COIN/LNG CRK,Co. Jdge,,REP,Charles B. Reece,295,0,5,0,173,117
Carroll,SW/SE HICKORY,Co. Jdge,,REP,Charles B. Reece,70,0,0,0,51,19
Carroll,BEAVER,Co. Jdge,,REP,Charles B. Reece,101,41,0,0,45,15
Carroll,CARROLLTON,Co. Jdge,,REP,Charles B. Reece,87,0,0,0,73,14
Carroll,DRY FORK,Co. Jdge,,REP,Charles B. Reece,44,0,1,0,27,16
Carroll,HOLIDAY ISLAND,Co. Jdge,,REP,Charles B. Reece,787,226,22,0,443,96
Carroll,KINGS RIVER,Co. Jdge,,REP,Charles B. Reece,147,14,4,0,57,72
Carroll,LIBERTY,Co. Jdge,,REP,Charles B. Reece,26,0,0,0,12,14
Carroll,NORTH YOCUM,Co. Jdge,,REP,Charles B. Reece,102,0,2,1,71,28
Carroll,OMEGA,Co. Jdge,,REP,Charles B. Reece,61,0,4,0,24,33
Carroll,OSAGE,Co. Jdge,,REP,Charles B. Reece,49,0,1,0,36,12
Carroll,PINEY,Co. Jdge,,REP,Charles B. Reece,28,0,0,0,18,10
Carroll,POLO,Co. Jdge,,REP,Charles B. Reece,181,1,4,0,87,89
Carroll,SOUTH YOCUM,Co. Jdge,,REP,Charles B. Reece,63,0,2,2,35,24
Carroll,JOHNSON SPRINGS,Co. Jdge,,REP,Charles B. Reece,517,271,11,0,170,65
Carroll,WINONA,Co. Jdge,,REP,Charles B. Reece,106,32,3,0,44,27
Carroll,BV WARDS 1 and 2,County Clerk,,REP,Connie T Doss,661,4,12,1,274,370
Carroll,PRAIRIES/CABANAL,County Clerk,,REP,Connie T Doss,474,1,12,1,206,254
Carroll,"ES WARDS 1, 2, 3",County Clerk,,REP,Connie T Doss,282,115,6,0,137,24
Carroll,PACKARD SPRINGS,County Clerk,,REP,Connie T Doss,109,45,2,0,47,15
Carroll,GF WARDS 1 and 2,County Clerk,,REP,Connie T Doss,254,1,8,1,162,82
Carroll,NE/NW HICKORY/COIN/LNG CRK,County Clerk,,REP,Connie T Doss,454,0,8,0,289,157
Carroll,SW/SE HICKORY,County Clerk,,REP,Connie T Doss,118,0,2,1,93,22
Carroll,BEAVER,County Clerk,,REP,Connie T Doss,95,39,0,0,48,8
Carroll,CARROLLTON,County Clerk,,REP,Connie T Doss,158,0,0,0,114,44
Carroll,DRY FORK,County Clerk,,REP,Connie T Doss,53,0,1,0,38,14
Carroll,HOLIDAY ISLAND,County Clerk,,REP,Connie T Doss,712,191,17,0,418,86
Carroll,KINGS RIVER,County Clerk,,REP,Connie T Doss,168,13,5,0,72,78
Carroll,LIBERTY,County Clerk,,REP,Connie T Doss,30,0,0,0,16,14
Carroll,NORTH YOCUM,County Clerk,,REP,Connie T Doss,137,0,2,1,96,38
Carroll,OMEGA,County Clerk,,REP,Connie T Doss,83,0,5,0,35,43
Carroll,OSAGE,County Clerk,,REP,Connie T Doss,73,0,3,0,58,12
Carroll,PINEY,County Clerk,,REP,Connie T Doss,38,0,0,0,23,15
Carroll,POLO,County Clerk,,REP,Connie T Doss,248,0,1,0,126,121
Carroll,SOUTH YOCUM,County Clerk,,REP,Connie T Doss,96,0,4,3,60,29
Carroll,JOHNSON SPRINGS,County Clerk,,REP,Connie T Doss,479,222,12,0,179,66
Carroll,WINONA,County Clerk,,REP,Connie T Doss,101,29,3,0,43,26
Carroll,BV WARDS 1 and 2,County Clerk,,DEM,Jamie Correia,460,2,8,1,170,279
Carroll,PRAIRIES/CABANAL,County Clerk,,DEM,Jamie Correia,327,4,4,0,124,195
Carroll,"ES WARDS 1, 2, 3",County Clerk,,DEM,Jamie Correia,696,411,21,0,238,26
Carroll,PACKARD SPRINGS,County Clerk,,DEM,Jamie Correia,126,67,1,0,50,8
Carroll,GF WARDS 1 and 2,County Clerk,,DEM,Jamie Correia,190,0,5,0,125,60
Carroll,NE/NW HICKORY/COIN/LNG CRK,County Clerk,,DEM,Jamie Correia,244,0,5,0,148,91
Carroll,SW/SE HICKORY,County Clerk,,DEM,Jamie Correia,67,0,1,1,47,18
Carroll,BEAVER,County Clerk,,DEM,Jamie Correia,127,77,2,0,32,16
Carroll,CARROLLTON,County Clerk,,DEM,Jamie Correia,59,0,3,2,38,16
Carroll,DRY FORK,County Clerk,,DEM,Jamie Correia,34,0,0,0,22,12
Carroll,HOLIDAY ISLAND,County Clerk,,DEM,Jamie Correia,604,257,24,1,257,65
Carroll,KINGS RIVER,County Clerk,,DEM,Jamie Correia,133,8,4,1,43,77
Carroll,LIBERTY,County Clerk,,DEM,Jamie Correia,34,0,3,0,9,22
Carroll,NORTH YOCUM,County Clerk,,DEM,Jamie Correia,54,0,0,0,48,6
Carroll,OMEGA,County Clerk,,DEM,Jamie Correia,61,3,3,1,18,36
Carroll,OSAGE,County Clerk,,DEM,Jamie Correia,35,0,6,0,18,11
Carroll,PINEY,County Clerk,,DEM,Jamie Correia,17,0,0,0,10,7
Carroll,POLO,County Clerk,,DEM,Jamie Correia,151,1,4,0,66,80
Carroll,SOUTH YOCUM,County Clerk,,DEM,Jamie Correia,41,0,0,0,31,10
Carroll,JOHNSON SPRINGS,County Clerk,,DEM,Jamie Correia,536,305,17,1,150,63
Carroll,WINONA,County Clerk,,DEM,Jamie Correia,126,64,4,0,37,21
Carroll,BV WARDS 1 and 2,Circuit Clerk,,DEM,Ramona Wilson,1040,6,18,2,414,600
Carroll,PRAIRIES/CABANAL,Circuit Clerk,,DEM,Ramona Wilson,759,5,12,0,317,425
Carroll,"ES WARDS 1, 2, 3",Circuit Clerk,,DEM,Ramona Wilson,934,510,24,0,355,45
Carroll,PACKARD SPRINGS,Circuit Clerk,,DEM,Ramona Wilson,210,103,1,0,84,22
Carroll,GF WARDS 1 and 2,Circuit Clerk,,DEM,Ramona Wilson,417,1,9,1,271,135
Carroll,NE/NW HICKORY/COIN/LNG CRK,Circuit Clerk,,DEM,Ramona Wilson,661,0,10,0,425,226
Carroll,SW/SE HICKORY,Circuit Clerk,,DEM,Ramona Wilson,177,0,3,2,136,36
Carroll,BEAVER,Circuit Clerk,,DEM,Ramona Wilson,198,110,1,0,67,20
Carroll,CARROLLTON,Circuit Clerk,,DEM,Ramona Wilson,204,0,2,2,143,57
Carroll,DRY FORK,Circuit Clerk,,DEM,Ramona Wilson,81,0,0,0,58,23
Carroll,HOLIDAY ISLAND,Circuit Clerk,,DEM,Ramona Wilson,1156,413,25,1,595,122
Carroll,KINGS RIVER,Circuit Clerk,,DEM,Ramona Wilson,273,23,8,1,104,137
Carroll,LIBERTY,Circuit Clerk,,DEM,Ramona Wilson,61,0,3,0,25,33
Carroll,NORTH YOCUM,Circuit Clerk,,DEM,Ramona Wilson,172,0,0,1,131,40
Carroll,OMEGA,Circuit Clerk,,DEM,Ramona Wilson,139,3,7,1,49,79
Carroll,OSAGE,Circuit Clerk,,DEM,Ramona Wilson,101,0,8,0,71,22
Carroll,PINEY,Circuit Clerk,,DEM,Ramona Wilson,51,0,0,0,31,20
Carroll,POLO,Circuit Clerk,,DEM,Ramona Wilson,369,1,5,0,175,188
Carroll,SOUTH YOCUM,Circuit Clerk,,DEM,Ramona Wilson,127,0,2,3,85,37
Carroll,JOHNSON SPRINGS,Circuit Clerk,,DEM,Ramona Wilson,916,477,27,1,301,110
Carroll,WINONA,Circuit Clerk,,DEM,Ramona Wilson,212,91,7,0,71,43
Carroll,BV WARDS 1 and 2,Sheriff,,REP,Jim Ross,821,4,10,2,335,470
Carroll,PRAIRIES/CABANAL,Sheriff,,REP,Jim Ross,616,2,13,1,264,336
Carroll,"ES WARDS 1, 2, 3",Sheriff,,REP,Jim Ross,307,135,8,0,138,26
Carroll,PACKARD SPRINGS,Sheriff,,REP,Jim Ross,118,53,2,0,53,10
Carroll,GF WARDS 1 and 2,Sheriff,,REP,Jim Ross,300,1,10,1,192,96
Carroll,NE/NW HICKORY/COIN/LNG CRK,Sheriff,,REP,Jim Ross,472,0,8,0,298,166
Carroll,SW/SE HICKORY,Sheriff,,REP,Jim Ross,129,0,1,1,99,28
Carroll,BEAVER,Sheriff,,REP,Jim Ross,101,40,0,0,47,14
Carroll,CARROLLTON,Sheriff,,REP,Jim Ross,151,0,1,2,105,43
Carroll,DRY FORK,Sheriff,,REP,Jim Ross,65,0,0,0,44,21
Carroll,HOLIDAY ISLAND,Sheriff,,REP,Jim Ross,724,201,21,0,405,97
Carroll,KINGS RIVER,Sheriff,,REP,Jim Ross,209,16,7,1,86,99
Carroll,LIBERTY,Sheriff,,REP,Jim Ross,37,0,0,0,16,21
Carroll,NORTH YOCUM,Sheriff,,REP,Jim Ross,147,0,2,1,110,34
Carroll,OMEGA,Sheriff,,REP,Jim Ross,94,0,4,0,36,54
Carroll,OSAGE,Sheriff,,REP,Jim Ross,58,0,3,0,45,10
Carroll,PINEY,Sheriff,,REP,Jim Ross,38,0,0,0,23,15
Carroll,POLO,Sheriff,,REP,Jim Ross,308,1,3,0,150,154
Carroll,SOUTH YOCUM,Sheriff,,REP,Jim Ross,102,0,4,3,65,30
Carroll,JOHNSON SPRINGS,Sheriff,,REP,Jim Ross,507,242,11,0,183,71
Carroll,WINONA,Sheriff,,REP,Jim Ross,118,36,3,0,50,29
Carroll,BV WARDS 1 and 2,Sheriff,,DEM,Mark S. Bailey,301,2,11,0,108,180
Carroll,PRAIRIES/CABANAL,Sheriff,,DEM,Mark S. Bailey,197,3,3,0,70,121
Carroll,"ES WARDS 1, 2, 3",Sheriff,,DEM,Mark S. Bailey,672,393,19,0,236,24
Carroll,PACKARD SPRINGS,Sheriff,,DEM,Mark S. Bailey,117,59,1,0,43,14
Carroll,GF WARDS 1 and 2,Sheriff,,DEM,Mark S. Bailey,145,0,3,0,95,47
Carroll,NE/NW HICKORY/COIN/LNG CRK,Sheriff,,DEM,Mark S. Bailey,228,0,5,0,141,82
Carroll,SW/SE HICKORY,Sheriff,,DEM,Mark S. Bailey,56,0,2,1,41,12
Carroll,BEAVER,Sheriff,,DEM,Mark S. Bailey,120,75,2,0,33,10
Carroll,CARROLLTON,Sheriff,,DEM,Mark S. Bailey,66,0,2,0,47,17
Carroll,DRY FORK,Sheriff,,DEM,Mark S. Bailey,23,0,1,0,17,5
Carroll,HOLIDAY ISLAND,Sheriff,,DEM,Mark S. Bailey,595,249,18,1,272,55
Carroll,KINGS RIVER,Sheriff,,DEM,Mark S. Bailey,96,7,2,0,31,56
Carroll,LIBERTY,Sheriff,,DEM,Mark S. Bailey,26,0,3,0,9,14
Carroll,NORTH YOCUM,Sheriff,,DEM,Mark S. Bailey,43,0,0,0,33,10
Carroll,OMEGA,Sheriff,,DEM,Mark S. Bailey,51,3,4,1,17,26
Carroll,OSAGE,Sheriff,,DEM,Mark S. Bailey,50,0,6,0,31,13
Carroll,PINEY,Sheriff,,DEM,Mark S. Bailey,17,0,0,0,10,7
Carroll,POLO,Sheriff,,DEM,Mark S. Bailey,90,0,2,0,42,46
Carroll,SOUTH YOCUM,Sheriff,,DEM,Mark S. Bailey,34,0,0,0,25,9
Carroll,JOHNSON SPRINGS,Sheriff,,DEM,Mark S. Bailey,506,284,18,1,146,57
Carroll,WINONA,Sheriff,,DEM,Mark S. Bailey,111,58,4,0,31,18
Carroll,BV WARDS 1 and 2,Treasurer,,REP,Makita Williams,825,4,14,2,326,479
Carroll,PRAIRIES/CABANAL,Treasurer,,REP,Makita Williams,631,2,13,1,270,345
Carroll,"ES WARDS 1, 2, 3",Treasurer,,REP,Makita Williams,292,118,9,0,140,25
Carroll,PACKARD SPRINGS,Treasurer,,REP,Makita Williams,116,48,2,0,55,11
Carroll,GF WARDS 1 and 2,Treasurer,,REP,Makita Williams,338,1,9,1,217,110
Carroll,NE/NW HICKORY/COIN/LNG CRK,Treasurer,,REP,Makita Williams,566,0,8,0,358,200
Carroll,SW/SE HICKORY,Treasurer,,REP,Makita Williams,153,0,3,2,118,30
Carroll,BEAVER,Treasurer,,REP,Makita Williams,97,42,0,0,44,11
Carroll,CARROLLTON,Treasurer,,REP,Makita Williams,184,0,1,2,136,45
Carroll,DRY FORK,Treasurer,,REP,Makita Williams,71,0,1,0,49,21
Carroll,HOLIDAY ISLAND,Treasurer,,REP,Makita Williams,747,197,23,0,425,102
Carroll,KINGS RIVER,Treasurer,,REP,Makita Williams,203,14,6,1,91,91
Carroll,LIBERTY,Treasurer,,REP,Makita Williams,47,0,1,0,23,23
Carroll,NORTH YOCUM,Treasurer,,REP,Makita Williams,165,0,2,1,122,40
Carroll,OMEGA,Treasurer,,REP,Makita Williams,105,0,7,1,41,56
Carroll,OSAGE,Treasurer,,REP,Makita Williams,86,0,3,0,65,18
Carroll,PINEY,Treasurer,,REP,Makita Williams,48,0,0,0,29,19
Carroll,POLO,Treasurer,,REP,Makita Williams,340,1,4,0,163,172
Carroll,SOUTH YOCUM,Treasurer,,REP,Makita Williams,119,0,4,3,78,34
Carroll,JOHNSON SPRINGS,Treasurer,,REP,Makita Williams,509,235,11,0,188,75
Carroll,WINONA,Treasurer,,REP,Makita Williams,114,29,3,0,49,33
Carroll,BV WARDS 1 and 2,Treasurer,,DEM,Kathryn M. Merry,292,2,5,0,115,170
Carroll,PRAIRIES/CABANAL,Treasurer,,DEM,Kathryn M. Merry,170,3,3,0,58,106
Carroll,"ES WARDS 1, 2, 3",Treasurer,,DEM,Kathryn M. Merry,685,408,18,0,234,25
Carroll,PACKARD SPRINGS,Treasurer,,DEM,Kathryn M. Merry,119,64,1,0,41,13
Carroll,GF WARDS 1 and 2,Treasurer,,DEM,Kathryn M. Merry,103,0,4,0,69,30
Carroll,NE/NW HICKORY/COIN/LNG CRK,Treasurer,,DEM,Kathryn M. Merry,128,0,5,0,74,49
Carroll,SW/SE HICKORY,Treasurer,,DEM,Kathryn M. Merry,31,0,0,0,22,9
Carroll,BEAVER,Treasurer,,DEM,Kathryn M. Merry,124,74,2,0,36,12
Carroll,CARROLLTON,Treasurer,,DEM,Kathryn M. Merry,33,0,2,0,16,15
Carroll,DRY FORK,Treasurer,,DEM,Kathryn M. Merry,15,0,0,0,10,5
Carroll,HOLIDAY ISLAND,Treasurer,,DEM,Kathryn M. Merry,562,249,15,1,249,48
Carroll,KINGS RIVER,Treasurer,,DEM,Kathryn M. Merry,102,9,3,0,26,64
Carroll,LIBERTY,Treasurer,,DEM,Kathryn M. Merry,17,0,2,0,3,12
Carroll,NORTH YOCUM,Treasurer,,DEM,Kathryn M. Merry,26,0,0,0,22,4
Carroll,OMEGA,Treasurer,,DEM,Kathryn M. Merry,40,3,1,0,12,24
Carroll,OSAGE,Treasurer,,DEM,Kathryn M. Merry,21,0,6,0,11,4
Carroll,PINEY,Treasurer,,DEM,Kathryn M. Merry,7,0,0,0,4,3
Carroll,POLO,Treasurer,,DEM,Kathryn M. Merry,59,0,1,0,29,29
Carroll,SOUTH YOCUM,Treasurer,,DEM,Kathryn M. Merry,18,0,0,0,13,5
Carroll,JOHNSON SPRINGS,Treasurer,,DEM,Kathryn M. Merry,504,292,18,1,139,54
Carroll,WINONA,Treasurer,,DEM,Kathryn M. Merry,111,65,4,0,31,11
Carroll,"ES WARDS 1, 2, 3",JP DIST 3 Dst 3,,REP,Ferguson (Fergie) Stewart,315,133,8,0,148,26
Carroll,JOHNSON SPRINGS,JP DIST 3 Dst 3,,REP,Ferguson (Fergie) Stewart,54,22,1,0,23,8
Carroll,"ES WARDS 1, 2, 3",JP DIST 3 Dst 3,,DEM,"Laurie ""Harrie"" Farrow",658,391,19,0,225,23
Carroll,JOHNSON SPRINGS,JP DIST 3 Dst 3,,DEM,"Laurie ""Harrie"" Farrow",76,42,1,0,24,9
Carroll,KINGS RIVER,JP DIST 4 Dst 4,,REP,Marty Johnson,198,11,4,0,91,92
Carroll,POLO,JP DIST 4 Dst 4,,REP,Marty Johnson,348,1,4,0,173,170
Carroll,WINONA,JP DIST 4 Dst 4,,REP,Marty Johnson,111,29,3,0,48,31
Carroll,KINGS RIVER,JP DIST 4 Dst 4,,DEM,Doug Hausler,104,11,5,1,24,63
Carroll,POLO,JP DIST 4 Dst 4,,DEM,Doug Hausler,50,0,1,0,19,30
Carroll,WINONA,JP DIST 4 Dst 4,,DEM,Doug Hausler,114,64,4,0,32,14
Carroll,PRAIRIES/CABANAL,JP Dist 7 Dst 7,,DEM,Colin Stimson,184,4,3,0,59,118
Carroll,PRAIRIES/CABANAL,JP Dist 7 Dst 7,,REP,Kellie Stevens Matt,612,1,13,1,266,331
Carroll,BV WARDS 1 and 2,BV City Mayor Berryville,,IND,Tim McKinney,1045,6,21,2,427,589
Carroll,"ES WARDS 1, 2, 3",ES City Mayor Eureka Springs,,IND,Mike Seals,174,74,4,0,84,12
Carroll,"ES WARDS 1, 2, 3",ES City Mayor Eureka Springs,,IND,"Robert ""Butch"" Berry",514,296,10,0,182,26
Carroll,"ES WARDS 1, 2, 3",ES City Mayor Eureka Springs,,IND,Theodore Cottingham,285,155,11,0,108,11
Carroll,"ES WARDS 1, 2, 3",ES Alderman W1 Pos 2 Eureka Springs,,IND,Susan K Harman,547,275,15,0,224,33
Carroll,"ES WARDS 1, 2, 3",ES Alderman W1 Pos 2 Eureka Springs,,IND,Caitlin Branaman,372,219,6,0,134,13
Carroll,"ES WARDS 1, 2, 3",ES Alderman W2 Pos 1 Eureka Springs,,IND,Melissa Greene,590,309,14,0,240,27
Carroll,"ES WARDS 1, 2, 3",ES Alderman W2 Pos 1 Eureka Springs,,IND,James L. DeVito,363,200,11,0,132,20
Carroll,"ES WARDS 1, 2, 3",ES Alderman W3 Pos 1 Eureka Springs,,IND,Terrence P. McClung,505,271,16,0,194,24
Carroll,"ES WARDS 1, 2, 3",ES Alderman W3 Pos 1 Eureka Springs,,IND,Joyce Elaine Knowles,454,249,9,0,172,24
Carroll,"ES WARDS 1, 2, 3",ES Alderman W3 Pos 2 Eureka Springs,,IND,Harold (Harry) Meyer,498,277,12,0,184,25
Carroll,"ES WARDS 1, 2, 3",ES Alderman W3 Pos 2 Eureka Springs,,IND,Eric S Knowles,437,227,10,0,179,21
Carroll,GF WARDS 1 and 2,GF City Mayor Green Forest,,IND,Nestor Rivera,132,0,4,0,91,37
Carroll,GF WARDS 1 and 2,GF City Mayor Green Forest,,IND,Jerry D. Carlton,311,1,9,1,195,105
Carroll,GF WARDS 1 and 2,GF Alderman W1 Pos 2 Green Forest,,IND,Jorge M Diaz,148,0,3,0,95,50
Carroll,GF WARDS 1 and 2,GF Alderman W1 Pos 2 Green Forest,,IND,Joyce Varner-Kolb,287,1,9,1,186,90
Carroll,GF WARDS 1 and 2,GF Alderman W2 Pos 1 Green Forest,,IND,Renee Gonzalez,119,0,3,0,77,39
Carroll,GF WARDS 1 and 2,GF Alderman W2 Pos 1 Green Forest,,IND,Carroll E. Smith,319,1,9,1,207,101
Carroll,GF WARDS 1 and 2,GF Alderman W2 Pos 2 Green Forest,,IND,Marvin R. Emmons,136,1,4,0,97,34
Carroll,GF WARDS 1 and 2,GF Alderman W2 Pos 2 Green Forest,,IND,Pamela Norton,303,0,8,1,188,106
Carroll,NORTH YOCUM,OG City Mayor Oak Grove,,IND,Dwane Malotte,72,0,0,0,57,15
Carroll,SOUTH YOCUM,OG City Mayor Oak Grove,,IND,Dwane Malotte,45,0,0,2,32,11
Carroll,CARROLLTON,Alpena Mayor Alpena,,IND,Bobbie R. Bailey,5,0,0,0,4,1
Carroll,CARROLLTON,Alpena Mayor Alpena,,IND,Theron McCammond,14,0,0,2,6,6
Carroll,BV WARDS 1 and 2,Issue No. 2: A Constitutional Amendment Adding as a Qualification to Vote that a Voter Present Certain Valid Photographic Identification When Casting a Ballot In Person or Casting and Absentee Ballot,,NON,FOR,924,4,13,2,379,526
Carroll,PRAIRIES/CABANAL,Issue No. 2: A Constitutional Amendment Adding as a Qualification to Vote that a Voter Present Certain Valid Photographic Identification When Casting a Ballot In Person or Casting and Absentee Ballot,,NON,FOR,687,2,14,1,299,371
Carroll,"ES WARDS 1, 2, 3",Issue No. 2: A Constitutional Amendment Adding as a Qualification to Vote that a Voter Present Certain Valid Photographic Identification When Casting a Ballot In Person or Casting and Absentee Ballot,,NON,FOR,546,258,13,0,247,28
Carroll,PACKARD SPRINGS,Issue No. 2: A Constitutional Amendment Adding as a Qualification to Vote that a Voter Present Certain Valid Photographic Identification When Casting a Ballot In Person or Casting and Absentee Ballot,,NON,FOR,163,70,2,0,74,17
Carroll,GF WARDS 1 and 2,Issue No. 2: A Constitutional Amendment Adding as a Qualification to Vote that a Voter Present Certain Valid Photographic Identification When Casting a Ballot In Person or Casting and Absentee Ballot,,NON,FOR,382,1,9,1,257,114
Carroll,NE/NW HICKORY/COIN/LNG CRK,Issue No. 2: A Constitutional Amendment Adding as a Qualification to Vote that a Voter Present Certain Valid Photographic Identification When Casting a Ballot In Person or Casting and Absentee Ballot,,NON,FOR,602,0,11,0,382,209
Carroll,SW/SE HICKORY,Issue No. 2: A Constitutional Amendment Adding as a Qualification to Vote that a Voter Present Certain Valid Photographic Identification When Casting a Ballot In Person or Casting and Absentee Ballot,,NON,FOR,160,0,3,2,124,31
Carroll,BEAVER,Issue No. 2: A Constitutional Amendment Adding as a Qualification to Vote that a Voter Present Certain Valid Photographic Identification When Casting a Ballot In Person or Casting and Absentee Ballot,,NON,FOR,150,68,0,0,64,18
Carroll,CARROLLTON,Issue No. 2: A Constitutional Amendment Adding as a Qualification to Vote that a Voter Present Certain Valid Photographic Identification When Casting a Ballot In Person or Casting and Absentee Ballot,,NON,FOR,197,0,3,2,145,47
Carroll,DRY FORK,Issue No. 2: A Constitutional Amendment Adding as a Qualification to Vote that a Voter Present Certain Valid Photographic Identification When Casting a Ballot In Person or Casting and Absentee Ballot,,NON,FOR,82,0,1,0,57,24
Carroll,HOLIDAY ISLAND,Issue No. 2: A Constitutional Amendment Adding as a Qualification to Vote that a Voter Present Certain Valid Photographic Identification When Casting a Ballot In Person or Casting and Absentee Ballot,,NON,FOR,1008,313,29,0,545,121
Carroll,KINGS RIVER,Issue No. 2: A Constitutional Amendment Adding as a Qualification to Vote that a Voter Present Certain Valid Photographic Identification When Casting a Ballot In Person or Casting and Absentee Ballot,,NON,FOR,250,19,4,1,104,122
Carroll,LIBERTY,Issue No. 2: A Constitutional Amendment Adding as a Qualification to Vote that a Voter Present Certain Valid Photographic Identification When Casting a Ballot In Person or Casting and Absentee Ballot,,NON,FOR,52,0,1,0,23,28
Carroll,NORTH YOCUM,Issue No. 2: A Constitutional Amendment Adding as a Qualification to Vote that a Voter Present Certain Valid Photographic Identification When Casting a Ballot In Person or Casting and Absentee Ballot,,NON,FOR,166,0,2,1,125,38
Carroll,OMEGA,Issue No. 2: A Constitutional Amendment Adding as a Qualification to Vote that a Voter Present Certain Valid Photographic Identification When Casting a Ballot In Person or Casting and Absentee Ballot,,NON,FOR,107,0,4,1,46,56
Carroll,OSAGE,Issue No. 2: A Constitutional Amendment Adding as a Qualification to Vote that a Voter Present Certain Valid Photographic Identification When Casting a Ballot In Person or Casting and Absentee Ballot,,NON,FOR,92,0,3,0,69,20
Carroll,PINEY,Issue No. 2: A Constitutional Amendment Adding as a Qualification to Vote that a Voter Present Certain Valid Photographic Identification When Casting a Ballot In Person or Casting and Absentee Ballot,,NON,FOR,44,0,0,0,28,16
Carroll,POLO,Issue No. 2: A Constitutional Amendment Adding as a Qualification to Vote that a Voter Present Certain Valid Photographic Identification When Casting a Ballot In Person or Casting and Absentee Ballot,,NON,FOR,353,1,4,0,182,166
Carroll,SOUTH YOCUM,Issue No. 2: A Constitutional Amendment Adding as a Qualification to Vote that a Voter Present Certain Valid Photographic Identification When Casting a Ballot In Person or Casting and Absentee Ballot,,NON,FOR,123,0,4,2,86,31
Carroll,JOHNSON SPRINGS,Issue No. 2: A Constitutional Amendment Adding as a Qualification to Vote that a Voter Present Certain Valid Photographic Identification When Casting a Ballot In Person or Casting and Absentee Ballot,,NON,FOR,702,339,17,0,255,91
Carroll,WINONA,Issue No. 2: A Constitutional Amendment Adding as a Qualification to Vote that a Voter Present Certain Valid Photographic Identification When Casting a Ballot In Person or Casting and Absentee Ballot,,NON,FOR,151,47,3,0,68,33
Carroll,BV WARDS 1 and 2,Issue No. 2: A Constitutional Amendment Adding as a Qualification to Vote that a Voter Present Certain Valid Photographic Identification When Casting a Ballot In Person or Casting and Absentee Ballot,,NON,AGAINST,186,2,8,0,64,112
Carroll,PRAIRIES/CABANAL,Issue No. 2: A Constitutional Amendment Adding as a Qualification to Vote that a Voter Present Certain Valid Photographic Identification When Casting a Ballot In Person or Casting and Absentee Ballot,,NON,AGAINST,116,3,2,0,32,79
Carroll,"ES WARDS 1, 2, 3",Issue No. 2: A Constitutional Amendment Adding as a Qualification to Vote that a Voter Present Certain Valid Photographic Identification When Casting a Ballot In Person or Casting and Absentee Ballot,,NON,AGAINST,429,268,12,0,129,20
Carroll,PACKARD SPRINGS,Issue No. 2: A Constitutional Amendment Adding as a Qualification to Vote that a Voter Present Certain Valid Photographic Identification When Casting a Ballot In Person or Casting and Absentee Ballot,,NON,AGAINST,72,42,1,0,22,7
Carroll,GF WARDS 1 and 2,Issue No. 2: A Constitutional Amendment Adding as a Qualification to Vote that a Voter Present Certain Valid Photographic Identification When Casting a Ballot In Person or Casting and Absentee Ballot,,NON,AGAINST,55,0,3,0,25,27
Carroll,NE/NW HICKORY/COIN/LNG CRK,Issue No. 2: A Constitutional Amendment Adding as a Qualification to Vote that a Voter Present Certain Valid Photographic Identification When Casting a Ballot In Person or Casting and Absentee Ballot,,NON,AGAINST,93,0,3,0,55,35
Carroll,SW/SE HICKORY,Issue No. 2: A Constitutional Amendment Adding as a Qualification to Vote that a Voter Present Certain Valid Photographic Identification When Casting a Ballot In Person or Casting and Absentee Ballot,,NON,AGAINST,24,0,0,0,16,8
Carroll,BEAVER,Issue No. 2: A Constitutional Amendment Adding as a Qualification to Vote that a Voter Present Certain Valid Photographic Identification When Casting a Ballot In Person or Casting and Absentee Ballot,,NON,AGAINST,67,45,2,0,14,6
Carroll,CARROLLTON,Issue No. 2: A Constitutional Amendment Adding as a Qualification to Vote that a Voter Present Certain Valid Photographic Identification When Casting a Ballot In Person or Casting and Absentee Ballot,,NON,AGAINST,20,0,0,0,8,12
Carroll,DRY FORK,Issue No. 2: A Constitutional Amendment Adding as a Qualification to Vote that a Voter Present Certain Valid Photographic Identification When Casting a Ballot In Person or Casting and Absentee Ballot,,NON,AGAINST,6,0,0,0,4,2
Carroll,HOLIDAY ISLAND,Issue No. 2: A Constitutional Amendment Adding as a Qualification to Vote that a Voter Present Certain Valid Photographic Identification When Casting a Ballot In Person or Casting and Absentee Ballot,,NON,AGAINST,301,133,9,1,129,29
Carroll,KINGS RIVER,Issue No. 2: A Constitutional Amendment Adding as a Qualification to Vote that a Voter Present Certain Valid Photographic Identification When Casting a Ballot In Person or Casting and Absentee Ballot,,NON,AGAINST,55,4,5,0,13,33
Carroll,LIBERTY,Issue No. 2: A Constitutional Amendment Adding as a Qualification to Vote that a Voter Present Certain Valid Photographic Identification When Casting a Ballot In Person or Casting and Absentee Ballot,,NON,AGAINST,12,0,2,0,3,7
Carroll,NORTH YOCUM,Issue No. 2: A Constitutional Amendment Adding as a Qualification to Vote that a Voter Present Certain Valid Photographic Identification When Casting a Ballot In Person or Casting and Absentee Ballot,,NON,AGAINST,23,0,0,0,18,5
Carroll,OMEGA,Issue No. 2: A Constitutional Amendment Adding as a Qualification to Vote that a Voter Present Certain Valid Photographic Identification When Casting a Ballot In Person or Casting and Absentee Ballot,,NON,AGAINST,34,3,2,0,5,24
Carroll,OSAGE,Issue No. 2: A Constitutional Amendment Adding as a Qualification to Vote that a Voter Present Certain Valid Photographic Identification When Casting a Ballot In Person or Casting and Absentee Ballot,,NON,AGAINST,13,0,6,0,6,1
Carroll,PINEY,Issue No. 2: A Constitutional Amendment Adding as a Qualification to Vote that a Voter Present Certain Valid Photographic Identification When Casting a Ballot In Person or Casting and Absentee Ballot,,NON,AGAINST,10,0,0,0,5,5
Carroll,POLO,Issue No. 2: A Constitutional Amendment Adding as a Qualification to Vote that a Voter Present Certain Valid Photographic Identification When Casting a Ballot In Person or Casting and Absentee Ballot,,NON,AGAINST,36,0,0,0,8,28
Carroll,SOUTH YOCUM,Issue No. 2: A Constitutional Amendment Adding as a Qualification to Vote that a Voter Present Certain Valid Photographic Identification When Casting a Ballot In Person or Casting and Absentee Ballot,,NON,AGAINST,12,0,0,1,5,6
Carroll,JOHNSON SPRINGS,Issue No. 2: A Constitutional Amendment Adding as a Qualification to Vote that a Voter Present Certain Valid Photographic Identification When Casting a Ballot In Person or Casting and Absentee Ballot,,NON,AGAINST,305,187,13,1,72,32
Carroll,WINONA,Issue No. 2: A Constitutional Amendment Adding as a Qualification to Vote that a Voter Present Certain Valid Photographic Identification When Casting a Ballot In Person or Casting and Absentee Ballot,,NON,AGAINST,75,47,2,0,12,14
Carroll,BV WARDS 1 and 2,Issue No. 4: An Amendment to Require Four Licenses to be Issued for Casino Gaming at Casinos, One Each in Crittenden (to Southland Racing Corporation),NON,FOR,563,4,8,1,245,305
Carroll,PRAIRIES/CABANAL,Issue No. 4: An Amendment to Require Four Licenses to be Issued for Casino Gaming at Casinos, One Each in Crittenden (to Southland Racing Corporation),NON,FOR,352,4,8,0,156,184
Carroll,"ES WARDS 1, 2, 3",Issue No. 4: An Amendment to Require Four Licenses to be Issued for Casino Gaming at Casinos, One Each in Crittenden (to Southland Racing Corporation),NON,FOR,487,255,11,0,199,22
Carroll,PACKARD SPRINGS,Issue No. 4: An Amendment to Require Four Licenses to be Issued for Casino Gaming at Casinos, One Each in Crittenden (to Southland Racing Corporation),NON,FOR,134,62,2,0,59,11
Carroll,GF WARDS 1 and 2,Issue No. 4: An Amendment to Require Four Licenses to be Issued for Casino Gaming at Casinos, One Each in Crittenden (to Southland Racing Corporation),NON,FOR,247,1,7,0,172,67
Carroll,NE/NW HICKORY/COIN/LNG CRK,Issue No. 4: An Amendment to Require Four Licenses to be Issued for Casino Gaming at Casinos, One Each in Crittenden (to Southland Racing Corporation),NON,FOR,331,0,8,0,219,104
Carroll,SW/SE HICKORY,Issue No. 4: An Amendment to Require Four Licenses to be Issued for Casino Gaming at Casinos, One Each in Crittenden (to Southland Racing Corporation),NON,FOR,104,0,3,1,78,22
Carroll,BEAVER,Issue No. 4: An Amendment to Require Four Licenses to be Issued for Casino Gaming at Casinos, One Each in Crittenden (to Southland Racing Corporation),NON,FOR,104,56,1,0,35,12
Carroll,CARROLLTON,Issue No. 4: An Amendment to Require Four Licenses to be Issued for Casino Gaming at Casinos, One Each in Crittenden (to Southland Racing Corporation),NON,FOR,73,0,2,0,45,26
Carroll,DRY FORK,Issue No. 4: An Amendment to Require Four Licenses to be Issued for Casino Gaming at Casinos, One Each in Crittenden (to Southland Racing Corporation),NON,FOR,40,0,0,0,27,13
Carroll,HOLIDAY ISLAND,Issue No. 4: An Amendment to Require Four Licenses to be Issued for Casino Gaming at Casinos, One Each in Crittenden (to Southland Racing Corporation),NON,FOR,711,245,23,0,364,79
Carroll,KINGS RIVER,Issue No. 4: An Amendment to Require Four Licenses to be Issued for Casino Gaming at Casinos, One Each in Crittenden (to Southland Racing Corporation),NON,FOR,151,11,2,1,65,72
Carroll,LIBERTY,Issue No. 4: An Amendment to Require Four Licenses to be Issued for Casino Gaming at Casinos, One Each in Crittenden (to Southland Racing Corporation),NON,FOR,29,0,0,0,13,16
Carroll,NORTH YOCUM,Issue No. 4: An Amendment to Require Four Licenses to be Issued for Casino Gaming at Casinos, One Each in Crittenden (to Southland Racing Corporation),NON,FOR,97,0,1,0,75,21
Carroll,OMEGA,Issue No. 4: An Amendment to Require Four Licenses to be Issued for Casino Gaming at Casinos, One Each in Crittenden (to Southland Racing Corporation),NON,FOR,64,0,1,1,33,29
Carroll,OSAGE,Issue No. 4: An Amendment to Require Four Licenses to be Issued for Casino Gaming at Casinos, One Each in Crittenden (to Southland Racing Corporation),NON,FOR,41,0,1,0,24,16
Carroll,PINEY,Issue No. 4: An Amendment to Require Four Licenses to be Issued for Casino Gaming at Casinos, One Each in Crittenden (to Southland Racing Corporation),NON,FOR,19,0,0,0,12,7
Carroll,POLO,Issue No. 4: An Amendment to Require Four Licenses to be Issued for Casino Gaming at Casinos, One Each in Crittenden (to Southland Racing Corporation),NON,FOR,172,0,1,0,90,81
Carroll,SOUTH YOCUM,Issue No. 4: An Amendment to Require Four Licenses to be Issued for Casino Gaming at Casinos, One Each in Crittenden (to Southland Racing Corporation),NON,FOR,52,0,0,3,39,10
Carroll,JOHNSON SPRINGS,Issue No. 4: An Amendment to Require Four Licenses to be Issued for Casino Gaming at Casinos, One Each in Crittenden (to Southland Racing Corporation),NON,FOR,551,295,18,0,170,68
Carroll,WINONA,Issue No. 4: An Amendment to Require Four Licenses to be Issued for Casino Gaming at Casinos, One Each in Crittenden (to Southland Racing Corporation),NON,FOR,82,30,4,0,34,14
Carroll,BV WARDS 1 and 2,Issue No. 4: An Amendment to Require Four Licenses to be Issued for Casino Gaming at Casinos, One Each in Crittenden (to Southland Racing Corporation),NON,AGAINST,537,2,12,1,197,325
Carroll,PRAIRIES/CABANAL,Issue No. 4: An Amendment to Require Four Licenses to be Issued for Casino Gaming at Casinos, One Each in Crittenden (to Southland Racing Corporation),NON,AGAINST,445,1,8,0,173,263
Carroll,"ES WARDS 1, 2, 3",Issue No. 4: An Amendment to Require Four Licenses to be Issued for Casino Gaming at Casinos, One Each in Crittenden (to Southland Racing Corporation),NON,AGAINST,485,269,14,0,174,28
Carroll,PACKARD SPRINGS,Issue No. 4: An Amendment to Require Four Licenses to be Issued for Casino Gaming at Casinos, One Each in Crittenden (to Southland Racing Corporation),NON,AGAINST,100,48,1,0,38,13
Carroll,GF WARDS 1 and 2,Issue No. 4: An Amendment to Require Four Licenses to be Issued for Casino Gaming at Casinos, One Each in Crittenden (to Southland Racing Corporation),NON,AGAINST,194,0,6,1,112,75
Carroll,NE/NW HICKORY/COIN/LNG CRK,Issue No. 4: An Amendment to Require Four Licenses to be Issued for Casino Gaming at Casinos, One Each in Crittenden (to Southland Racing Corporation),NON,AGAINST,355,0,6,0,216,133
Carroll,SW/SE HICKORY,Issue No. 4: An Amendment to Require Four Licenses to be Issued for Casino Gaming at Casinos, One Each in Crittenden (to Southland Racing Corporation),NON,AGAINST,77,0,0,1,61,15
Carroll,BEAVER,Issue No. 4: An Amendment to Require Four Licenses to be Issued for Casino Gaming at Casinos, One Each in Crittenden (to Southland Racing Corporation),NON,AGAINST,113,58,1,0,42,12
Carroll,CARROLLTON,Issue No. 4: An Amendment to Require Four Licenses to be Issued for Casino Gaming at Casinos, One Each in Crittenden (to Southland Racing Corporation),NON,AGAINST,143,0,1,2,107,33
Carroll,DRY FORK,Issue No. 4: An Amendment to Require Four Licenses to be Issued for Casino Gaming at Casinos, One Each in Crittenden (to Southland Racing Corporation),NON,AGAINST,48,0,1,0,34,13
Carroll,HOLIDAY ISLAND,Issue No. 4: An Amendment to Require Four Licenses to be Issued for Casino Gaming at Casinos, One Each in Crittenden (to Southland Racing Corporation),NON,AGAINST,595,201,14,1,309,70
Carroll,KINGS RIVER,Issue No. 4: An Amendment to Require Four Licenses to be Issued for Casino Gaming at Casinos, One Each in Crittenden (to Southland Racing Corporation),NON,AGAINST,146,12,3,0,51,80
Carroll,LIBERTY,Issue No. 4: An Amendment to Require Four Licenses to be Issued for Casino Gaming at Casinos, One Each in Crittenden (to Southland Racing Corporation),NON,AGAINST,35,0,3,0,13,19
Carroll,NORTH YOCUM,Issue No. 4: An Amendment to Require Four Licenses to be Issued for Casino Gaming at Casinos, One Each in Crittenden (to Southland Racing Corporation),NON,AGAINST,89,0,0,1,68,20
Carroll,OMEGA,Issue No. 4: An Amendment to Require Four Licenses to be Issued for Casino Gaming at Casinos, One Each in Crittenden (to Southland Racing Corporation),NON,AGAINST,77,3,5,0,19,50
Carroll,OSAGE,Issue No. 4: An Amendment to Require Four Licenses to be Issued for Casino Gaming at Casinos, One Each in Crittenden (to Southland Racing Corporation),NON,AGAINST,64,0,7,0,52,5
Carroll,PINEY,Issue No. 4: An Amendment to Require Four Licenses to be Issued for Casino Gaming at Casinos, One Each in Crittenden (to Southland Racing Corporation),NON,AGAINST,37,0,0,0,21,16
Carroll,POLO,Issue No. 4: An Amendment to Require Four Licenses to be Issued for Casino Gaming at Casinos, One Each in Crittenden (to Southland Racing Corporation),NON,AGAINST,217,1,2,0,100,114
Carroll,SOUTH YOCUM,Issue No. 4: An Amendment to Require Four Licenses to be Issued for Casino Gaming at Casinos, One Each in Crittenden (to Southland Racing Corporation),NON,AGAINST,81,0,2,0,50,29
Carroll,JOHNSON SPRINGS,Issue No. 4: An Amendment to Require Four Licenses to be Issued for Casino Gaming at Casinos, One Each in Crittenden (to Southland Racing Corporation),NON,AGAINST,456,228,12,1,157,58
Carroll,WINONA,Issue No. 4: An Amendment to Require Four Licenses to be Issued for Casino Gaming at Casinos, One Each in Crittenden (to Southland Racing Corporation),NON,AGAINST,140,63,1,0,45,31
Carroll,BV WARDS 1 and 2,Issue No. 5: An Act to Increase the Arkansas Minimum Wage,,NON,FOR,792,5,16,1,322,448
Carroll,PRAIRIES/CABANAL,Issue No. 5: An Act to Increase the Arkansas Minimum Wage,,NON,FOR,540,5,10,0,216,309
Carroll,"ES WARDS 1, 2, 3",Issue No. 5: An Act to Increase the Arkansas Minimum Wage,,NON,FOR,833,464,22,0,304,43
Carroll,PACKARD SPRINGS,Issue No. 5: An Act to Increase the Arkansas Minimum Wage,,NON,FOR,199,100,2,0,78,19
Carroll,GF WARDS 1 and 2,Issue No. 5: An Act to Increase the Arkansas Minimum Wage,,NON,FOR,326,1,9,1,208,107
Carroll,NE/NW HICKORY/COIN/LNG CRK,Issue No. 5: An Act to Increase the Arkansas Minimum Wage,,NON,FOR,480,0,11,0,302,167
Carroll,SW/SE HICKORY,Issue No. 5: An Act to Increase the Arkansas Minimum Wage,,NON,FOR,135,0,3,2,102,28
Carroll,BEAVER,Issue No. 5: An Act to Increase the Arkansas Minimum Wage,,NON,FOR,170,90,2,0,60,18
Carroll,CARROLLTON,Issue No. 5: An Act to Increase the Arkansas Minimum Wage,,NON,FOR,131,0,2,2,91,36
Carroll,DRY FORK,Issue No. 5: An Act to Increase the Arkansas Minimum Wage,,NON,FOR,53,0,1,0,35,17
Carroll,HOLIDAY ISLAND,Issue No. 5: An Act to Increase the Arkansas Minimum Wage,,NON,FOR,1009,368,28,1,509,103
Carroll,KINGS RIVER,Issue No. 5: An Act to Increase the Arkansas Minimum Wage,,NON,FOR,211,19,9,1,71,111
Carroll,LIBERTY,Issue No. 5: An Act to Increase the Arkansas Minimum Wage,,NON,FOR,41,0,1,0,17,23
Carroll,NORTH YOCUM,Issue No. 5: An Act to Increase the Arkansas Minimum Wage,,NON,FOR,113,0,0,0,82,31
Carroll,OMEGA,Issue No. 5: An Act to Increase the Arkansas Minimum Wage,,NON,FOR,102,3,2,1,34,62
Carroll,OSAGE,Issue No. 5: An Act to Increase the Arkansas Minimum Wage,,NON,FOR,77,0,6,0,54,17
Carroll,PINEY,Issue No. 5: An Act to Increase the Arkansas Minimum Wage,,NON,FOR,32,0,0,0,19,13
Carroll,POLO,Issue No. 5: An Act to Increase the Arkansas Minimum Wage,,NON,FOR,247,0,3,0,116,128
Carroll,SOUTH YOCUM,Issue No. 5: An Act to Increase the Arkansas Minimum Wage,,NON,FOR,100,0,0,3,68,29
Carroll,JOHNSON SPRINGS,Issue No. 5: An Act to Increase the Arkansas Minimum Wage,,NON,FOR,792,412,26,1,259,94
Carroll,WINONA,Issue No. 5: An Act to Increase the Arkansas Minimum Wage,,NON,FOR,181,82,3,0,61,35
Carroll,BV WARDS 1 and 2,Issue No. 5: An Act to Increase the Arkansas Minimum Wage,,NON,AGAINST,331,1,5,1,123,201
Carroll,PRAIRIES/CABANAL,Issue No. 5: An Act to Increase the Arkansas Minimum Wage,,NON,AGAINST,261,0,6,1,116,138
Carroll,"ES WARDS 1, 2, 3",Issue No. 5: An Act to Increase the Arkansas Minimum Wage,,NON,AGAINST,148,66,3,0,72,7
Carroll,PACKARD SPRINGS,Issue No. 5: An Act to Increase the Arkansas Minimum Wage,,NON,AGAINST,37,12,1,0,19,5
Carroll,GF WARDS 1 and 2,Issue No. 5: An Act to Increase the Arkansas Minimum Wage,,NON,AGAINST,117,0,4,0,79,34
Carroll,NE/NW HICKORY/COIN/LNG CRK,Issue No. 5: An Act to Increase the Arkansas Minimum Wage,,NON,AGAINST,215,0,3,0,134,78
Carroll,SW/SE HICKORY,Issue No. 5: An Act to Increase the Arkansas Minimum Wage,,NON,AGAINST,45,0,0,0,37,8
Carroll,BEAVER,Issue No. 5: An Act to Increase the Arkansas Minimum Wage,,NON,AGAINST,49,25,0,0,19,5
Carroll,CARROLLTON,Issue No. 5: An Act to Increase the Arkansas Minimum Wage,,NON,AGAINST,87,0,1,0,62,24
Carroll,DRY FORK,Issue No. 5: An Act to Increase the Arkansas Minimum Wage,,NON,AGAINST,35,0,0,0,26,9
Carroll,HOLIDAY ISLAND,Issue No. 5: An Act to Increase the Arkansas Minimum Wage,,NON,AGAINST,305,79,9,0,170,47
Carroll,KINGS RIVER,Issue No. 5: An Act to Increase the Arkansas Minimum Wage,,NON,AGAINST,91,4,0,0,45,42
Carroll,LIBERTY,Issue No. 5: An Act to Increase the Arkansas Minimum Wage,,NON,AGAINST,23,0,2,0,9,12
Carroll,NORTH YOCUM,Issue No. 5: An Act to Increase the Arkansas Minimum Wage,,NON,AGAINST,76,0,2,1,61,12
Carroll,OMEGA,Issue No. 5: An Act to Increase the Arkansas Minimum Wage,,NON,AGAINST,40,0,4,0,18,18
Carroll,OSAGE,Issue No. 5: An Act to Increase the Arkansas Minimum Wage,,NON,AGAINST,30,0,3,0,22,5
Carroll,PINEY,Issue No. 5: An Act to Increase the Arkansas Minimum Wage,,NON,AGAINST,23,0,0,0,14,9
Carroll,POLO,Issue No. 5: An Act to Increase the Arkansas Minimum Wage,,NON,AGAINST,148,1,1,0,74,72
Carroll,SOUTH YOCUM,Issue No. 5: An Act to Increase the Arkansas Minimum Wage,,NON,AGAINST,37,0,4,0,23,10
Carroll,JOHNSON SPRINGS,Issue No. 5: An Act to Increase the Arkansas Minimum Wage,,NON,AGAINST,222,114,4,0,71,33
Carroll,WINONA,Issue No. 5: An Act to Increase the Arkansas Minimum Wage,,NON,AGAINST,44,12,2,0,18,12
