county,precinct,office,district,party,candidate,votes,election_day,early_vote,absentee
Newton,Big Creek,U.S. Congress District 3,,REP,Congressman Steve Womack,56,56,0,0
Newton,Dogpatch,U.S. Congress District 3,,REP,Congressman Steve Womack,140,140,0,0
Newton,Grove,U.S. Congress District 3,,REP,Congressman Steve Womack,533,259,10,264
Newton,Hasty,U.S. Congress District 3,,REP,Congressman Steve Womack,91,91,0,0
Newton,Polk,U.S. Congress District 3,,REP,Congressman Steve Womack,67,67,0,0
Newton,Richland,U.S. Congress District 3,,REP,Congressman Steve Womack,91,91,0,0
Newton,White,U.S. Congress District 3,,REP,Congressman Steve Womack,157,157,0,0
Newton,Big Creek,U.S. Congress District 3,,LIB,Michael J. Kalagias,2,2,0,0
Newton,Dogpatch,U.S. Congress District 3,,LIB,Michael J. Kalagias,1,1,0,0
Newton,Grove,U.S. Congress District 3,,LIB,Michael J. Kalagias,11,1,0,10
Newton,Hasty,U.S. Congress District 3,,LIB,Michael J. Kalagias,1,1,0,0
Newton,Polk,U.S. Congress District 3,,LIB,Michael J. Kalagias,4,4,0,0
Newton,Richland,U.S. Congress District 3,,LIB,Michael J. Kalagias,0,0,0,0
Newton,White,U.S. Congress District 3,,LIB,Michael J. Kalagias,0,0,0,0
Newton,Big Creek,U.S. Congress District 3,,DEM,Josh Mahony,12,12,0,0
Newton,Dogpatch,U.S. Congress District 3,,DEM,Josh Mahony,49,49,0,0
Newton,Grove,U.S. Congress District 3,,DEM,Josh Mahony,123,44,6,73
Newton,Hasty,U.S. Congress District 3,,DEM,Josh Mahony,8,8,0,0
Newton,Polk,U.S. Congress District 3,,DEM,Josh Mahony,14,14,0,0
Newton,Richland,U.S. Congress District 3,,DEM,Josh Mahony,2,2,0,0
Newton,White,U.S. Congress District 3,,DEM,Josh Mahony,14,14,0,0
Newton,Big Creek,U.S. Congress District 3,,NON,Write-In,0,0,0,0
Newton,Dogpatch,U.S. Congress District 3,,NON,Write-In,0,0,0,0
Newton,Grove,U.S. Congress District 3,,NON,Write-In,0,0,0,0
Newton,Hasty,U.S. Congress District 3,,NON,Write-In,0,0,0,0
Newton,Polk,U.S. Congress District 3,,NON,Write-In,0,0,0,0
Newton,Richland,U.S. Congress District 3,,NON,Write-In,0,0,0,0
Newton,White,U.S. Congress District 3,,NON,Write-In,1,1,0,0
Newton,Boston,U.S. Congress District 4,,DEM,Hayden Catherine Shamel,9,9,0,0
Newton,Hickory Grove,U.S. Congress District 4,,DEM,Hayden Catherine Shamel,6,6,0,0
Newton,Hudson,U.S. Congress District 4,,DEM,Hayden Catherine Shamel,29,29,0,0
Newton,Jackson,U.S. Congress District 4,,DEM,Hayden Catherine Shamel,255,38,6,211
Newton,Jefferson,U.S. Congress District 4,,DEM,Hayden Catherine Shamel,17,17,0,0
Newton,Low Gap,U.S. Congress District 4,,DEM,Hayden Catherine Shamel,16,16,0,0
Newton,Mt. Sherman,U.S. Congress District 4,,DEM,Hayden Catherine Shamel,11,11,0,0
Newton,Murray,U.S. Congress District 4,,DEM,Hayden Catherine Shamel,22,22,0,0
Newton,Ponca,U.S. Congress District 4,,DEM,Hayden Catherine Shamel,29,29,0,0
Newton,Pleasant Hill,U.S. Congress District 4,,DEM,Hayden Catherine Shamel,21,21,0,0
Newton,Lincoln,U.S. Congress District 4,,DEM,Hayden Catherine Shamel,11,11,0,0
Newton,Van Buren,U.S. Congress District 4,,DEM,Hayden Catherine Shamel,27,27,0,0
Newton,Boston,U.S. Congress District 4,,LIB,Tom Canada,0,0,0,0
Newton,Hickory Grove,U.S. Congress District 4,,LIB,Tom Canada,0,0,0,0
Newton,Hudson,U.S. Congress District 4,,LIB,Tom Canada,4,4,0,0
Newton,Jackson,U.S. Congress District 4,,LIB,Tom Canada,24,5,0,19
Newton,Jefferson,U.S. Congress District 4,,LIB,Tom Canada,2,2,0,0
Newton,Low Gap,U.S. Congress District 4,,LIB,Tom Canada,0,0,0,0
Newton,Mt. Sherman,U.S. Congress District 4,,LIB,Tom Canada,0,0,0,0
Newton,Murray,U.S. Congress District 4,,LIB,Tom Canada,1,1,0,0
Newton,Ponca,U.S. Congress District 4,,LIB,Tom Canada,0,0,0,0
Newton,Pleasant Hill,U.S. Congress District 4,,LIB,Tom Canada,1,1,0,0
Newton,Lincoln,U.S. Congress District 4,,LIB,Tom Canada,4,4,0,0
Newton,Van Buren,U.S. Congress District 4,,LIB,Tom Canada,4,4,0,0
Newton,Boston,U.S. Congress District 4,,REP,Representative Bruce Westerman,34,34,0,0
Newton,Hickory Grove,U.S. Congress District 4,,REP,Representative Bruce Westerman,27,27,0,0
Newton,Hudson,U.S. Congress District 4,,REP,Representative Bruce Westerman,83,83,0,0
Newton,Jackson,U.S. Congress District 4,,REP,Representative Bruce Westerman,551,105,25,421
Newton,Jefferson,U.S. Congress District 4,,REP,Representative Bruce Westerman,52,52,0,0
Newton,Low Gap,U.S. Congress District 4,,REP,Representative Bruce Westerman,66,66,0,0
Newton,Mt. Sherman,U.S. Congress District 4,,REP,Representative Bruce Westerman,95,95,0,0
Newton,Murray,U.S. Congress District 4,,REP,Representative Bruce Westerman,3,3,0,0
Newton,Ponca,U.S. Congress District 4,,REP,Representative Bruce Westerman,111,111,0,0
Newton,Pleasant Hill,U.S. Congress District 4,,REP,Representative Bruce Westerman,91,91,0,0
Newton,Lincoln,U.S. Congress District 4,,REP,Representative Bruce Westerman,44,44,0,0
Newton,Van Buren,U.S. Congress District 4,,REP,Representative Bruce Westerman,24,24,0,0
Newton,Boston,U.S. Congress District 4,,NON,Write-In,2,2,0,0
Newton,Hickory Grove,U.S. Congress District 4,,NON,Write-In,1,1,0,0
Newton,Hudson,U.S. Congress District 4,,NON,Write-In,1,1,0,0
Newton,Jackson,U.S. Congress District 4,,NON,Write-In,27,2,0,25
Newton,Jefferson,U.S. Congress District 4,,NON,Write-In,0,0,0,0
Newton,Low Gap,U.S. Congress District 4,,NON,Write-In,1,1,0,0
Newton,Mt. Sherman,U.S. Congress District 4,,NON,Write-In,2,2,0,0
Newton,Murray,U.S. Congress District 4,,NON,Write-In,0,0,0,0
Newton,Ponca,U.S. Congress District 4,,NON,Write-In,0,0,0,0
Newton,Pleasant Hill,U.S. Congress District 4,,NON,Write-In,3,3,0,0
Newton,Lincoln,U.S. Congress District 4,,NON,Write-In,2,2,0,0
Newton,Van Buren,U.S. Congress District 4,,NON,Write-In,55,55,0,0
Newton,Big Creek,Governor,,DEM,Jared K. Henderson,14,14,0,0
Newton,Boston,Governor,,DEM,Jared K. Henderson,9,9,0,0
Newton,Dogpatch,Governor,,DEM,Jared K. Henderson,48,48,0,0
Newton,Grove,Governor,,DEM,Jared K. Henderson,50,50,0,0
Newton,Hasty,Governor,,DEM,Jared K. Henderson,11,11,0,0
Newton,Hickory Grove,Governor,,DEM,Jared K. Henderson,5,5,0,0
Newton,Hudson,Governor,,DEM,Jared K. Henderson,26,26,0,0
Newton,Jackson,Governor,,DEM,Jared K. Henderson,337,40,13,284
Newton,Jefferson,Governor,,DEM,Jared K. Henderson,17,17,0,0
Newton,Low Gap,Governor,,DEM,Jared K. Henderson,16,16,0,0
Newton,Mt. Sherman,Governor,,DEM,Jared K. Henderson,10,10,0,0
Newton,Murray,Governor,,DEM,Jared K. Henderson,21,21,0,0
Newton,Polk,Governor,,DEM,Jared K. Henderson,22,22,0,0
Newton,Ponca,Governor,,DEM,Jared K. Henderson,24,24,0,0
Newton,Pleasant Hill,Governor,,DEM,Jared K. Henderson,24,24,0,0
Newton,Lincoln,Governor,,DEM,Jared K. Henderson,10,10,0,0
Newton,Richland,Governor,,DEM,Jared K. Henderson,7,7,0,0
Newton,Van Buren,Governor,,DEM,Jared K. Henderson,27,27,0,0
Newton,White,Governor,,DEM,Jared K. Henderson,17,17,0,0
Newton,Big Creek,Governor,,LIB,Mark West,10,10,0,0
Newton,Boston,Governor,,LIB,Mark West,0,0,0,0
Newton,Dogpatch,Governor,,LIB,Mark West,6,6,0,0
Newton,Grove,Governor,,LIB,Mark West,21,21,0,0
Newton,Hasty,Governor,,LIB,Mark West,13,13,0,0
Newton,Hickory Grove,Governor,,LIB,Mark West,2,2,0,0
Newton,Hudson,Governor,,LIB,Mark West,5,5,0,0
Newton,Jackson,Governor,,LIB,Mark West,65,10,0,55
Newton,Jefferson,Governor,,LIB,Mark West,3,3,0,0
Newton,Low Gap,Governor,,LIB,Mark West,2,2,0,0
Newton,Mt. Sherman,Governor,,LIB,Mark West,14,14,0,0
Newton,Murray,Governor,,LIB,Mark West,0,0,0,0
Newton,Polk,Governor,,LIB,Mark West,6,6,0,0
Newton,Ponca,Governor,,LIB,Mark West,8,8,0,0
Newton,Pleasant Hill,Governor,,LIB,Mark West,8,8,0,0
Newton,Lincoln,Governor,,LIB,Mark West,7,7,0,0
Newton,Richland,Governor,,LIB,Mark West,3,3,0,0
Newton,Van Buren,Governor,,LIB,Mark West,1,1,0,0
Newton,White,Governor,,LIB,Mark West,19,19,0,0
Newton,Big Creek,Governor,,REP,Governor Asa Hutchinson,50,50,0,0
Newton,Boston,Governor,,REP,Governor Asa Hutchinson,31,31,0,0
Newton,Dogpatch,Governor,,REP,Governor Asa Hutchinson,134,134,0,0
Newton,Grove,Governor,,REP,Governor Asa Hutchinson,227,227,0,0
Newton,Hasty,Governor,,REP,Governor Asa Hutchinson,76,76,0,0
Newton,Hickory Grove,Governor,,REP,Governor Asa Hutchinson,28,28,0,0
Newton,Hudson,Governor,,REP,Governor Asa Hutchinson,86,86,0,0
Newton,Jackson,Governor,,REP,Governor Asa Hutchinson,822,99,36,687
Newton,Jefferson,Governor,,REP,Governor Asa Hutchinson,54,54,0,0
Newton,Low Gap,Governor,,REP,Governor Asa Hutchinson,67,67,0,0
Newton,Mt. Sherman,Governor,,REP,Governor Asa Hutchinson,82,82,0,0
Newton,Murray,Governor,,REP,Governor Asa Hutchinson,6,6,0,0
Newton,Polk,Governor,,REP,Governor Asa Hutchinson,57,57,0,0
Newton,Ponca,Governor,,REP,Governor Asa Hutchinson,112,112,0,0
Newton,Pleasant Hill,Governor,,REP,Governor Asa Hutchinson,88,88,0,0
Newton,Lincoln,Governor,,REP,Governor Asa Hutchinson,45,45,0,0
Newton,Richland,Governor,,REP,Governor Asa Hutchinson,80,80,0,0
Newton,Van Buren,Governor,,REP,Governor Asa Hutchinson,28,28,0,0
Newton,White,Governor,,REP,Governor Asa Hutchinson,130,130,0,0
Newton,Big Creek,Lieutenant Governor,,REP,Lt. Governor Tim Griffin,55,55,0,0
Newton,Boston,Lieutenant Governor,,REP,Lt. Governor Tim Griffin,37,37,0,0
Newton,Dogpatch,Lieutenant Governor,,REP,Lt. Governor Tim Griffin,138,138,0,0
Newton,Grove,Lieutenant Governor,,REP,Lt. Governor Tim Griffin,251,251,0,0
Newton,Hasty,Lieutenant Governor,,REP,Lt. Governor Tim Griffin,92,92,0,0
Newton,Hickory Grove,Lieutenant Governor,,REP,Lt. Governor Tim Griffin,28,28,0,0
Newton,Hudson,Lieutenant Governor,,REP,Lt. Governor Tim Griffin,88,88,0,0
Newton,Jackson,Lieutenant Governor,,REP,Lt. Governor Tim Griffin,858,111,36,711
Newton,Jefferson,Lieutenant Governor,,REP,Lt. Governor Tim Griffin,54,54,0,0
Newton,Low Gap,Lieutenant Governor,,REP,Lt. Governor Tim Griffin,69,69,0,0
Newton,Mt. Sherman,Lieutenant Governor,,REP,Lt. Governor Tim Griffin,95,95,0,0
Newton,Murray,Lieutenant Governor,,REP,Lt. Governor Tim Griffin,5,5,0,0
Newton,Polk,Lieutenant Governor,,REP,Lt. Governor Tim Griffin,69,69,0,0
Newton,Ponca,Lieutenant Governor,,REP,Lt. Governor Tim Griffin,116,116,0,0
Newton,Pleasant Hill,Lieutenant Governor,,REP,Lt. Governor Tim Griffin,94,94,0,0
Newton,Lincoln,Lieutenant Governor,,REP,Lt. Governor Tim Griffin,46,46,0,0
Newton,Richland,Lieutenant Governor,,REP,Lt. Governor Tim Griffin,86,86,0,0
Newton,Van Buren,Lieutenant Governor,,REP,Lt. Governor Tim Griffin,25,25,0,0
Newton,White,Lieutenant Governor,,REP,Lt. Governor Tim Griffin,153,153,0,0
Newton,Big Creek,Lieutenant Governor,,LIB,Frank Gilbert,4,4,0,0
Newton,Boston,Lieutenant Governor,,LIB,Frank Gilbert,0,0,0,0
Newton,Dogpatch,Lieutenant Governor,,LIB,Frank Gilbert,1,1,0,0
Newton,Grove,Lieutenant Governor,,LIB,Frank Gilbert,8,8,0,0
Newton,Hasty,Lieutenant Governor,,LIB,Frank Gilbert,0,0,0,0
Newton,Hickory Grove,Lieutenant Governor,,LIB,Frank Gilbert,0,0,0,0
Newton,Hudson,Lieutenant Governor,,LIB,Frank Gilbert,7,7,0,0
Newton,Jackson,Lieutenant Governor,,LIB,Frank Gilbert,41,5,0,36
Newton,Jefferson,Lieutenant Governor,,LIB,Frank Gilbert,2,2,0,0
Newton,Low Gap,Lieutenant Governor,,LIB,Frank Gilbert,1,1,0,0
Newton,Mt. Sherman,Lieutenant Governor,,LIB,Frank Gilbert,2,2,0,0
Newton,Murray,Lieutenant Governor,,LIB,Frank Gilbert,2,2,0,0
Newton,Polk,Lieutenant Governor,,LIB,Frank Gilbert,1,1,0,0
Newton,Ponca,Lieutenant Governor,,LIB,Frank Gilbert,1,1,0,0
Newton,Pleasant Hill,Lieutenant Governor,,LIB,Frank Gilbert,3,3,0,0
Newton,Lincoln,Lieutenant Governor,,LIB,Frank Gilbert,5,5,0,0
Newton,Richland,Lieutenant Governor,,LIB,Frank Gilbert,2,2,0,0
Newton,Van Buren,Lieutenant Governor,,LIB,Frank Gilbert,2,2,0,0
Newton,White,Lieutenant Governor,,LIB,Frank Gilbert,3,3,0,0
Newton,Big Creek,Lieutenant Governor,,DEM,Anthony Bland,10,10,0,0
Newton,Boston,Lieutenant Governor,,DEM,Anthony Bland,8,8,0,0
Newton,Dogpatch,Lieutenant Governor,,DEM,Anthony Bland,51,51,0,0
Newton,Grove,Lieutenant Governor,,DEM,Anthony Bland,44,44,0,0
Newton,Hasty,Lieutenant Governor,,DEM,Anthony Bland,9,9,0,0
Newton,Hickory Grove,Lieutenant Governor,,DEM,Anthony Bland,6,6,0,0
Newton,Hudson,Lieutenant Governor,,DEM,Anthony Bland,22,22,0,0
Newton,Jackson,Lieutenant Governor,,DEM,Anthony Bland,324,34,13,277
Newton,Jefferson,Lieutenant Governor,,DEM,Anthony Bland,17,17,0,0
Newton,Low Gap,Lieutenant Governor,,DEM,Anthony Bland,14,14,0,0
Newton,Mt. Sherman,Lieutenant Governor,,DEM,Anthony Bland,9,9,0,0
Newton,Murray,Lieutenant Governor,,DEM,Anthony Bland,20,20,0,0
Newton,Polk,Lieutenant Governor,,DEM,Anthony Bland,15,15,0,0
Newton,Ponca,Lieutenant Governor,,DEM,Anthony Bland,25,25,0,0
Newton,Pleasant Hill,Lieutenant Governor,,DEM,Anthony Bland,20,20,0,0
Newton,Lincoln,Lieutenant Governor,,DEM,Anthony Bland,10,10,0,0
Newton,Richland,Lieutenant Governor,,DEM,Anthony Bland,4,4,0,0
Newton,Van Buren,Lieutenant Governor,,DEM,Anthony Bland,28,28,0,0
Newton,White,Lieutenant Governor,,DEM,Anthony Bland,15,15,0,0
Newton,Big Creek,Attorney General,,REP,Attorney General Leslie Rutledge,57,57,0,0
Newton,Boston,Attorney General,,REP,Attorney General Leslie Rutledge,35,35,0,0
Newton,Dogpatch,Attorney General,,REP,Attorney General Leslie Rutledge,139,139,0,0
Newton,Grove,Attorney General,,REP,Attorney General Leslie Rutledge,250,250,0,0
Newton,Hasty,Attorney General,,REP,Attorney General Leslie Rutledge,93,93,0,0
Newton,Hickory Grove,Attorney General,,REP,Attorney General Leslie Rutledge,28,28,0,0
Newton,Hudson,Attorney General,,REP,Attorney General Leslie Rutledge,85,85,0,0
Newton,Jackson,Attorney General,,REP,Attorney General Leslie Rutledge,854,112,37,705
Newton,Jefferson,Attorney General,,REP,Attorney General Leslie Rutledge,49,49,0,0
Newton,Low Gap,Attorney General,,REP,Attorney General Leslie Rutledge,69,69,0,0
Newton,Mt. Sherman,Attorney General,,REP,Attorney General Leslie Rutledge,98,98,0,0
Newton,Murray,Attorney General,,REP,Attorney General Leslie Rutledge,5,5,0,0
Newton,Polk,Attorney General,,REP,Attorney General Leslie Rutledge,65,65,0,0
Newton,Ponca,Attorney General,,REP,Attorney General Leslie Rutledge,116,116,0,0
Newton,Pleasant Hill,Attorney General,,REP,Attorney General Leslie Rutledge,97,97,0,0
Newton,Lincoln,Attorney General,,REP,Attorney General Leslie Rutledge,49,49,0,0
Newton,Richland,Attorney General,,REP,Attorney General Leslie Rutledge,86,86,0,0
Newton,Van Buren,Attorney General,,REP,Attorney General Leslie Rutledge,26,26,0,0
Newton,White,Attorney General,,REP,Attorney General Leslie Rutledge,152,152,0,0
Newton,Big Creek,Attorney General,,LIB,Kerry Hicks,4,4,0,0
Newton,Boston,Attorney General,,LIB,Kerry Hicks,1,1,0,0
Newton,Dogpatch,Attorney General,,LIB,Kerry Hicks,3,3,0,0
Newton,Grove,Attorney General,,LIB,Kerry Hicks,5,5,0,0
Newton,Hasty,Attorney General,,LIB,Kerry Hicks,0,0,0,0
Newton,Hickory Grove,Attorney General,,LIB,Kerry Hicks,2,2,0,0
Newton,Hudson,Attorney General,,LIB,Kerry Hicks,6,6,0,0
Newton,Jackson,Attorney General,,LIB,Kerry Hicks,41,4,0,37
Newton,Jefferson,Attorney General,,LIB,Kerry Hicks,4,4,0,0
Newton,Low Gap,Attorney General,,LIB,Kerry Hicks,2,2,0,0
Newton,Mt. Sherman,Attorney General,,LIB,Kerry Hicks,2,2,0,0
Newton,Murray,Attorney General,,LIB,Kerry Hicks,1,1,0,0
Newton,Polk,Attorney General,,LIB,Kerry Hicks,3,3,0,0
Newton,Ponca,Attorney General,,LIB,Kerry Hicks,3,3,0,0
Newton,Pleasant Hill,Attorney General,,LIB,Kerry Hicks,2,2,0,0
Newton,Lincoln,Attorney General,,LIB,Kerry Hicks,4,4,0,0
Newton,Richland,Attorney General,,LIB,Kerry Hicks,3,3,0,0
Newton,Van Buren,Attorney General,,LIB,Kerry Hicks,2,2,0,0
Newton,White,Attorney General,,LIB,Kerry Hicks,2,2,0,0
Newton,Big Creek,Attorney General,,DEM,Mike Lee,7,7,0,0
Newton,Boston,Attorney General,,DEM,Mike Lee,5,5,0,0
Newton,Dogpatch,Attorney General,,DEM,Mike Lee,49,49,0,0
Newton,Grove,Attorney General,,DEM,Mike Lee,48,48,0,0
Newton,Hasty,Attorney General,,DEM,Mike Lee,8,8,0,0
Newton,Hickory Grove,Attorney General,,DEM,Mike Lee,5,5,0,0
Newton,Hudson,Attorney General,,DEM,Mike Lee,26,26,0,0
Newton,Jackson,Attorney General,,DEM,Mike Lee,330,35,12,283
Newton,Jefferson,Attorney General,,DEM,Mike Lee,19,19,0,0
Newton,Low Gap,Attorney General,,DEM,Mike Lee,16,16,0,0
Newton,Mt. Sherman,Attorney General,,DEM,Mike Lee,9,9,0,0
Newton,Murray,Attorney General,,DEM,Mike Lee,21,21,0,0
Newton,Polk,Attorney General,,DEM,Mike Lee,14,14,0,0
Newton,Ponca,Attorney General,,DEM,Mike Lee,24,24,0,0
Newton,Pleasant Hill,Attorney General,,DEM,Mike Lee,19,19,0,0
Newton,Lincoln,Attorney General,,DEM,Mike Lee,9,9,0,0
Newton,Richland,Attorney General,,DEM,Mike Lee,2,2,0,0
Newton,Van Buren,Attorney General,,DEM,Mike Lee,27,27,0,0
Newton,White,Attorney General,,DEM,Mike Lee,5,5,0,0
Newton,Big Creek,Secretary of State,,REP,John Thurston Commissioner of State Lands,57,57,0,0
Newton,Boston,Secretary of State,,REP,John Thurston Commissioner of State Lands,36,36,0,0
Newton,Dogpatch,Secretary of State,,REP,John Thurston Commissioner of State Lands,140,140,0,0
Newton,Grove,Secretary of State,,REP,John Thurston Commissioner of State Lands,249,249,0,0
Newton,Hasty,Secretary of State,,REP,John Thurston Commissioner of State Lands,90,90,0,0
Newton,Hickory Grove,Secretary of State,,REP,John Thurston Commissioner of State Lands,28,28,0,0
Newton,Hudson,Secretary of State,,REP,John Thurston Commissioner of State Lands,81,81,0,0
Newton,Jackson,Secretary of State,,REP,John Thurston Commissioner of State Lands,857,111,35,711
Newton,Jefferson,Secretary of State,,REP,John Thurston Commissioner of State Lands,52,52,0,0
Newton,Low Gap,Secretary of State,,REP,John Thurston Commissioner of State Lands,65,65,0,0
Newton,Mt. Sherman,Secretary of State,,REP,John Thurston Commissioner of State Lands,95,95,0,0
Newton,Murray,Secretary of State,,REP,John Thurston Commissioner of State Lands,4,4,0,0
Newton,Polk,Secretary of State,,REP,John Thurston Commissioner of State Lands,68,68,0,0
Newton,Ponca,Secretary of State,,REP,John Thurston Commissioner of State Lands,108,108,0,0
Newton,Pleasant Hill,Secretary of State,,REP,John Thurston Commissioner of State Lands,93,93,0,0
Newton,Lincoln,Secretary of State,,REP,John Thurston Commissioner of State Lands,47,47,0,0
Newton,Richland,Secretary of State,,REP,John Thurston Commissioner of State Lands,86,86,0,0
Newton,Van Buren,Secretary of State,,REP,John Thurston Commissioner of State Lands,22,22,0,0
Newton,White,Secretary of State,,REP,John Thurston Commissioner of State Lands,150,150,0,0
Newton,Big Creek,Secretary of State,,DEM,Susan Inman,11,11,0,0
Newton,Boston,Secretary of State,,DEM,Susan Inman,9,9,0,0
Newton,Dogpatch,Secretary of State,,DEM,Susan Inman,47,47,0,0
Newton,Grove,Secretary of State,,DEM,Susan Inman,50,50,0,0
Newton,Hasty,Secretary of State,,DEM,Susan Inman,9,9,0,0
Newton,Hickory Grove,Secretary of State,,DEM,Susan Inman,5,5,0,0
Newton,Hudson,Secretary of State,,DEM,Susan Inman,26,26,0,0
Newton,Jackson,Secretary of State,,DEM,Susan Inman,331,35,13,283
Newton,Jefferson,Secretary of State,,DEM,Susan Inman,18,18,0,0
Newton,Low Gap,Secretary of State,,DEM,Susan Inman,16,16,0,0
Newton,Mt. Sherman,Secretary of State,,DEM,Susan Inman,13,13,0,0
Newton,Murray,Secretary of State,,DEM,Susan Inman,22,22,0,0
Newton,Polk,Secretary of State,,DEM,Susan Inman,14,14,0,0
Newton,Ponca,Secretary of State,,DEM,Susan Inman,33,33,0,0
Newton,Pleasant Hill,Secretary of State,,DEM,Susan Inman,23,23,0,0
Newton,Lincoln,Secretary of State,,DEM,Susan Inman,11,11,0,0
Newton,Richland,Secretary of State,,DEM,Susan Inman,3,3,0,0
Newton,Van Buren,Secretary of State,,DEM,Susan Inman,28,28,0,0
Newton,White,Secretary of State,,DEM,Susan Inman,18,18,0,0
Newton,Big Creek,Secretary of State,,LIB,Christopher Olson,1,1,0,0
Newton,Boston,Secretary of State,,LIB,Christopher Olson,0,0,0,0
Newton,Dogpatch,Secretary of State,,LIB,Christopher Olson,4,4,0,0
Newton,Grove,Secretary of State,,LIB,Christopher Olson,5,5,0,0
Newton,Hasty,Secretary of State,,LIB,Christopher Olson,0,0,0,0
Newton,Hickory Grove,Secretary of State,,LIB,Christopher Olson,2,2,0,0
Newton,Hudson,Secretary of State,,LIB,Christopher Olson,4,4,0,0
Newton,Jackson,Secretary of State,,LIB,Christopher Olson,37,5,0,32
Newton,Jefferson,Secretary of State,,LIB,Christopher Olson,2,2,0,0
Newton,Low Gap,Secretary of State,,LIB,Christopher Olson,1,1,0,0
Newton,Mt. Sherman,Secretary of State,,LIB,Christopher Olson,0,0,0,0
Newton,Murray,Secretary of State,,LIB,Christopher Olson,1,1,0,0
Newton,Polk,Secretary of State,,LIB,Christopher Olson,3,3,0,0
Newton,Ponca,Secretary of State,,LIB,Christopher Olson,1,1,0,0
Newton,Pleasant Hill,Secretary of State,,LIB,Christopher Olson,4,4,0,0
Newton,Lincoln,Secretary of State,,LIB,Christopher Olson,4,4,0,0
Newton,Richland,Secretary of State,,LIB,Christopher Olson,2,2,0,0
Newton,Van Buren,Secretary of State,,LIB,Christopher Olson,1,1,0,0
Newton,White,Secretary of State,,LIB,Christopher Olson,0,0,0,0
Newton,Big Creek,State Treasurer,,LIB,Ashley Ewald,13,13,0,0
Newton,Boston,State Treasurer,,LIB,Ashley Ewald,8,8,0,0
Newton,Dogpatch,State Treasurer,,LIB,Ashley Ewald,44,44,0,0
Newton,Grove,State Treasurer,,LIB,Ashley Ewald,43,43,0,0
Newton,Hasty,State Treasurer,,LIB,Ashley Ewald,9,9,0,0
Newton,Hickory Grove,State Treasurer,,LIB,Ashley Ewald,6,6,0,0
Newton,Hudson,State Treasurer,,LIB,Ashley Ewald,20,20,0,0
Newton,Jackson,State Treasurer,,LIB,Ashley Ewald,256,34,7,215
Newton,Jefferson,State Treasurer,,LIB,Ashley Ewald,16,16,0,0
Newton,Low Gap,State Treasurer,,LIB,Ashley Ewald,13,13,0,0
Newton,Mt. Sherman,State Treasurer,,LIB,Ashley Ewald,8,8,0,0
Newton,Murray,State Treasurer,,LIB,Ashley Ewald,18,18,0,0
Newton,Polk,State Treasurer,,LIB,Ashley Ewald,13,13,0,0
Newton,Ponca,State Treasurer,,LIB,Ashley Ewald,22,22,0,0
Newton,Pleasant Hill,State Treasurer,,LIB,Ashley Ewald,19,19,0,0
Newton,Lincoln,State Treasurer,,LIB,Ashley Ewald,15,15,0,0
Newton,Richland,State Treasurer,,LIB,Ashley Ewald,11,11,0,0
Newton,Van Buren,State Treasurer,,LIB,Ashley Ewald,22,22,0,0
Newton,White,State Treasurer,,LIB,Ashley Ewald,17,17,0,0
Newton,Big Creek,State Treasurer,,REP,Treasurer of State Dennis Milligan,56,56,0,0
Newton,Boston,State Treasurer,,REP,Treasurer of State Dennis Milligan,37,37,0,0
Newton,Dogpatch,State Treasurer,,REP,Treasurer of State Dennis Milligan,141,141,0,0
Newton,Grove,State Treasurer,,REP,Treasurer of State Dennis Milligan,256,256,0,0
Newton,Hasty,State Treasurer,,REP,Treasurer of State Dennis Milligan,90,90,0,0
Newton,Hickory Grove,State Treasurer,,REP,Treasurer of State Dennis Milligan,28,28,0,0
Newton,Hudson,State Treasurer,,REP,Treasurer of State Dennis Milligan,93,93,0,0
Newton,Jackson,State Treasurer,,REP,Treasurer of State Dennis Milligan,898,110,37,751
Newton,Jefferson,State Treasurer,,REP,Treasurer of State Dennis Milligan,50,50,0,0
Newton,Low Gap,State Treasurer,,REP,Treasurer of State Dennis Milligan,67,67,0,0
Newton,Mt. Sherman,State Treasurer,,REP,Treasurer of State Dennis Milligan,101,101,0,0
Newton,Murray,State Treasurer,,REP,Treasurer of State Dennis Milligan,6,6,0,0
Newton,Polk,State Treasurer,,REP,Treasurer of State Dennis Milligan,69,69,0,0
Newton,Ponca,State Treasurer,,REP,Treasurer of State Dennis Milligan,118,118,0,0
Newton,Pleasant Hill,State Treasurer,,REP,Treasurer of State Dennis Milligan,97,97,0,0
Newton,Lincoln,State Treasurer,,REP,Treasurer of State Dennis Milligan,47,47,0,0
Newton,Richland,State Treasurer,,REP,Treasurer of State Dennis Milligan,80,80,0,0
Newton,Van Buren,State Treasurer,,REP,Treasurer of State Dennis Milligan,29,29,0,0
Newton,White,State Treasurer,,REP,Treasurer of State Dennis Milligan,147,147,0,0
Newton,Big Creek,Auditor of State,,REP,Auditor Andrea Lea,58,58,0,0
Newton,Boston,Auditor of State,,REP,Auditor Andrea Lea,37,37,0,0
Newton,Dogpatch,Auditor of State,,REP,Auditor Andrea Lea,141,141,0,0
Newton,Grove,Auditor of State,,REP,Auditor Andrea Lea,259,259,0,0
Newton,Hasty,Auditor of State,,REP,Auditor Andrea Lea,94,94,0,0
Newton,Hickory Grove,Auditor of State,,REP,Auditor Andrea Lea,29,29,0,0
Newton,Hudson,Auditor of State,,REP,Auditor Andrea Lea,92,92,0,0
Newton,Jackson,Auditor of State,,REP,Auditor Andrea Lea,925,118,39,768
Newton,Jefferson,Auditor of State,,REP,Auditor Andrea Lea,50,50,0,0
Newton,Low Gap,Auditor of State,,REP,Auditor Andrea Lea,66,66,0,0
Newton,Mt. Sherman,Auditor of State,,REP,Auditor Andrea Lea,99,99,0,0
Newton,Murray,Auditor of State,,REP,Auditor Andrea Lea,6,6,0,0
Newton,Polk,Auditor of State,,REP,Auditor Andrea Lea,71,71,0,0
Newton,Ponca,Auditor of State,,REP,Auditor Andrea Lea,118,118,0,0
Newton,Pleasant Hill,Auditor of State,,REP,Auditor Andrea Lea,99,99,0,0
Newton,Lincoln,Auditor of State,,REP,Auditor Andrea Lea,47,47,0,0
Newton,Richland,Auditor of State,,REP,Auditor Andrea Lea,82,82,0,0
Newton,Van Buren,Auditor of State,,REP,Auditor Andrea Lea,32,32,0,0
Newton,White,Auditor of State,,REP,Auditor Andrea Lea,147,147,0,0
Newton,Big Creek,Auditor of State,,LIB,David E. Dinwiddie,11,11,0,0
Newton,Boston,Auditor of State,,LIB,David E. Dinwiddie,8,8,0,0
Newton,Dogpatch,Auditor of State,,LIB,David E. Dinwiddie,43,43,0,0
Newton,Grove,Auditor of State,,LIB,David E. Dinwiddie,37,37,0,0
Newton,Hasty,Auditor of State,,LIB,David E. Dinwiddie,7,7,0,0
Newton,Hickory Grove,Auditor of State,,LIB,David E. Dinwiddie,6,6,0,0
Newton,Hudson,Auditor of State,,LIB,David E. Dinwiddie,21,21,0,0
Newton,Jackson,Auditor of State,,LIB,David E. Dinwiddie,230,27,6,197
Newton,Jefferson,Auditor of State,,LIB,David E. Dinwiddie,15,15,0,0
Newton,Low Gap,Auditor of State,,LIB,David E. Dinwiddie,13,13,0,0
Newton,Mt. Sherman,Auditor of State,,LIB,David E. Dinwiddie,8,8,0,0
Newton,Murray,Auditor of State,,LIB,David E. Dinwiddie,17,17,0,0
Newton,Polk,Auditor of State,,LIB,David E. Dinwiddie,11,11,0,0
Newton,Ponca,Auditor of State,,LIB,David E. Dinwiddie,18,18,0,0
Newton,Pleasant Hill,Auditor of State,,LIB,David E. Dinwiddie,14,14,0,0
Newton,Lincoln,Auditor of State,,LIB,David E. Dinwiddie,13,13,0,0
Newton,Richland,Auditor of State,,LIB,David E. Dinwiddie,7,7,0,0
Newton,Van Buren,Auditor of State,,LIB,David E. Dinwiddie,19,19,0,0
Newton,White,Auditor of State,,LIB,David E. Dinwiddie,19,19,0,0
Newton,Big Creek,Commissioner of State Lands,,DEM,Larry Williams,9,9,0,0
Newton,Boston,Commissioner of State Lands,,DEM,Larry Williams,9,9,0,0
Newton,Dogpatch,Commissioner of State Lands,,DEM,Larry Williams,51,51,0,0
Newton,Grove,Commissioner of State Lands,,DEM,Larry Williams,53,53,0,0
Newton,Hasty,Commissioner of State Lands,,DEM,Larry Williams,11,11,0,0
Newton,Hickory Grove,Commissioner of State Lands,,DEM,Larry Williams,7,7,0,0
Newton,Hudson,Commissioner of State Lands,,DEM,Larry Williams,78,78,0,0
Newton,Jackson,Commissioner of State Lands,,DEM,Larry Williams,345,38,14,293
Newton,Jefferson,Commissioner of State Lands,,DEM,Larry Williams,17,17,0,0
Newton,Low Gap,Commissioner of State Lands,,DEM,Larry Williams,16,16,0,0
Newton,Mt. Sherman,Commissioner of State Lands,,DEM,Larry Williams,16,16,0,0
Newton,Murray,Commissioner of State Lands,,DEM,Larry Williams,23,23,0,0
Newton,Polk,Commissioner of State Lands,,DEM,Larry Williams,15,15,0,0
Newton,Ponca,Commissioner of State Lands,,DEM,Larry Williams,34,34,0,0
Newton,Pleasant Hill,Commissioner of State Lands,,DEM,Larry Williams,22,22,0,0
Newton,Lincoln,Commissioner of State Lands,,DEM,Larry Williams,11,11,0,0
Newton,Richland,Commissioner of State Lands,,DEM,Larry Williams,6,6,0,0
Newton,Van Buren,Commissioner of State Lands,,DEM,Larry Williams,29,29,0,0
Newton,White,Commissioner of State Lands,,DEM,Larry Williams,17,17,0,0
Newton,Big Creek,Commissioner of State Lands,,REP,Tommy Land,55,55,0,0
Newton,Boston,Commissioner of State Lands,,REP,Tommy Land,35,35,0,0
Newton,Dogpatch,Commissioner of State Lands,,REP,Tommy Land,134,134,0,0
Newton,Grove,Commissioner of State Lands,,REP,Tommy Land,240,240,0,0
Newton,Hasty,Commissioner of State Lands,,REP,Tommy Land,87,87,0,0
Newton,Hickory Grove,Commissioner of State Lands,,REP,Tommy Land,28,28,0,0
Newton,Hudson,Commissioner of State Lands,,REP,Tommy Land,83,83,0,0
Newton,Jackson,Commissioner of State Lands,,REP,Tommy Land,821,107,34,680
Newton,Jefferson,Commissioner of State Lands,,REP,Tommy Land,48,48,0,0
Newton,Low Gap,Commissioner of State Lands,,REP,Tommy Land,65,65,0,0
Newton,Mt. Sherman,Commissioner of State Lands,,REP,Tommy Land,90,90,0,0
Newton,Murray,Commissioner of State Lands,,REP,Tommy Land,4,4,0,0
Newton,Polk,Commissioner of State Lands,,REP,Tommy Land,63,63,0,0
Newton,Ponca,Commissioner of State Lands,,REP,Tommy Land,103,103,0,0
Newton,Pleasant Hill,Commissioner of State Lands,,REP,Tommy Land,91,91,0,0
Newton,Lincoln,Commissioner of State Lands,,REP,Tommy Land,47,47,0,0
Newton,Richland,Commissioner of State Lands,,REP,Tommy Land,77,77,0,0
Newton,Van Buren,Commissioner of State Lands,,REP,Tommy Land,23,23,0,0
Newton,White,Commissioner of State Lands,,REP,Tommy Land,147,147,0,0
Newton,Big Creek,Commissioner of State Lands,,LIB,T.J. Campbell,6,6,0,0
Newton,Boston,Commissioner of State Lands,,LIB,T.J. Campbell,0,0,0,0
Newton,Dogpatch,Commissioner of State Lands,,LIB,T.J. Campbell,5,5,0,0
Newton,Grove,Commissioner of State Lands,,LIB,T.J. Campbell,10,10,0,0
Newton,Hasty,Commissioner of State Lands,,LIB,T.J. Campbell,2,2,0,0
Newton,Hickory Grove,Commissioner of State Lands,,LIB,T.J. Campbell,0,0,0,0
Newton,Hudson,Commissioner of State Lands,,LIB,T.J. Campbell,3,3,0,0
Newton,Jackson,Commissioner of State Lands,,LIB,T.J. Campbell,45,3,0,42
Newton,Jefferson,Commissioner of State Lands,,LIB,T.J. Campbell,4,4,0,0
Newton,Low Gap,Commissioner of State Lands,,LIB,T.J. Campbell,2,2,0,0
Newton,Mt. Sherman,Commissioner of State Lands,,LIB,T.J. Campbell,3,3,0,0
Newton,Murray,Commissioner of State Lands,,LIB,T.J. Campbell,0,0,0,0
Newton,Polk,Commissioner of State Lands,,LIB,T.J. Campbell,3,3,0,0
Newton,Ponca,Commissioner of State Lands,,LIB,T.J. Campbell,4,4,0,0
Newton,Pleasant Hill,Commissioner of State Lands,,LIB,T.J. Campbell,5,5,0,0
Newton,Lincoln,Commissioner of State Lands,,LIB,T.J. Campbell,3,3,0,0
Newton,Richland,Commissioner of State Lands,,LIB,T.J. Campbell,3,3,0,0
Newton,Van Buren,Commissioner of State Lands,,LIB,T.J. Campbell,3,3,0,0
Newton,White,Commissioner of State Lands,,LIB,T.J. Campbell,5,5,0,0
Newton,Big Creek,State Supreme Court Associate Justice Position 3,,NON,State Supreme Court Justice Courtney Goodson,28,28,0,0
Newton,Boston,State Supreme Court Associate Justice Position 3,,NON,State Supreme Court Justice Courtney Goodson,24,24,0,0
Newton,Dogpatch,State Supreme Court Associate Justice Position 3,,NON,State Supreme Court Justice Courtney Goodson,93,93,0,0
Newton,Grove,State Supreme Court Associate Justice Position 3,,NON,State Supreme Court Justice Courtney Goodson,152,152,0,0
Newton,Hasty,State Supreme Court Associate Justice Position 3,,NON,State Supreme Court Justice Courtney Goodson,41,41,0,0
Newton,Hickory Grove,State Supreme Court Associate Justice Position 3,,NON,State Supreme Court Justice Courtney Goodson,15,15,0,0
Newton,Hudson,State Supreme Court Associate Justice Position 3,,NON,State Supreme Court Justice Courtney Goodson,58,58,0,0
Newton,Jackson,State Supreme Court Associate Justice Position 3,,NON,State Supreme Court Justice Courtney Goodson,679,82,20,577
Newton,Jefferson,State Supreme Court Associate Justice Position 3,,NON,State Supreme Court Justice Courtney Goodson,30,30,0,0
Newton,Low Gap,State Supreme Court Associate Justice Position 3,,NON,State Supreme Court Justice Courtney Goodson,34,34,0,0
Newton,Mt. Sherman,State Supreme Court Associate Justice Position 3,,NON,State Supreme Court Justice Courtney Goodson,55,55,0,0
Newton,Murray,State Supreme Court Associate Justice Position 3,,NON,State Supreme Court Justice Courtney Goodson,21,21,0,0
Newton,Polk,State Supreme Court Associate Justice Position 3,,NON,State Supreme Court Justice Courtney Goodson,42,42,0,0
Newton,Ponca,State Supreme Court Associate Justice Position 3,,NON,State Supreme Court Justice Courtney Goodson,59,59,0,0
Newton,Pleasant Hill,State Supreme Court Associate Justice Position 3,,NON,State Supreme Court Justice Courtney Goodson,58,58,0,0
Newton,Lincoln,State Supreme Court Associate Justice Position 3,,NON,State Supreme Court Justice Courtney Goodson,31,31,0,0
Newton,Richland,State Supreme Court Associate Justice Position 3,,NON,State Supreme Court Justice Courtney Goodson,32,32,0,0
Newton,Van Buren,State Supreme Court Associate Justice Position 3,,NON,State Supreme Court Justice Courtney Goodson,34,34,0,0
Newton,White,State Supreme Court Associate Justice Position 3,,NON,State Supreme Court Justice Courtney Goodson,93,93,0,0
Newton,Big Creek,State Supreme Court Associate Justice Position 3,,NON,David Sterling,25,25,0,0
Newton,Boston,State Supreme Court Associate Justice Position 3,,NON,David Sterling,18,18,0,0
Newton,Dogpatch,State Supreme Court Associate Justice Position 3,,NON,David Sterling,77,77,0,0
Newton,Grove,State Supreme Court Associate Justice Position 3,,NON,David Sterling,106,106,0,0
Newton,Hasty,State Supreme Court Associate Justice Position 3,,NON,David Sterling,33,33,0,0
Newton,Hickory Grove,State Supreme Court Associate Justice Position 3,,NON,David Sterling,9,9,0,0
Newton,Hudson,State Supreme Court Associate Justice Position 3,,NON,David Sterling,37,37,0,0
Newton,Jackson,State Supreme Court Associate Justice Position 3,,NON,David Sterling,356,49,20,287
Newton,Jefferson,State Supreme Court Associate Justice Position 3,,NON,David Sterling,31,31,0,0
Newton,Low Gap,State Supreme Court Associate Justice Position 3,,NON,David Sterling,36,36,0,0
Newton,Mt. Sherman,State Supreme Court Associate Justice Position 3,,NON,David Sterling,38,38,0,0
Newton,Murray,State Supreme Court Associate Justice Position 3,,NON,David Sterling,5,5,0,0
Newton,Polk,State Supreme Court Associate Justice Position 3,,NON,David Sterling,29,29,0,0
Newton,Ponca,State Supreme Court Associate Justice Position 3,,NON,David Sterling,62,62,0,0
Newton,Pleasant Hill,State Supreme Court Associate Justice Position 3,,NON,David Sterling,41,41,0,0
Newton,Lincoln,State Supreme Court Associate Justice Position 3,,NON,David Sterling,15,15,0,0
Newton,Richland,State Supreme Court Associate Justice Position 3,,NON,David Sterling,43,43,0,0
Newton,Van Buren,State Supreme Court Associate Justice Position 3,,NON,David Sterling,14,14,0,0
Newton,White,State Supreme Court Associate Justice Position 3,,NON,David Sterling,37,37,0,0
Newton,Big Creek,Newton County Assessor,,REP,Stephen Willis,50,50,0,0
Newton,Boston,Newton County Assessor,,REP,Stephen Willis,24,24,0,0
Newton,Dogpatch,Newton County Assessor,,REP,Stephen Willis,108,108,0,0
Newton,Grove,Newton County Assessor,,REP,Stephen Willis,220,220,0,0
Newton,Hasty,Newton County Assessor,,REP,Stephen Willis,65,65,0,0
Newton,Hickory Grove,Newton County Assessor,,REP,Stephen Willis,24,24,0,0
Newton,Hudson,Newton County Assessor,,REP,Stephen Willis,86,86,0,0
Newton,Jackson,Newton County Assessor,,REP,Stephen Willis,697,78,31,588
Newton,Jefferson,Newton County Assessor,,REP,Stephen Willis,48,48,0,0
Newton,Low Gap,Newton County Assessor,,REP,Stephen Willis,53,53,0,0
Newton,Mt. Sherman,Newton County Assessor,,REP,Stephen Willis,81,81,0,0
Newton,Murray,Newton County Assessor,,REP,Stephen Willis,6,6,0,0
Newton,Polk,Newton County Assessor,,REP,Stephen Willis,53,53,0,0
Newton,Ponca,Newton County Assessor,,REP,Stephen Willis,68,68,0,0
Newton,Pleasant Hill,Newton County Assessor,,REP,Stephen Willis,67,67,0,0
Newton,Lincoln,Newton County Assessor,,REP,Stephen Willis,45,45,0,0
Newton,Richland,Newton County Assessor,,REP,Stephen Willis,65,65,0,0
Newton,Van Buren,Newton County Assessor,,REP,Stephen Willis,25,25,0,0
Newton,White,Newton County Assessor,,REP,Stephen Willis,102,102,0,0
Newton,Big Creek,Newton County Assessor,,IND,Gayle Slape,27,27,0,0
Newton,Boston,Newton County Assessor,,IND,Gayle Slape,20,20,0,0
Newton,Dogpatch,Newton County Assessor,,IND,Gayle Slape,80,80,0,0
Newton,Grove,Newton County Assessor,,IND,Gayle Slape,79,79,0,0
Newton,Hasty,Newton County Assessor,,IND,Gayle Slape,34,34,0,0
Newton,Hickory Grove,Newton County Assessor,,IND,Gayle Slape,12,12,0,0
Newton,Hudson,Newton County Assessor,,IND,Gayle Slape,39,39,0,0
Newton,Jackson,Newton County Assessor,,IND,Gayle Slape,523,68,19,436
Newton,Jefferson,Newton County Assessor,,IND,Gayle Slape,27,27,0,0
Newton,Low Gap,Newton County Assessor,,IND,Gayle Slape,34,34,0,0
Newton,Mt. Sherman,Newton County Assessor,,IND,Gayle Slape,25,25,0,0
Newton,Murray,Newton County Assessor,,IND,Gayle Slape,20,20,0,0
Newton,Polk,Newton County Assessor,,IND,Gayle Slape,26,26,0,0
Newton,Ponca,Newton County Assessor,,IND,Gayle Slape,72,72,0,0
Newton,Pleasant Hill,Newton County Assessor,,IND,Gayle Slape,51,51,0,0
Newton,Lincoln,Newton County Assessor,,IND,Gayle Slape,17,17,0,0
Newton,Richland,Newton County Assessor,,IND,Gayle Slape,26,26,0,0
Newton,Van Buren,Newton County Assessor,,IND,Gayle Slape,32,32,0,0
Newton,White,Newton County Assessor,,IND,Gayle Slape,66,66,0,0
Newton,Hudson,Justice of the Peace D09,,IND,John D. Phillips,86,86,0,0
Newton,Jackson,Justice of the Peace D09,,IND,John D. Phillips,122,7,9,106
Newton,Low Gap,Justice of the Peace D09,,IND,John D. Phillips,28,28,0,0
Newton,Murray,Justice of the Peace D09,,IND,John D. Phillips,24,24,0,0
Newton,Hudson,Justice of the Peace D09,,REP,John Griffith,30,30,0,0
Newton,Jackson,Justice of the Peace D09,,REP,John Griffith,63,6,1,56
Newton,Low Gap,Justice of the Peace D09,,REP,John Griffith,59,59,0,0
Newton,Murray,Justice of the Peace D09,,REP,John Griffith,1,1,0,0
Newton,Pleasant Hill,Constable-Pleasant Hill,,REP,Donavan Davis,80,34,3,43
Newton,Pleasant Hill,Constable-Pleasant Hill,,IND,Johnny Bohannon,107,82,0,25
Newton,Big Creek,Issue No. 2: A Constitutional Amendment Adding as a Qualification to Vote that a Voter Present Certain Valid Photographic Identification When Casting a Ballot In Person or Casting and Absentee Ballot,,NON,FOR,56,56,0,0
Newton,Boston,Issue No. 2: A Constitutional Amendment Adding as a Qualification to Vote that a Voter Present Certain Valid Photographic Identification When Casting a Ballot In Person or Casting and Absentee Ballot,,NON,FOR,35,35,0,0
Newton,Dogpatch,Issue No. 2: A Constitutional Amendment Adding as a Qualification to Vote that a Voter Present Certain Valid Photographic Identification When Casting a Ballot In Person or Casting and Absentee Ballot,,NON,FOR,152,152,0,0
Newton,Grove,Issue No. 2: A Constitutional Amendment Adding as a Qualification to Vote that a Voter Present Certain Valid Photographic Identification When Casting a Ballot In Person or Casting and Absentee Ballot,,NON,FOR,258,258,0,0
Newton,Hasty,Issue No. 2: A Constitutional Amendment Adding as a Qualification to Vote that a Voter Present Certain Valid Photographic Identification When Casting a Ballot In Person or Casting and Absentee Ballot,,NON,FOR,82,82,0,0
Newton,Hickory Grove,Issue No. 2: A Constitutional Amendment Adding as a Qualification to Vote that a Voter Present Certain Valid Photographic Identification When Casting a Ballot In Person or Casting and Absentee Ballot,,NON,FOR,26,26,0,0
Newton,Hudson,Issue No. 2: A Constitutional Amendment Adding as a Qualification to Vote that a Voter Present Certain Valid Photographic Identification When Casting a Ballot In Person or Casting and Absentee Ballot,,NON,FOR,90,90,0,0
Newton,Jackson,Issue No. 2: A Constitutional Amendment Adding as a Qualification to Vote that a Voter Present Certain Valid Photographic Identification When Casting a Ballot In Person or Casting and Absentee Ballot,,NON,FOR,861,125,37,699
Newton,Jefferson,Issue No. 2: A Constitutional Amendment Adding as a Qualification to Vote that a Voter Present Certain Valid Photographic Identification When Casting a Ballot In Person or Casting and Absentee Ballot,,NON,FOR,46,46,0,0
Newton,Low Gap,Issue No. 2: A Constitutional Amendment Adding as a Qualification to Vote that a Voter Present Certain Valid Photographic Identification When Casting a Ballot In Person or Casting and Absentee Ballot,,NON,FOR,58,58,0,0
Newton,Mt. Sherman,Issue No. 2: A Constitutional Amendment Adding as a Qualification to Vote that a Voter Present Certain Valid Photographic Identification When Casting a Ballot In Person or Casting and Absentee Ballot,,NON,FOR,97,97,0,0
Newton,Murray,Issue No. 2: A Constitutional Amendment Adding as a Qualification to Vote that a Voter Present Certain Valid Photographic Identification When Casting a Ballot In Person or Casting and Absentee Ballot,,NON,FOR,11,11,0,0
Newton,Polk,Issue No. 2: A Constitutional Amendment Adding as a Qualification to Vote that a Voter Present Certain Valid Photographic Identification When Casting a Ballot In Person or Casting and Absentee Ballot,,NON,FOR,68,68,0,0
Newton,Ponca,Issue No. 2: A Constitutional Amendment Adding as a Qualification to Vote that a Voter Present Certain Valid Photographic Identification When Casting a Ballot In Person or Casting and Absentee Ballot,,NON,FOR,117,117,0,0
Newton,Pleasant Hill,Issue No. 2: A Constitutional Amendment Adding as a Qualification to Vote that a Voter Present Certain Valid Photographic Identification When Casting a Ballot In Person or Casting and Absentee Ballot,,NON,FOR,84,84,0,0
Newton,Lincoln,Issue No. 2: A Constitutional Amendment Adding as a Qualification to Vote that a Voter Present Certain Valid Photographic Identification When Casting a Ballot In Person or Casting and Absentee Ballot,,NON,FOR,54,54,0,0
Newton,Richland,Issue No. 2: A Constitutional Amendment Adding as a Qualification to Vote that a Voter Present Certain Valid Photographic Identification When Casting a Ballot In Person or Casting and Absentee Ballot,,NON,FOR,73,73,0,0
Newton,Van Buren,Issue No. 2: A Constitutional Amendment Adding as a Qualification to Vote that a Voter Present Certain Valid Photographic Identification When Casting a Ballot In Person or Casting and Absentee Ballot,,NON,FOR,31,31,0,0
Newton,White,Issue No. 2: A Constitutional Amendment Adding as a Qualification to Vote that a Voter Present Certain Valid Photographic Identification When Casting a Ballot In Person or Casting and Absentee Ballot,,NON,FOR,121,121,0,0
Newton,Big Creek,Issue No. 2: A Constitutional Amendment Adding as a Qualification to Vote that a Voter Present Certain Valid Photographic Identification When Casting a Ballot In Person or Casting and Absentee Ballot,,NON,AGAINST,15,15,0,0
Newton,Boston,Issue No. 2: A Constitutional Amendment Adding as a Qualification to Vote that a Voter Present Certain Valid Photographic Identification When Casting a Ballot In Person or Casting and Absentee Ballot,,NON,AGAINST,9,9,0,0
Newton,Dogpatch,Issue No. 2: A Constitutional Amendment Adding as a Qualification to Vote that a Voter Present Certain Valid Photographic Identification When Casting a Ballot In Person or Casting and Absentee Ballot,,NON,AGAINST,33,33,0,0
Newton,Grove,Issue No. 2: A Constitutional Amendment Adding as a Qualification to Vote that a Voter Present Certain Valid Photographic Identification When Casting a Ballot In Person or Casting and Absentee Ballot,,NON,AGAINST,36,36,0,0
Newton,Hasty,Issue No. 2: A Constitutional Amendment Adding as a Qualification to Vote that a Voter Present Certain Valid Photographic Identification When Casting a Ballot In Person or Casting and Absentee Ballot,,NON,AGAINST,13,13,0,0
Newton,Hickory Grove,Issue No. 2: A Constitutional Amendment Adding as a Qualification to Vote that a Voter Present Certain Valid Photographic Identification When Casting a Ballot In Person or Casting and Absentee Ballot,,NON,AGAINST,8,8,0,0
Newton,Hudson,Issue No. 2: A Constitutional Amendment Adding as a Qualification to Vote that a Voter Present Certain Valid Photographic Identification When Casting a Ballot In Person or Casting and Absentee Ballot,,NON,AGAINST,20,20,0,0
Newton,Jackson,Issue No. 2: A Constitutional Amendment Adding as a Qualification to Vote that a Voter Present Certain Valid Photographic Identification When Casting a Ballot In Person or Casting and Absentee Ballot,,NON,AGAINST,315,20,8,287
Newton,Jefferson,Issue No. 2: A Constitutional Amendment Adding as a Qualification to Vote that a Voter Present Certain Valid Photographic Identification When Casting a Ballot In Person or Casting and Absentee Ballot,,NON,AGAINST,20,20,0,0
Newton,Low Gap,Issue No. 2: A Constitutional Amendment Adding as a Qualification to Vote that a Voter Present Certain Valid Photographic Identification When Casting a Ballot In Person or Casting and Absentee Ballot,,NON,AGAINST,18,18,0,0
Newton,Mt. Sherman,Issue No. 2: A Constitutional Amendment Adding as a Qualification to Vote that a Voter Present Certain Valid Photographic Identification When Casting a Ballot In Person or Casting and Absentee Ballot,,NON,AGAINST,5,5,0,0
Newton,Murray,Issue No. 2: A Constitutional Amendment Adding as a Qualification to Vote that a Voter Present Certain Valid Photographic Identification When Casting a Ballot In Person or Casting and Absentee Ballot,,NON,AGAINST,16,16,0,0
Newton,Polk,Issue No. 2: A Constitutional Amendment Adding as a Qualification to Vote that a Voter Present Certain Valid Photographic Identification When Casting a Ballot In Person or Casting and Absentee Ballot,,NON,AGAINST,13,13,0,0
Newton,Ponca,Issue No. 2: A Constitutional Amendment Adding as a Qualification to Vote that a Voter Present Certain Valid Photographic Identification When Casting a Ballot In Person or Casting and Absentee Ballot,,NON,AGAINST,22,22,0,0
Newton,Pleasant Hill,Issue No. 2: A Constitutional Amendment Adding as a Qualification to Vote that a Voter Present Certain Valid Photographic Identification When Casting a Ballot In Person or Casting and Absentee Ballot,,NON,AGAINST,30,30,0,0
Newton,Lincoln,Issue No. 2: A Constitutional Amendment Adding as a Qualification to Vote that a Voter Present Certain Valid Photographic Identification When Casting a Ballot In Person or Casting and Absentee Ballot,,NON,AGAINST,7,7,0,0
Newton,Richland,Issue No. 2: A Constitutional Amendment Adding as a Qualification to Vote that a Voter Present Certain Valid Photographic Identification When Casting a Ballot In Person or Casting and Absentee Ballot,,NON,AGAINST,14,14,0,0
Newton,Van Buren,Issue No. 2: A Constitutional Amendment Adding as a Qualification to Vote that a Voter Present Certain Valid Photographic Identification When Casting a Ballot In Person or Casting and Absentee Ballot,,NON,AGAINST,24,24,0,0
Newton,White,Issue No. 2: A Constitutional Amendment Adding as a Qualification to Vote that a Voter Present Certain Valid Photographic Identification When Casting a Ballot In Person or Casting and Absentee Ballot,,NON,AGAINST,35,35,0,0
Newton,Big Creek,Issue No. 4: An Amendment to Require Four Licenses to be Issued for Casino Gaming at Casinos, One Each in Crittenden (to Southland Racing Corporation),NON,FOR,30,30,0,0
Newton,Boston,Issue No. 4: An Amendment to Require Four Licenses to be Issued for Casino Gaming at Casinos, One Each in Crittenden (to Southland Racing Corporation),NON,FOR,12,12,0,0
Newton,Dogpatch,Issue No. 4: An Amendment to Require Four Licenses to be Issued for Casino Gaming at Casinos, One Each in Crittenden (to Southland Racing Corporation),NON,FOR,87,87,0,0
Newton,Grove,Issue No. 4: An Amendment to Require Four Licenses to be Issued for Casino Gaming at Casinos, One Each in Crittenden (to Southland Racing Corporation),NON,FOR,121,121,0,0
Newton,Hasty,Issue No. 4: An Amendment to Require Four Licenses to be Issued for Casino Gaming at Casinos, One Each in Crittenden (to Southland Racing Corporation),NON,FOR,30,30,0,0
Newton,Hickory Grove,Issue No. 4: An Amendment to Require Four Licenses to be Issued for Casino Gaming at Casinos, One Each in Crittenden (to Southland Racing Corporation),NON,FOR,8,8,0,0
Newton,Hudson,Issue No. 4: An Amendment to Require Four Licenses to be Issued for Casino Gaming at Casinos, One Each in Crittenden (to Southland Racing Corporation),NON,FOR,31,31,0,0
Newton,Jackson,Issue No. 4: An Amendment to Require Four Licenses to be Issued for Casino Gaming at Casinos, One Each in Crittenden (to Southland Racing Corporation),NON,FOR,524,70,16,438
Newton,Jefferson,Issue No. 4: An Amendment to Require Four Licenses to be Issued for Casino Gaming at Casinos, One Each in Crittenden (to Southland Racing Corporation),NON,FOR,25,25,0,0
Newton,Low Gap,Issue No. 4: An Amendment to Require Four Licenses to be Issued for Casino Gaming at Casinos, One Each in Crittenden (to Southland Racing Corporation),NON,FOR,36,36,0,0
Newton,Mt. Sherman,Issue No. 4: An Amendment to Require Four Licenses to be Issued for Casino Gaming at Casinos, One Each in Crittenden (to Southland Racing Corporation),NON,FOR,39,39,0,0
Newton,Murray,Issue No. 4: An Amendment to Require Four Licenses to be Issued for Casino Gaming at Casinos, One Each in Crittenden (to Southland Racing Corporation),NON,FOR,6,6,0,0
Newton,Polk,Issue No. 4: An Amendment to Require Four Licenses to be Issued for Casino Gaming at Casinos, One Each in Crittenden (to Southland Racing Corporation),NON,FOR,41,41,0,0
Newton,Ponca,Issue No. 4: An Amendment to Require Four Licenses to be Issued for Casino Gaming at Casinos, One Each in Crittenden (to Southland Racing Corporation),NON,FOR,51,51,0,0
Newton,Pleasant Hill,Issue No. 4: An Amendment to Require Four Licenses to be Issued for Casino Gaming at Casinos, One Each in Crittenden (to Southland Racing Corporation),NON,FOR,53,53,0,0
Newton,Lincoln,Issue No. 4: An Amendment to Require Four Licenses to be Issued for Casino Gaming at Casinos, One Each in Crittenden (to Southland Racing Corporation),NON,FOR,30,30,0,0
Newton,Richland,Issue No. 4: An Amendment to Require Four Licenses to be Issued for Casino Gaming at Casinos, One Each in Crittenden (to Southland Racing Corporation),NON,FOR,37,37,0,0
Newton,Van Buren,Issue No. 4: An Amendment to Require Four Licenses to be Issued for Casino Gaming at Casinos, One Each in Crittenden (to Southland Racing Corporation),NON,FOR,16,16,0,0
Newton,White,Issue No. 4: An Amendment to Require Four Licenses to be Issued for Casino Gaming at Casinos, One Each in Crittenden (to Southland Racing Corporation),NON,FOR,67,67,0,0
Newton,Big Creek,Issue No. 4: An Amendment to Require Four Licenses to be Issued for Casino Gaming at Casinos, One Each in Crittenden (to Southland Racing Corporation),NON,AGAINST,40,40,0,0
Newton,Boston,Issue No. 4: An Amendment to Require Four Licenses to be Issued for Casino Gaming at Casinos, One Each in Crittenden (to Southland Racing Corporation),NON,AGAINST,32,32,0,0
Newton,Dogpatch,Issue No. 4: An Amendment to Require Four Licenses to be Issued for Casino Gaming at Casinos, One Each in Crittenden (to Southland Racing Corporation),NON,AGAINST,98,98,0,0
Newton,Grove,Issue No. 4: An Amendment to Require Four Licenses to be Issued for Casino Gaming at Casinos, One Each in Crittenden (to Southland Racing Corporation),NON,AGAINST,174,174,0,0
Newton,Hasty,Issue No. 4: An Amendment to Require Four Licenses to be Issued for Casino Gaming at Casinos, One Each in Crittenden (to Southland Racing Corporation),NON,AGAINST,63,63,0,0
Newton,Hickory Grove,Issue No. 4: An Amendment to Require Four Licenses to be Issued for Casino Gaming at Casinos, One Each in Crittenden (to Southland Racing Corporation),NON,AGAINST,24,24,0,0
Newton,Hudson,Issue No. 4: An Amendment to Require Four Licenses to be Issued for Casino Gaming at Casinos, One Each in Crittenden (to Southland Racing Corporation),NON,AGAINST,75,75,0,0
Newton,Jackson,Issue No. 4: An Amendment to Require Four Licenses to be Issued for Casino Gaming at Casinos, One Each in Crittenden (to Southland Racing Corporation),NON,AGAINST,628,78,26,524
Newton,Jefferson,Issue No. 4: An Amendment to Require Four Licenses to be Issued for Casino Gaming at Casinos, One Each in Crittenden (to Southland Racing Corporation),NON,AGAINST,43,43,0,0
Newton,Low Gap,Issue No. 4: An Amendment to Require Four Licenses to be Issued for Casino Gaming at Casinos, One Each in Crittenden (to Southland Racing Corporation),NON,AGAINST,45,45,0,0
Newton,Mt. Sherman,Issue No. 4: An Amendment to Require Four Licenses to be Issued for Casino Gaming at Casinos, One Each in Crittenden (to Southland Racing Corporation),NON,AGAINST,69,69,0,0
Newton,Murray,Issue No. 4: An Amendment to Require Four Licenses to be Issued for Casino Gaming at Casinos, One Each in Crittenden (to Southland Racing Corporation),NON,AGAINST,20,20,0,0
Newton,Polk,Issue No. 4: An Amendment to Require Four Licenses to be Issued for Casino Gaming at Casinos, One Each in Crittenden (to Southland Racing Corporation),NON,AGAINST,42,42,0,0
Newton,Ponca,Issue No. 4: An Amendment to Require Four Licenses to be Issued for Casino Gaming at Casinos, One Each in Crittenden (to Southland Racing Corporation),NON,AGAINST,88,88,0,0
Newton,Pleasant Hill,Issue No. 4: An Amendment to Require Four Licenses to be Issued for Casino Gaming at Casinos, One Each in Crittenden (to Southland Racing Corporation),NON,AGAINST,60,60,0,0
Newton,Lincoln,Issue No. 4: An Amendment to Require Four Licenses to be Issued for Casino Gaming at Casinos, One Each in Crittenden (to Southland Racing Corporation),NON,AGAINST,29,29,0,0
Newton,Richland,Issue No. 4: An Amendment to Require Four Licenses to be Issued for Casino Gaming at Casinos, One Each in Crittenden (to Southland Racing Corporation),NON,AGAINST,54,54,0,0
Newton,Van Buren,Issue No. 4: An Amendment to Require Four Licenses to be Issued for Casino Gaming at Casinos, One Each in Crittenden (to Southland Racing Corporation),NON,AGAINST,41,41,0,0
Newton,White,Issue No. 4: An Amendment to Require Four Licenses to be Issued for Casino Gaming at Casinos, One Each in Crittenden (to Southland Racing Corporation),NON,AGAINST,89,89,0,0
Newton,Big Creek,Issue No. 5: An Act to Increase the Arkansas Minimum Wage,,NON,FOR,50,50,0,0
Newton,Boston,Issue No. 5: An Act to Increase the Arkansas Minimum Wage,,NON,FOR,21,21,0,0
Newton,Dogpatch,Issue No. 5: An Act to Increase the Arkansas Minimum Wage,,NON,FOR,135,135,0,0
Newton,Grove,Issue No. 5: An Act to Increase the Arkansas Minimum Wage,,NON,FOR,196,196,0,0
Newton,Hasty,Issue No. 5: An Act to Increase the Arkansas Minimum Wage,,NON,FOR,70,70,0,0
Newton,Hickory Grove,Issue No. 5: An Act to Increase the Arkansas Minimum Wage,,NON,FOR,22,22,0,0
Newton,Hudson,Issue No. 5: An Act to Increase the Arkansas Minimum Wage,,NON,FOR,77,77,0,0
Newton,Jackson,Issue No. 5: An Act to Increase the Arkansas Minimum Wage,,NON,FOR,881,99,31,751
Newton,Jefferson,Issue No. 5: An Act to Increase the Arkansas Minimum Wage,,NON,FOR,51,51,0,0
Newton,Low Gap,Issue No. 5: An Act to Increase the Arkansas Minimum Wage,,NON,FOR,61,61,0,0
Newton,Mt. Sherman,Issue No. 5: An Act to Increase the Arkansas Minimum Wage,,NON,FOR,57,57,0,0
Newton,Murray,Issue No. 5: An Act to Increase the Arkansas Minimum Wage,,NON,FOR,27,27,0,0
Newton,Polk,Issue No. 5: An Act to Increase the Arkansas Minimum Wage,,NON,FOR,64,64,0,0
Newton,Ponca,Issue No. 5: An Act to Increase the Arkansas Minimum Wage,,NON,FOR,98,98,0,0
Newton,Pleasant Hill,Issue No. 5: An Act to Increase the Arkansas Minimum Wage,,NON,FOR,89,89,0,0
Newton,Lincoln,Issue No. 5: An Act to Increase the Arkansas Minimum Wage,,NON,FOR,46,46,0,0
Newton,Richland,Issue No. 5: An Act to Increase the Arkansas Minimum Wage,,NON,FOR,65,65,0,0
Newton,Van Buren,Issue No. 5: An Act to Increase the Arkansas Minimum Wage,,NON,FOR,43,43,0,0
Newton,White,Issue No. 5: An Act to Increase the Arkansas Minimum Wage,,NON,FOR,113,113,0,0
Newton,Big Creek,Issue No. 5: An Act to Increase the Arkansas Minimum Wage,,NON,AGAINST,23,23,0,0
Newton,Boston,Issue No. 5: An Act to Increase the Arkansas Minimum Wage,,NON,AGAINST,22,22,0,0
Newton,Dogpatch,Issue No. 5: An Act to Increase the Arkansas Minimum Wage,,NON,AGAINST,55,55,0,0
Newton,Grove,Issue No. 5: An Act to Increase the Arkansas Minimum Wage,,NON,AGAINST,104,104,0,0
Newton,Hasty,Issue No. 5: An Act to Increase the Arkansas Minimum Wage,,NON,AGAINST,29,29,0,0
Newton,Hickory Grove,Issue No. 5: An Act to Increase the Arkansas Minimum Wage,,NON,AGAINST,11,11,0,0
Newton,Hudson,Issue No. 5: An Act to Increase the Arkansas Minimum Wage,,NON,AGAINST,41,41,0,0
Newton,Jackson,Issue No. 5: An Act to Increase the Arkansas Minimum Wage,,NON,AGAINST,319,48,14,257
Newton,Jefferson,Issue No. 5: An Act to Increase the Arkansas Minimum Wage,,NON,AGAINST,19,19,0,0
Newton,Low Gap,Issue No. 5: An Act to Increase the Arkansas Minimum Wage,,NON,AGAINST,22,22,0,0
Newton,Mt. Sherman,Issue No. 5: An Act to Increase the Arkansas Minimum Wage,,NON,AGAINST,52,52,0,0
Newton,Murray,Issue No. 5: An Act to Increase the Arkansas Minimum Wage,,NON,AGAINST,1,1,0,0
Newton,Polk,Issue No. 5: An Act to Increase the Arkansas Minimum Wage,,NON,AGAINST,18,18,0,0
Newton,Ponca,Issue No. 5: An Act to Increase the Arkansas Minimum Wage,,NON,AGAINST,42,42,0,0
Newton,Pleasant Hill,Issue No. 5: An Act to Increase the Arkansas Minimum Wage,,NON,AGAINST,26,26,0,0
Newton,Lincoln,Issue No. 5: An Act to Increase the Arkansas Minimum Wage,,NON,AGAINST,14,14,0,0
Newton,Richland,Issue No. 5: An Act to Increase the Arkansas Minimum Wage,,NON,AGAINST,27,27,0,0
Newton,Van Buren,Issue No. 5: An Act to Increase the Arkansas Minimum Wage,,NON,AGAINST,13,13,0,0
Newton,White,Issue No. 5: An Act to Increase the Arkansas Minimum Wage,,NON,AGAINST,49,49,0,0
