county,precinct,office,district,party,candidate,votes,election_day,early_vote,election_day_paper,absentee,early_vote_paper
Scott,BLACKFORK,U.S. House,4,LIB,Tom Canada,1,1,0,0,0,0
Scott,BLANSETT,U.S. House,4,LIB,Tom Canada,3,3,0,0,0,0
Scott,BRAWLEY,U.S. House,4,LIB,Tom Canada,1,1,0,0,0,0
Scott,CAUTHRON/OLIVER,U.S. House,4,LIB,Tom Canada,2,1,0,0,0,1
Scott,CEDAR CREEK,U.S. House,4,LIB,Tom Canada,1,0,1,0,0,0
Scott,COAL/LAFAYETTE,U.S. House,4,LIB,Tom Canada,2,1,0,1,0,0
Scott,DENTON,U.S. House,4,LIB,Tom Canada,4,3,1,0,0,0
Scott,HICKMAN WARD 1,U.S. House,4,LIB,Tom Canada,4,0,2,0,2,0
Scott,HICKMAN WARD 2,U.S. House,4,LIB,Tom Canada,6,1,2,2,0,1
Scott,HICKMAN WARD 3,U.S. House,4,LIB,Tom Canada,10,0,3,4,0,3
Scott,HICKMAN RURAL EAST,U.S. House,4,LIB,Tom Canada,7,2,4,0,0,1
Scott,HICKMAN RURAL WEST,U.S. House,4,LIB,Tom Canada,4,0,3,0,0,1
Scott,HON,U.S. House,4,LIB,Tom Canada,2,2,0,0,0,0
Scott,HUNT,U.S. House,4,LIB,Tom Canada,2,1,0,1,0,0
Scott,JAMES,U.S. House,4,LIB,Tom Canada,0,0,0,0,0,0
Scott,JONES/LITTLE TEXAS,U.S. House,4,LIB,Tom Canada,1,1,0,0,0,0
Scott,KEENER,U.S. House,4,LIB,Tom Canada,0,0,0,0,0,0
Scott,LAMB,U.S. House,4,LIB,Tom Canada,3,2,1,0,0,0
Scott,LAFAVE,U.S. House,4,LIB,Tom Canada,0,0,0,0,0,0
Scott,LEWIS WARD 1,U.S. House,4,LIB,Tom Canada,4,1,0,3,0,0
Scott,LEWIS WARD 2,U.S. House,4,LIB,Tom Canada,1,1,0,0,0,0
Scott,MILL CREEK,U.S. House,4,LIB,Tom Canada,3,1,1,0,0,1
Scott,MOUNTAIN,U.S. House,4,LIB,Tom Canada,3,0,1,2,0,0
Scott,MOUNT PLEASANT,U.S. House,4,LIB,Tom Canada,5,3,2,0,0,0
Scott,PARKS,U.S. House,4,LIB,Tom Canada,0,0,0,0,0,0
Scott,TOMLINSON/TATE,U.S. House,4,LIB,Tom Canada,4,2,0,2,0,0
Scott,BLACKFORK,U.S. House,4,REP,Representative Bruce Westerman,16,12,0,3,1,0
Scott,BLANSETT,U.S. House,4,REP,Representative Bruce Westerman,40,32,6,1,0,1
Scott,BRAWLEY,U.S. House,4,REP,Representative Bruce Westerman,28,18,9,1,0,0
Scott,CAUTHRON/OLIVER,U.S. House,4,REP,Representative Bruce Westerman,21,16,3,2,0,0
Scott,CEDAR CREEK,U.S. House,4,REP,Representative Bruce Westerman,23,13,5,0,2,3
Scott,COAL/LAFAYETTE,U.S. House,4,REP,Representative Bruce Westerman,68,54,6,4,2,2
Scott,DENTON,U.S. House,4,REP,Representative Bruce Westerman,105,67,16,14,3,5
Scott,HICKMAN WARD 1,U.S. House,4,REP,Representative Bruce Westerman,223,70,81,24,8,40
Scott,HICKMAN WARD 2,U.S. House,4,REP,Representative Bruce Westerman,191,57,59,45,6,24
Scott,HICKMAN WARD 3,U.S. House,4,REP,Representative Bruce Westerman,184,56,62,30,2,34
Scott,HICKMAN RURAL EAST,U.S. House,4,REP,Representative Bruce Westerman,211,63,80,41,5,22
Scott,HICKMAN RURAL WEST,U.S. House,4,REP,Representative Bruce Westerman,123,28,55,18,2,20
Scott,HON,U.S. House,4,REP,Representative Bruce Westerman,82,47,10,18,5,2
Scott,HUNT,U.S. House,4,REP,Representative Bruce Westerman,63,20,7,30,3,3
Scott,JAMES,U.S. House,4,REP,Representative Bruce Westerman,46,9,6,27,2,2
Scott,JONES/LITTLE TEXAS,U.S. House,4,REP,Representative Bruce Westerman,38,36,1,0,0,1
Scott,KEENER,U.S. House,4,REP,Representative Bruce Westerman,29,17,5,5,2,0
Scott,LAMB,U.S. House,4,REP,Representative Bruce Westerman,105,74,21,3,1,6
Scott,LAFAVE,U.S. House,4,REP,Representative Bruce Westerman,32,5,5,19,0,3
Scott,LEWIS WARD 1,U.S. House,4,REP,Representative Bruce Westerman,170,85,16,52,3,14
Scott,LEWIS WARD 2,U.S. House,4,REP,Representative Bruce Westerman,104,81,14,2,1,6
Scott,MILL CREEK,U.S. House,4,REP,Representative Bruce Westerman,91,58,26,0,1,6
Scott,MOUNTAIN,U.S. House,4,REP,Representative Bruce Westerman,83,40,18,19,1,5
Scott,MOUNT PLEASANT,U.S. House,4,REP,Representative Bruce Westerman,116,63,32,13,0,8
Scott,PARKS,U.S. House,4,REP,Representative Bruce Westerman,49,39,5,1,3,1
Scott,TOMLINSON/TATE,U.S. House,4,REP,Representative Bruce Westerman,91,31,19,26,1,14
Scott,BLACKFORK,U.S. House,4,DEM,Hayden Catherine Shamel,0,0,0,0,0,0
Scott,BLANSETT,U.S. House,4,DEM,Hayden Catherine Shamel,9,5,3,1,0,0
Scott,BRAWLEY,U.S. House,4,DEM,Hayden Catherine Shamel,3,3,0,0,0,0
Scott,CAUTHRON/OLIVER,U.S. House,4,DEM,Hayden Catherine Shamel,15,6,8,0,1,0
Scott,CEDAR CREEK,U.S. House,4,DEM,Hayden Catherine Shamel,13,5,4,0,1,3
Scott,COAL/LAFAYETTE,U.S. House,4,DEM,Hayden Catherine Shamel,7,6,1,0,0,0
Scott,DENTON,U.S. House,4,DEM,Hayden Catherine Shamel,8,3,3,1,0,1
Scott,HICKMAN WARD 1,U.S. House,4,DEM,Hayden Catherine Shamel,40,9,19,0,3,9
Scott,HICKMAN WARD 2,U.S. House,4,DEM,Hayden Catherine Shamel,35,12,9,7,1,6
Scott,HICKMAN WARD 3,U.S. House,4,DEM,Hayden Catherine Shamel,52,13,19,5,2,13
Scott,HICKMAN RURAL EAST,U.S. House,4,DEM,Hayden Catherine Shamel,28,7,15,3,0,3
Scott,HICKMAN RURAL WEST,U.S. House,4,DEM,Hayden Catherine Shamel,26,7,10,3,0,6
Scott,HON,U.S. House,4,DEM,Hayden Catherine Shamel,17,8,5,2,1,1
Scott,HUNT,U.S. House,4,DEM,Hayden Catherine Shamel,6,2,0,3,1,0
Scott,JAMES,U.S. House,4,DEM,Hayden Catherine Shamel,9,2,0,6,0,1
Scott,JONES/LITTLE TEXAS,U.S. House,4,DEM,Hayden Catherine Shamel,4,3,1,0,0,0
Scott,KEENER,U.S. House,4,DEM,Hayden Catherine Shamel,10,2,1,5,0,2
Scott,LAMB,U.S. House,4,DEM,Hayden Catherine Shamel,17,12,4,1,0,0
Scott,LAFAVE,U.S. House,4,DEM,Hayden Catherine Shamel,4,1,0,3,0,0
Scott,LEWIS WARD 1,U.S. House,4,DEM,Hayden Catherine Shamel,35,16,6,10,1,2
Scott,LEWIS WARD 2,U.S. House,4,DEM,Hayden Catherine Shamel,29,24,2,0,1,2
Scott,MILL CREEK,U.S. House,4,DEM,Hayden Catherine Shamel,13,10,2,0,0,1
Scott,MOUNTAIN,U.S. House,4,DEM,Hayden Catherine Shamel,14,1,4,3,0,6
Scott,MOUNT PLEASANT,U.S. House,4,DEM,Hayden Catherine Shamel,16,7,2,4,0,3
Scott,PARKS,U.S. House,4,DEM,Hayden Catherine Shamel,13,7,4,0,0,2
Scott,TOMLINSON/TATE,U.S. House,4,DEM,Hayden Catherine Shamel,19,9,2,4,0,4
Scott,BLACKFORK,U.S. House,4,NON,Write-In,0,0,0,0,0,0
Scott,BLANSETT,U.S. House,4,NON,Write-In,0,0,0,0,0,0
Scott,BRAWLEY,U.S. House,4,NON,Write-In,0,0,0,0,0,0
Scott,CAUTHRON/OLIVER,U.S. House,4,NON,Write-In,0,0,0,0,0,0
Scott,CEDAR CREEK,U.S. House,4,NON,Write-In,0,0,0,0,0,0
Scott,COAL/LAFAYETTE,U.S. House,4,NON,Write-In,0,0,0,0,0,0
Scott,DENTON,U.S. House,4,NON,Write-In,0,0,0,0,0,0
Scott,HICKMAN WARD 1,U.S. House,4,NON,Write-In,0,0,0,0,0,0
Scott,HICKMAN WARD 2,U.S. House,4,NON,Write-In,1,0,0,0,0,1
Scott,HICKMAN WARD 3,U.S. House,4,NON,Write-In,1,0,1,0,0,0
Scott,HICKMAN RURAL EAST,U.S. House,4,NON,Write-In,0,0,0,0,0,0
Scott,HICKMAN RURAL WEST,U.S. House,4,NON,Write-In,0,0,0,0,0,0
Scott,HON,U.S. House,4,NON,Write-In,0,0,0,0,0,0
Scott,HUNT,U.S. House,4,NON,Write-In,0,0,0,0,0,0
Scott,JAMES,U.S. House,4,NON,Write-In,0,0,0,0,0,0
Scott,JONES/LITTLE TEXAS,U.S. House,4,NON,Write-In,0,0,0,0,0,0
Scott,KEENER,U.S. House,4,NON,Write-In,0,0,0,0,0,0
Scott,LAMB,U.S. House,4,NON,Write-In,0,0,0,0,0,0
Scott,LAFAVE,U.S. House,4,NON,Write-In,0,0,0,0,0,0
Scott,LEWIS WARD 1,U.S. House,4,NON,Write-In,0,0,0,0,0,0
Scott,LEWIS WARD 2,U.S. House,4,NON,Write-In,0,0,0,0,0,0
Scott,MILL CREEK,U.S. House,4,NON,Write-In,0,0,0,0,0,0
Scott,MOUNTAIN,U.S. House,4,NON,Write-In,0,0,0,0,0,0
Scott,MOUNT PLEASANT,U.S. House,4,NON,Write-In,0,0,0,0,0,0
Scott,PARKS,U.S. House,4,NON,Write-In,0,0,0,0,0,0
Scott,TOMLINSON/TATE,U.S. House,4,NON,Write-In,0,0,0,0,0,0
Scott,BLACKFORK,Governor,,REP,Governor Asa Hutchinson,18,14,0,3,1,0
Scott,BLANSETT,Governor,,REP,Governor Asa Hutchinson,40,31,7,1,0,1
Scott,BRAWLEY,Governor,,REP,Governor Asa Hutchinson,27,18,8,1,0,0
Scott,CAUTHRON/OLIVER,Governor,,REP,Governor Asa Hutchinson,24,19,3,2,0,0
Scott,CEDAR CREEK,Governor,,REP,Governor Asa Hutchinson,21,13,3,0,2,3
Scott,COAL/LAFAYETTE,Governor,,REP,Governor Asa Hutchinson,62,48,6,4,2,2
Scott,DENTON,Governor,,REP,Governor Asa Hutchinson,104,67,18,11,3,5
Scott,HICKMAN WARD 1,Governor,,REP,Governor Asa Hutchinson,220,68,80,23,11,38
Scott,HICKMAN WARD 2,Governor,,REP,Governor Asa Hutchinson,196,65,60,45,4,22
Scott,HICKMAN WARD 3,Governor,,REP,Governor Asa Hutchinson,204,55,70,35,4,40
Scott,HICKMAN RURAL EAST,Governor,,REP,Governor Asa Hutchinson,208,58,83,40,4,23
Scott,HICKMAN RURAL WEST,Governor,,REP,Governor Asa Hutchinson,125,28,55,18,1,23
Scott,HON,Governor,,REP,Governor Asa Hutchinson,80,44,10,18,6,2
Scott,HUNT,Governor,,REP,Governor Asa Hutchinson,62,20,6,29,4,3
Scott,JAMES,Governor,,REP,Governor Asa Hutchinson,43,10,6,24,2,1
Scott,JONES/LITTLE TEXAS,Governor,,REP,Governor Asa Hutchinson,37,34,2,0,0,1
Scott,KEENER,Governor,,REP,Governor Asa Hutchinson,29,17,5,5,2,0
Scott,LAMB,Governor,,REP,Governor Asa Hutchinson,105,76,19,3,1,6
Scott,LAFAVE,Governor,,REP,Governor Asa Hutchinson,31,5,3,20,0,3
Scott,LEWIS WARD 1,Governor,,REP,Governor Asa Hutchinson,162,83,15,49,3,12
Scott,LEWIS WARD 2,Governor,,REP,Governor Asa Hutchinson,110,86,14,2,1,7
Scott,MILL CREEK,Governor,,REP,Governor Asa Hutchinson,92,61,23,0,1,7
Scott,MOUNTAIN,Governor,,REP,Governor Asa Hutchinson,78,37,15,20,1,5
Scott,MOUNT PLEASANT,Governor,,REP,Governor Asa Hutchinson,116,60,32,15,0,9
Scott,PARKS,Governor,,REP,Governor Asa Hutchinson,46,36,5,1,3,1
Scott,TOMLINSON/TATE,Governor,,REP,Governor Asa Hutchinson,91,35,18,22,1,15
Scott,BLACKFORK,Governor,,DEM,Jared K. Henderson,0,0,0,0,0,0
Scott,BLANSETT,Governor,,DEM,Jared K. Henderson,9,6,2,1,0,0
Scott,BRAWLEY,Governor,,DEM,Jared K. Henderson,3,3,0,0,0,0
Scott,CAUTHRON/OLIVER,Governor,,DEM,Jared K. Henderson,11,3,7,0,1,0
Scott,CEDAR CREEK,Governor,,DEM,Jared K. Henderson,14,5,5,0,1,3
Scott,COAL/LAFAYETTE,Governor,,DEM,Jared K. Henderson,5,4,1,0,0,0
Scott,DENTON,Governor,,DEM,Jared K. Henderson,7,2,3,1,0,1
Scott,HICKMAN WARD 1,Governor,,DEM,Jared K. Henderson,35,7,17,0,2,9
Scott,HICKMAN WARD 2,Governor,,DEM,Jared K. Henderson,33,5,9,7,3,9
Scott,HICKMAN WARD 3,Governor,,DEM,Jared K. Henderson,41,10,15,5,1,10
Scott,HICKMAN RURAL EAST,Governor,,DEM,Jared K. Henderson,22,6,11,2,1,2
Scott,HICKMAN RURAL WEST,Governor,,DEM,Jared K. Henderson,23,6,10,3,0,4
Scott,HON,Governor,,DEM,Jared K. Henderson,14,9,3,2,0,0
Scott,HUNT,Governor,,DEM,Jared K. Henderson,5,1,0,3,1,0
Scott,JAMES,Governor,,DEM,Jared K. Henderson,10,1,0,7,0,2
Scott,JONES/LITTLE TEXAS,Governor,,DEM,Jared K. Henderson,3,3,0,0,0,0
Scott,KEENER,Governor,,DEM,Jared K. Henderson,11,2,1,5,0,3
Scott,LAMB,Governor,,DEM,Jared K. Henderson,18,12,5,1,0,0
Scott,LAFAVE,Governor,,DEM,Jared K. Henderson,2,0,0,2,0,0
Scott,LEWIS WARD 1,Governor,,DEM,Jared K. Henderson,29,13,4,9,1,2
Scott,LEWIS WARD 2,Governor,,DEM,Jared K. Henderson,24,20,2,0,1,1
Scott,MILL CREEK,Governor,,DEM,Jared K. Henderson,12,8,3,0,0,1
Scott,MOUNTAIN,Governor,,DEM,Jared K. Henderson,17,2,5,4,0,6
Scott,MOUNT PLEASANT,Governor,,DEM,Jared K. Henderson,16,10,3,1,0,2
Scott,PARKS,Governor,,DEM,Jared K. Henderson,12,6,4,0,0,2
Scott,TOMLINSON/TATE,Governor,,DEM,Jared K. Henderson,14,5,2,3,0,4
Scott,BLACKFORK,Governor,,LIB,Mark West,0,0,0,0,0,0
Scott,BLANSETT,Governor,,LIB,Mark West,3,3,0,0,0,0
Scott,BRAWLEY,Governor,,LIB,Mark West,2,1,1,0,0,0
Scott,CAUTHRON/OLIVER,Governor,,LIB,Mark West,2,1,0,0,0,1
Scott,CEDAR CREEK,Governor,,LIB,Mark West,2,0,2,0,0,0
Scott,COAL/LAFAYETTE,Governor,,LIB,Mark West,11,10,0,1,0,0
Scott,DENTON,Governor,,LIB,Mark West,5,3,0,2,0,0
Scott,HICKMAN WARD 1,Governor,,LIB,Mark West,14,6,5,1,0,2
Scott,HICKMAN WARD 2,Governor,,LIB,Mark West,9,2,2,4,0,1
Scott,HICKMAN WARD 3,Governor,,LIB,Mark West,7,4,1,0,0,2
Scott,HICKMAN RURAL EAST,Governor,,LIB,Mark West,19,8,6,3,0,2
Scott,HICKMAN RURAL WEST,Governor,,LIB,Mark West,11,1,9,0,1,0
Scott,HON,Governor,,LIB,Mark West,7,4,2,0,0,1
Scott,HUNT,Governor,,LIB,Mark West,4,1,1,2,0,0
Scott,JAMES,Governor,,LIB,Mark West,3,0,1,2,0,0
Scott,JONES/LITTLE TEXAS,Governor,,LIB,Mark West,4,3,1,0,0,0
Scott,KEENER,Governor,,LIB,Mark West,0,0,0,0,0,0
Scott,LAMB,Governor,,LIB,Mark West,4,2,2,0,0,0
Scott,LAFAVE,Governor,,LIB,Mark West,1,1,0,0,0,0
Scott,LEWIS WARD 1,Governor,,LIB,Mark West,18,6,3,7,0,2
Scott,LEWIS WARD 2,Governor,,LIB,Mark West,2,2,0,0,0,0
Scott,MILL CREEK,Governor,,LIB,Mark West,4,1,3,0,0,0
Scott,MOUNTAIN,Governor,,LIB,Mark West,5,2,3,0,0,0
Scott,MOUNT PLEASANT,Governor,,LIB,Mark West,7,5,1,1,0,0
Scott,PARKS,Governor,,LIB,Mark West,4,4,0,0,0,0
Scott,TOMLINSON/TATE,Governor,,LIB,Mark West,10,2,1,7,0,0
Scott,BLACKFORK,Lieutenant Governor,,LIB,Frank Gilbert,1,1,0,0,0,0
Scott,BLANSETT,Lieutenant Governor,,LIB,Frank Gilbert,1,1,0,0,0,0
Scott,BRAWLEY,Lieutenant Governor,,LIB,Frank Gilbert,1,1,0,0,0,0
Scott,CAUTHRON/OLIVER,Lieutenant Governor,,LIB,Frank Gilbert,2,1,0,0,0,1
Scott,CEDAR CREEK,Lieutenant Governor,,LIB,Frank Gilbert,1,0,0,0,0,1
Scott,COAL/LAFAYETTE,Lieutenant Governor,,LIB,Frank Gilbert,1,1,0,0,0,0
Scott,DENTON,Lieutenant Governor,,LIB,Frank Gilbert,4,3,0,1,0,0
Scott,HICKMAN WARD 1,Lieutenant Governor,,LIB,Frank Gilbert,10,2,5,1,1,1
Scott,HICKMAN WARD 2,Lieutenant Governor,,LIB,Frank Gilbert,6,5,0,0,0,1
Scott,HICKMAN WARD 3,Lieutenant Governor,,LIB,Frank Gilbert,9,3,1,3,0,2
Scott,HICKMAN RURAL EAST,Lieutenant Governor,,LIB,Frank Gilbert,8,2,4,1,0,1
Scott,HICKMAN RURAL WEST,Lieutenant Governor,,LIB,Frank Gilbert,5,0,3,0,0,2
Scott,HON,Lieutenant Governor,,LIB,Frank Gilbert,5,4,0,0,0,1
Scott,HUNT,Lieutenant Governor,,LIB,Frank Gilbert,2,2,0,0,0,0
Scott,JAMES,Lieutenant Governor,,LIB,Frank Gilbert,1,0,0,1,0,0
Scott,JONES/LITTLE TEXAS,Lieutenant Governor,,LIB,Frank Gilbert,3,3,0,0,0,0
Scott,KEENER,Lieutenant Governor,,LIB,Frank Gilbert,0,0,0,0,0,0
Scott,LAMB,Lieutenant Governor,,LIB,Frank Gilbert,8,6,2,0,0,0
Scott,LAFAVE,Lieutenant Governor,,LIB,Frank Gilbert,0,0,0,0,0,0
Scott,LEWIS WARD 1,Lieutenant Governor,,LIB,Frank Gilbert,10,4,3,1,0,2
Scott,LEWIS WARD 2,Lieutenant Governor,,LIB,Frank Gilbert,2,2,0,0,0,0
Scott,MILL CREEK,Lieutenant Governor,,LIB,Frank Gilbert,2,1,1,0,0,0
Scott,MOUNTAIN,Lieutenant Governor,,LIB,Frank Gilbert,3,1,2,0,0,0
Scott,MOUNT PLEASANT,Lieutenant Governor,,LIB,Frank Gilbert,6,3,1,1,0,1
Scott,PARKS,Lieutenant Governor,,LIB,Frank Gilbert,2,1,0,0,0,1
Scott,TOMLINSON/TATE,Lieutenant Governor,,LIB,Frank Gilbert,5,1,1,2,0,1
Scott,BLACKFORK,Lieutenant Governor,,DEM,Anthony Bland,0,0,0,0,0,0
Scott,BLANSETT,Lieutenant Governor,,DEM,Anthony Bland,8,6,2,0,0,0
Scott,BRAWLEY,Lieutenant Governor,,DEM,Anthony Bland,3,3,0,0,0,0
Scott,CAUTHRON/OLIVER,Lieutenant Governor,,DEM,Anthony Bland,13,4,8,0,1,0
Scott,CEDAR CREEK,Lieutenant Governor,,DEM,Anthony Bland,12,5,4,0,1,2
Scott,COAL/LAFAYETTE,Lieutenant Governor,,DEM,Anthony Bland,8,7,1,0,0,0
Scott,DENTON,Lieutenant Governor,,DEM,Anthony Bland,10,5,3,1,0,1
Scott,HICKMAN WARD 1,Lieutenant Governor,,DEM,Anthony Bland,40,9,20,1,2,8
Scott,HICKMAN WARD 2,Lieutenant Governor,,DEM,Anthony Bland,42,11,9,8,4,10
Scott,HICKMAN WARD 3,Lieutenant Governor,,DEM,Anthony Bland,45,10,15,6,2,12
Scott,HICKMAN RURAL EAST,Lieutenant Governor,,DEM,Anthony Bland,26,7,13,3,1,2
Scott,HICKMAN RURAL WEST,Lieutenant Governor,,DEM,Anthony Bland,28,7,13,3,0,5
Scott,HON,Lieutenant Governor,,DEM,Anthony Bland,17,8,4,3,1,1
Scott,HUNT,Lieutenant Governor,,DEM,Anthony Bland,7,2,1,3,1,0
Scott,JAMES,Lieutenant Governor,,DEM,Anthony Bland,9,2,0,6,0,1
Scott,JONES/LITTLE TEXAS,Lieutenant Governor,,DEM,Anthony Bland,3,2,1,0,0,0
Scott,KEENER,Lieutenant Governor,,DEM,Anthony Bland,11,2,1,5,0,3
Scott,LAMB,Lieutenant Governor,,DEM,Anthony Bland,16,11,4,1,0,0
Scott,LAFAVE,Lieutenant Governor,,DEM,Anthony Bland,5,2,0,3,0,0
Scott,LEWIS WARD 1,Lieutenant Governor,,DEM,Anthony Bland,34,15,5,11,1,2
Scott,LEWIS WARD 2,Lieutenant Governor,,DEM,Anthony Bland,26,21,2,0,1,2
Scott,MILL CREEK,Lieutenant Governor,,DEM,Anthony Bland,15,11,3,0,0,1
Scott,MOUNTAIN,Lieutenant Governor,,DEM,Anthony Bland,18,1,6,6,0,5
Scott,MOUNT PLEASANT,Lieutenant Governor,,DEM,Anthony Bland,13,5,3,3,0,2
Scott,PARKS,Lieutenant Governor,,DEM,Anthony Bland,14,9,4,0,0,1
Scott,TOMLINSON/TATE,Lieutenant Governor,,DEM,Anthony Bland,22,10,3,4,0,5
Scott,BLACKFORK,Lieutenant Governor,,REP,Lt. Governor Tim Griffin,17,13,0,3,1,0
Scott,BLANSETT,Lieutenant Governor,,REP,Lt. Governor Tim Griffin,43,33,7,2,0,1
Scott,BRAWLEY,Lieutenant Governor,,REP,Lt. Governor Tim Griffin,28,18,9,1,0,0
Scott,CAUTHRON/OLIVER,Lieutenant Governor,,REP,Lt. Governor Tim Griffin,23,18,3,2,0,0
Scott,CEDAR CREEK,Lieutenant Governor,,REP,Lt. Governor Tim Griffin,24,13,6,0,2,3
Scott,COAL/LAFAYETTE,Lieutenant Governor,,REP,Lt. Governor Tim Griffin,69,54,6,5,2,2
Scott,DENTON,Lieutenant Governor,,REP,Lt. Governor Tim Griffin,102,65,17,13,2,5
Scott,HICKMAN WARD 1,Lieutenant Governor,,REP,Lt. Governor Tim Griffin,214,69,75,22,8,40
Scott,HICKMAN WARD 2,Lieutenant Governor,,REP,Lt. Governor Tim Griffin,187,56,60,48,3,20
Scott,HICKMAN WARD 3,Lieutenant Governor,,REP,Lt. Governor Tim Griffin,192,56,67,31,2,36
Scott,HICKMAN RURAL EAST,Lieutenant Governor,,REP,Lt. Governor Tim Griffin,214,63,83,40,4,24
Scott,HICKMAN RURAL WEST,Lieutenant Governor,,REP,Lt. Governor Tim Griffin,122,28,56,18,2,18
Scott,HON,Lieutenant Governor,,REP,Lt. Governor Tim Griffin,78,44,11,17,5,1
Scott,HUNT,Lieutenant Governor,,REP,Lt. Governor Tim Griffin,60,17,6,31,3,3
Scott,JAMES,Lieutenant Governor,,REP,Lt. Governor Tim Griffin,45,9,6,26,2,2
Scott,JONES/LITTLE TEXAS,Lieutenant Governor,,REP,Lt. Governor Tim Griffin,38,35,2,0,0,1
Scott,KEENER,Lieutenant Governor,,REP,Lt. Governor Tim Griffin,29,17,5,5,2,0
Scott,LAMB,Lieutenant Governor,,REP,Lt. Governor Tim Griffin,101,71,20,3,1,6
Scott,LAFAVE,Lieutenant Governor,,REP,Lt. Governor Tim Griffin,31,4,5,19,0,3
Scott,LEWIS WARD 1,Lieutenant Governor,,REP,Lt. Governor Tim Griffin,164,82,14,53,3,12
Scott,LEWIS WARD 2,Lieutenant Governor,,REP,Lt. Governor Tim Griffin,108,85,14,2,1,6
Scott,MILL CREEK,Lieutenant Governor,,REP,Lt. Governor Tim Griffin,90,57,25,0,1,7
Scott,MOUNTAIN,Lieutenant Governor,,REP,Lt. Governor Tim Griffin,80,40,15,18,1,6
Scott,MOUNT PLEASANT,Lieutenant Governor,,REP,Lt. Governor Tim Griffin,118,66,32,12,0,8
Scott,PARKS,Lieutenant Governor,,REP,Lt. Governor Tim Griffin,46,36,5,1,3,1
Scott,TOMLINSON/TATE,Lieutenant Governor,,REP,Lt. Governor Tim Griffin,88,31,17,26,1,13
Scott,BLACKFORK,Attorney General,,LIB,Kerry Hicks,1,1,0,0,0,0
Scott,BLANSETT,Attorney General,,LIB,Kerry Hicks,1,1,0,0,0,0
Scott,BRAWLEY,Attorney General,,LIB,Kerry Hicks,1,1,0,0,0,0
Scott,CAUTHRON/OLIVER,Attorney General,,LIB,Kerry Hicks,2,1,0,0,0,1
Scott,CEDAR CREEK,Attorney General,,LIB,Kerry Hicks,5,3,1,0,0,1
Scott,COAL/LAFAYETTE,Attorney General,,LIB,Kerry Hicks,2,1,0,0,1,0
Scott,DENTON,Attorney General,,LIB,Kerry Hicks,5,5,0,0,0,0
Scott,HICKMAN WARD 1,Attorney General,,LIB,Kerry Hicks,9,2,3,1,1,2
Scott,HICKMAN WARD 2,Attorney General,,LIB,Kerry Hicks,7,4,1,2,0,0
Scott,HICKMAN WARD 3,Attorney General,,LIB,Kerry Hicks,8,2,3,2,0,1
Scott,HICKMAN RURAL EAST,Attorney General,,LIB,Kerry Hicks,9,5,4,0,0,0
Scott,HICKMAN RURAL WEST,Attorney General,,LIB,Kerry Hicks,7,1,4,1,0,1
Scott,HON,Attorney General,,LIB,Kerry Hicks,9,4,1,3,0,1
Scott,HUNT,Attorney General,,LIB,Kerry Hicks,3,2,0,1,0,0
Scott,JAMES,Attorney General,,LIB,Kerry Hicks,3,1,0,2,0,0
Scott,JONES/LITTLE TEXAS,Attorney General,,LIB,Kerry Hicks,0,0,0,0,0,0
Scott,KEENER,Attorney General,,LIB,Kerry Hicks,0,0,0,0,0,0
Scott,LAMB,Attorney General,,LIB,Kerry Hicks,4,3,1,0,0,0
Scott,LAFAVE,Attorney General,,LIB,Kerry Hicks,1,1,0,0,0,0
Scott,LEWIS WARD 1,Attorney General,,LIB,Kerry Hicks,8,2,3,3,0,0
Scott,LEWIS WARD 2,Attorney General,,LIB,Kerry Hicks,3,3,0,0,0,0
Scott,MILL CREEK,Attorney General,,LIB,Kerry Hicks,2,0,2,0,0,0
Scott,MOUNTAIN,Attorney General,,LIB,Kerry Hicks,4,1,2,1,0,0
Scott,MOUNT PLEASANT,Attorney General,,LIB,Kerry Hicks,8,5,1,0,0,2
Scott,PARKS,Attorney General,,LIB,Kerry Hicks,4,2,1,0,0,1
Scott,TOMLINSON/TATE,Attorney General,,LIB,Kerry Hicks,6,3,1,2,0,0
Scott,BLACKFORK,Attorney General,,REP,Attorney General Leslie Rutledge,17,13,0,3,1,0
Scott,BLANSETT,Attorney General,,REP,Attorney General Leslie Rutledge,42,32,7,2,0,1
Scott,BRAWLEY,Attorney General,,REP,Attorney General Leslie Rutledge,26,16,9,1,0,0
Scott,CAUTHRON/OLIVER,Attorney General,,REP,Attorney General Leslie Rutledge,23,18,3,2,0,0
Scott,CEDAR CREEK,Attorney General,,REP,Attorney General Leslie Rutledge,20,10,5,0,2,3
Scott,COAL/LAFAYETTE,Attorney General,,REP,Attorney General Leslie Rutledge,71,57,6,5,1,2
Scott,DENTON,Attorney General,,REP,Attorney General Leslie Rutledge,97,58,18,14,2,5
Scott,HICKMAN WARD 1,Attorney General,,REP,Attorney General Leslie Rutledge,212,69,75,20,8,40
Scott,HICKMAN WARD 2,Attorney General,,REP,Attorney General Leslie Rutledge,187,56,57,45,5,24
Scott,HICKMAN WARD 3,Attorney General,,REP,Attorney General Leslie Rutledge,183,53,62,32,2,34
Scott,HICKMAN RURAL EAST,Attorney General,,REP,Attorney General Leslie Rutledge,209,59,81,41,5,23
Scott,HICKMAN RURAL WEST,Attorney General,,REP,Attorney General Leslie Rutledge,118,26,53,17,2,20
Scott,HON,Attorney General,,REP,Attorney General Leslie Rutledge,77,46,10,14,5,2
Scott,HUNT,Attorney General,,REP,Attorney General Leslie Rutledge,57,16,6,30,2,3
Scott,JAMES,Attorney General,,REP,Attorney General Leslie Rutledge,40,7,7,23,2,1
Scott,JONES/LITTLE TEXAS,Attorney General,,REP,Attorney General Leslie Rutledge,40,37,2,0,0,1
Scott,KEENER,Attorney General,,REP,Attorney General Leslie Rutledge,30,17,5,6,2,0
Scott,LAMB,Attorney General,,REP,Attorney General Leslie Rutledge,102,71,21,3,1,6
Scott,LAFAVE,Attorney General,,REP,Attorney General Leslie Rutledge,29,3,5,18,0,3
Scott,LEWIS WARD 1,Attorney General,,REP,Attorney General Leslie Rutledge,167,84,15,51,3,14
Scott,LEWIS WARD 2,Attorney General,,REP,Attorney General Leslie Rutledge,103,80,14,2,1,6
Scott,MILL CREEK,Attorney General,,REP,Attorney General Leslie Rutledge,90,58,24,0,1,7
Scott,MOUNTAIN,Attorney General,,REP,Attorney General Leslie Rutledge,80,40,16,19,1,4
Scott,MOUNT PLEASANT,Attorney General,,REP,Attorney General Leslie Rutledge,114,62,32,13,0,7
Scott,PARKS,Attorney General,,REP,Attorney General Leslie Rutledge,46,36,5,1,3,1
Scott,TOMLINSON/TATE,Attorney General,,REP,Attorney General Leslie Rutledge,83,27,18,24,1,13
Scott,BLACKFORK,Attorney General,,DEM,Mike Lee,0,0,0,0,0,0
Scott,BLANSETT,Attorney General,,DEM,Mike Lee,7,5,2,0,0,0
Scott,BRAWLEY,Attorney General,,DEM,Mike Lee,5,5,0,0,0,0
Scott,CAUTHRON/OLIVER,Attorney General,,DEM,Mike Lee,13,4,8,0,1,0
Scott,CEDAR CREEK,Attorney General,,DEM,Mike Lee,12,5,4,0,1,2
Scott,COAL/LAFAYETTE,Attorney General,,DEM,Mike Lee,5,4,1,0,0,0
Scott,DENTON,Attorney General,,DEM,Mike Lee,14,9,3,1,0,1
Scott,HICKMAN WARD 1,Attorney General,,DEM,Mike Lee,46,10,23,2,4,7
Scott,HICKMAN WARD 2,Attorney General,,DEM,Mike Lee,42,12,11,9,2,8
Scott,HICKMAN WARD 3,Attorney General,,DEM,Mike Lee,56,14,19,6,2,15
Scott,HICKMAN RURAL EAST,Attorney General,,DEM,Mike Lee,31,8,15,4,0,4
Scott,HICKMAN RURAL WEST,Attorney General,,DEM,Mike Lee,30,8,13,3,0,6
Scott,HON,Attorney General,,DEM,Mike Lee,14,7,4,2,1,0
Scott,HUNT,Attorney General,,DEM,Mike Lee,9,4,1,3,1,0
Scott,JAMES,Attorney General,,DEM,Mike Lee,12,3,0,7,0,2
Scott,JONES/LITTLE TEXAS,Attorney General,,DEM,Mike Lee,4,3,1,0,0,0
Scott,KEENER,Attorney General,,DEM,Mike Lee,10,2,1,4,0,3
Scott,LAMB,Attorney General,,DEM,Mike Lee,21,16,4,1,0,0
Scott,LAFAVE,Attorney General,,DEM,Mike Lee,6,2,0,4,0,0
Scott,LEWIS WARD 1,Attorney General,,DEM,Mike Lee,34,16,4,11,1,2
Scott,LEWIS WARD 2,Attorney General,,DEM,Mike Lee,29,24,2,0,1,2
Scott,MILL CREEK,Attorney General,,DEM,Mike Lee,15,11,3,0,0,1
Scott,MOUNTAIN,Attorney General,,DEM,Mike Lee,17,1,5,4,0,7
Scott,MOUNT PLEASANT,Attorney General,,DEM,Mike Lee,16,8,3,3,0,2
Scott,PARKS,Attorney General,,DEM,Mike Lee,11,7,3,0,0,1
Scott,TOMLINSON/TATE,Attorney General,,DEM,Mike Lee,24,12,2,5,0,5
Scott,BLACKFORK,Secretary of State,,LIB,Christopher Olson,1,1,0,0,0,0
Scott,BLANSETT,Secretary of State,,LIB,Christopher Olson,1,1,0,0,0,0
Scott,BRAWLEY,Secretary of State,,LIB,Christopher Olson,3,3,0,0,0,0
Scott,CAUTHRON/OLIVER,Secretary of State,,LIB,Christopher Olson,2,1,0,0,0,1
Scott,CEDAR CREEK,Secretary of State,,LIB,Christopher Olson,3,2,0,0,0,1
Scott,COAL/LAFAYETTE,Secretary of State,,LIB,Christopher Olson,3,3,0,0,0,0
Scott,DENTON,Secretary of State,,LIB,Christopher Olson,9,6,3,0,0,0
Scott,HICKMAN WARD 1,Secretary of State,,LIB,Christopher Olson,6,1,2,1,1,1
Scott,HICKMAN WARD 2,Secretary of State,,LIB,Christopher Olson,8,5,0,1,0,2
Scott,HICKMAN WARD 3,Secretary of State,,LIB,Christopher Olson,12,2,3,5,0,2
Scott,HICKMAN RURAL EAST,Secretary of State,,LIB,Christopher Olson,7,2,3,1,0,1
Scott,HICKMAN RURAL WEST,Secretary of State,,LIB,Christopher Olson,4,1,3,0,0,0
Scott,HON,Secretary of State,,LIB,Christopher Olson,4,4,0,0,0,0
Scott,HUNT,Secretary of State,,LIB,Christopher Olson,3,2,0,1,0,0
Scott,JAMES,Secretary of State,,LIB,Christopher Olson,0,0,0,0,0,0
Scott,JONES/LITTLE TEXAS,Secretary of State,,LIB,Christopher Olson,2,2,0,0,0,0
Scott,KEENER,Secretary of State,,LIB,Christopher Olson,0,0,0,0,0,0
Scott,LAMB,Secretary of State,,LIB,Christopher Olson,8,5,3,0,0,0
Scott,LAFAVE,Secretary of State,,LIB,Christopher Olson,2,1,0,1,0,0
Scott,LEWIS WARD 1,Secretary of State,,LIB,Christopher Olson,8,5,1,1,0,1
Scott,LEWIS WARD 2,Secretary of State,,LIB,Christopher Olson,3,3,0,0,0,0
Scott,MILL CREEK,Secretary of State,,LIB,Christopher Olson,2,1,0,0,0,1
Scott,MOUNTAIN,Secretary of State,,LIB,Christopher Olson,3,1,2,0,0,0
Scott,MOUNT PLEASANT,Secretary of State,,LIB,Christopher Olson,5,2,2,1,0,0
Scott,PARKS,Secretary of State,,LIB,Christopher Olson,0,0,0,0,0,0
Scott,TOMLINSON/TATE,Secretary of State,,LIB,Christopher Olson,7,2,1,3,0,1
Scott,BLACKFORK,Secretary of State,,REP,John Thurston Commissioner of State Lands,17,13,0,3,1,0
Scott,BLANSETT,Secretary of State,,REP,John Thurston Commissioner of State Lands,43,33,7,2,0,1
Scott,BRAWLEY,Secretary of State,,REP,John Thurston Commissioner of State Lands,27,17,9,1,0,0
Scott,CAUTHRON/OLIVER,Secretary of State,,REP,John Thurston Commissioner of State Lands,21,16,3,2,0,0
Scott,CEDAR CREEK,Secretary of State,,REP,John Thurston Commissioner of State Lands,21,11,5,0,2,3
Scott,COAL/LAFAYETTE,Secretary of State,,REP,John Thurston Commissioner of State Lands,71,56,6,5,2,2
Scott,DENTON,Secretary of State,,REP,John Thurston Commissioner of State Lands,92,58,13,14,2,5
Scott,HICKMAN WARD 1,Secretary of State,,REP,John Thurston Commissioner of State Lands,201,65,69,21,8,38
Scott,HICKMAN WARD 2,Secretary of State,,REP,John Thurston Commissioner of State Lands,177,49,61,43,5,19
Scott,HICKMAN WARD 3,Secretary of State,,REP,John Thurston Commissioner of State Lands,177,51,60,27,2,37
Scott,HICKMAN RURAL EAST,Secretary of State,,REP,John Thurston Commissioner of State Lands,206,62,75,41,5,23
Scott,HICKMAN RURAL WEST,Secretary of State,,REP,John Thurston Commissioner of State Lands,121,26,56,18,2,19
Scott,HON,Secretary of State,,REP,John Thurston Commissioner of State Lands,78,44,11,16,5,2
Scott,HUNT,Secretary of State,,REP,John Thurston Commissioner of State Lands,58,16,6,31,2,3
Scott,JAMES,Secretary of State,,REP,John Thurston Commissioner of State Lands,46,9,7,26,2,2
Scott,JONES/LITTLE TEXAS,Secretary of State,,REP,John Thurston Commissioner of State Lands,37,34,2,0,0,1
Scott,KEENER,Secretary of State,,REP,John Thurston Commissioner of State Lands,29,17,5,5,2,0
Scott,LAMB,Secretary of State,,REP,John Thurston Commissioner of State Lands,101,72,19,3,1,6
Scott,LAFAVE,Secretary of State,,REP,John Thurston Commissioner of State Lands,30,3,5,19,0,3
Scott,LEWIS WARD 1,Secretary of State,,REP,John Thurston Commissioner of State Lands,164,82,15,51,3,13
Scott,LEWIS WARD 2,Secretary of State,,REP,John Thurston Commissioner of State Lands,97,74,14,2,1,6
Scott,MILL CREEK,Secretary of State,,REP,John Thurston Commissioner of State Lands,91,58,26,0,1,6
Scott,MOUNTAIN,Secretary of State,,REP,John Thurston Commissioner of State Lands,78,39,15,18,1,5
Scott,MOUNT PLEASANT,Secretary of State,,REP,John Thurston Commissioner of State Lands,115,66,30,11,0,8
Scott,PARKS,Secretary of State,,REP,John Thurston Commissioner of State Lands,45,35,5,1,3,1
Scott,TOMLINSON/TATE,Secretary of State,,REP,John Thurston Commissioner of State Lands,85,28,18,25,1,13
Scott,BLACKFORK,Secretary of State,,DEM,Susan Inman,0,0,0,0,0,0
Scott,BLANSETT,Secretary of State,,DEM,Susan Inman,8,6,2,0,0,0
Scott,BRAWLEY,Secretary of State,,DEM,Susan Inman,2,2,0,0,0,0
Scott,CAUTHRON/OLIVER,Secretary of State,,DEM,Susan Inman,15,6,8,0,1,0
Scott,CEDAR CREEK,Secretary of State,,DEM,Susan Inman,13,5,5,0,1,2
Scott,COAL/LAFAYETTE,Secretary of State,,DEM,Susan Inman,4,3,1,0,0,0
Scott,DENTON,Secretary of State,,DEM,Susan Inman,15,9,4,1,0,1
Scott,HICKMAN WARD 1,Secretary of State,,DEM,Susan Inman,53,13,27,2,4,7
Scott,HICKMAN WARD 2,Secretary of State,,DEM,Susan Inman,50,17,9,12,2,10
Scott,HICKMAN WARD 3,Secretary of State,,DEM,Susan Inman,59,16,21,8,2,12
Scott,HICKMAN RURAL EAST,Secretary of State,,DEM,Susan Inman,34,8,20,3,0,3
Scott,HICKMAN RURAL WEST,Secretary of State,,DEM,Susan Inman,32,8,15,3,0,6
Scott,HON,Secretary of State,,DEM,Susan Inman,18,8,4,4,1,1
Scott,HUNT,Secretary of State,,DEM,Susan Inman,8,4,1,2,1,0
Scott,JAMES,Secretary of State,,DEM,Susan Inman,10,2,0,7,0,1
Scott,JONES/LITTLE TEXAS,Secretary of State,,DEM,Susan Inman,4,3,1,0,0,0
Scott,KEENER,Secretary of State,,DEM,Susan Inman,11,2,1,5,0,3
Scott,LAMB,Secretary of State,,DEM,Susan Inman,16,12,3,1,0,0
Scott,LAFAVE,Secretary of State,,DEM,Susan Inman,4,2,0,2,0,0
Scott,LEWIS WARD 1,Secretary of State,,DEM,Susan Inman,37,15,6,13,1,2
Scott,LEWIS WARD 2,Secretary of State,,DEM,Susan Inman,33,29,2,0,1,1
Scott,MILL CREEK,Secretary of State,,DEM,Susan Inman,14,10,3,0,0,1
Scott,MOUNTAIN,Secretary of State,,DEM,Susan Inman,20,2,6,6,0,6
Scott,MOUNT PLEASANT,Secretary of State,,DEM,Susan Inman,17,6,4,4,0,3
Scott,PARKS,Secretary of State,,DEM,Susan Inman,16,10,4,0,0,2
Scott,TOMLINSON/TATE,Secretary of State,,DEM,Susan Inman,22,12,2,3,0,5
Scott,BLACKFORK,State Treasurer,,LIB,Ashley Ewald,0,0,0,0,0,0
Scott,BLANSETT,State Treasurer,,LIB,Ashley Ewald,8,6,2,0,0,0
Scott,BRAWLEY,State Treasurer,,LIB,Ashley Ewald,4,4,0,0,0,0
Scott,CAUTHRON/OLIVER,State Treasurer,,LIB,Ashley Ewald,13,4,7,0,1,1
Scott,CEDAR CREEK,State Treasurer,,LIB,Ashley Ewald,11,5,4,0,1,1
Scott,COAL/LAFAYETTE,State Treasurer,,LIB,Ashley Ewald,7,7,0,0,0,0
Scott,DENTON,State Treasurer,,LIB,Ashley Ewald,17,11,3,2,0,1
Scott,HICKMAN WARD 1,State Treasurer,,LIB,Ashley Ewald,35,8,16,2,2,7
Scott,HICKMAN WARD 2,State Treasurer,,LIB,Ashley Ewald,45,13,11,11,1,9
Scott,HICKMAN WARD 3,State Treasurer,,LIB,Ashley Ewald,48,9,18,10,1,10
Scott,HICKMAN RURAL EAST,State Treasurer,,LIB,Ashley Ewald,24,6,12,4,0,2
Scott,HICKMAN RURAL WEST,State Treasurer,,LIB,Ashley Ewald,23,3,14,3,0,3
Scott,HON,State Treasurer,,LIB,Ashley Ewald,19,11,4,3,0,1
Scott,HUNT,State Treasurer,,LIB,Ashley Ewald,7,2,0,4,1,0
Scott,JAMES,State Treasurer,,LIB,Ashley Ewald,7,0,0,5,0,2
Scott,JONES/LITTLE TEXAS,State Treasurer,,LIB,Ashley Ewald,2,2,0,0,0,0
Scott,KEENER,State Treasurer,,LIB,Ashley Ewald,6,2,1,1,0,2
Scott,LAMB,State Treasurer,,LIB,Ashley Ewald,21,14,6,1,0,0
Scott,LAFAVE,State Treasurer,,LIB,Ashley Ewald,4,2,0,2,0,0
Scott,LEWIS WARD 1,State Treasurer,,LIB,Ashley Ewald,43,19,8,12,1,3
Scott,LEWIS WARD 2,State Treasurer,,LIB,Ashley Ewald,26,23,2,0,1,0
Scott,MILL CREEK,State Treasurer,,LIB,Ashley Ewald,8,5,2,0,0,1
Scott,MOUNTAIN,State Treasurer,,LIB,Ashley Ewald,13,2,4,2,0,5
Scott,MOUNT PLEASANT,State Treasurer,,LIB,Ashley Ewald,13,8,2,0,0,3
Scott,PARKS,State Treasurer,,LIB,Ashley Ewald,11,8,1,0,0,2
Scott,TOMLINSON/TATE,State Treasurer,,LIB,Ashley Ewald,20,8,3,5,0,4
Scott,BLACKFORK,State Treasurer,,REP,Treasurer of State Dennis Milligan,17,13,0,3,1,0
Scott,BLANSETT,State Treasurer,,REP,Treasurer of State Dennis Milligan,44,34,7,2,0,1
Scott,BRAWLEY,State Treasurer,,REP,Treasurer of State Dennis Milligan,28,18,9,1,0,0
Scott,CAUTHRON/OLIVER,State Treasurer,,REP,Treasurer of State Dennis Milligan,23,18,3,2,0,0
Scott,CEDAR CREEK,State Treasurer,,REP,Treasurer of State Dennis Milligan,22,11,6,0,2,3
Scott,COAL/LAFAYETTE,State Treasurer,,REP,Treasurer of State Dennis Milligan,71,55,7,5,2,2
Scott,DENTON,State Treasurer,,REP,Treasurer of State Dennis Milligan,99,62,17,13,2,5
Scott,HICKMAN WARD 1,State Treasurer,,REP,Treasurer of State Dennis Milligan,223,72,80,22,11,38
Scott,HICKMAN WARD 2,State Treasurer,,REP,Treasurer of State Dennis Milligan,188,58,59,44,5,22
Scott,HICKMAN WARD 3,State Treasurer,,REP,Treasurer of State Dennis Milligan,198,60,66,30,3,39
Scott,HICKMAN RURAL EAST,State Treasurer,,REP,Treasurer of State Dennis Milligan,220,65,85,41,5,24
Scott,HICKMAN RURAL WEST,State Treasurer,,REP,Treasurer of State Dennis Milligan,131,32,58,18,2,21
Scott,HON,State Treasurer,,REP,Treasurer of State Dennis Milligan,81,46,10,17,6,2
Scott,HUNT,State Treasurer,,REP,Treasurer of State Dennis Milligan,62,20,7,30,2,3
Scott,JAMES,State Treasurer,,REP,Treasurer of State Dennis Milligan,48,11,7,27,2,1
Scott,JONES/LITTLE TEXAS,State Treasurer,,REP,Treasurer of State Dennis Milligan,40,36,3,0,0,1
Scott,KEENER,State Treasurer,,REP,Treasurer of State Dennis Milligan,30,17,5,6,2,0
Scott,LAMB,State Treasurer,,REP,Treasurer of State Dennis Milligan,101,72,19,3,1,6
Scott,LAFAVE,State Treasurer,,REP,Treasurer of State Dennis Milligan,30,4,4,19,0,3
Scott,LEWIS WARD 1,State Treasurer,,REP,Treasurer of State Dennis Milligan,162,82,14,50,3,13
Scott,LEWIS WARD 2,State Treasurer,,REP,Treasurer of State Dennis Milligan,106,81,14,2,1,8
Scott,MILL CREEK,State Treasurer,,REP,Treasurer of State Dennis Milligan,95,60,27,0,1,7
Scott,MOUNTAIN,State Treasurer,,REP,Treasurer of State Dennis Milligan,85,40,17,21,1,6
Scott,MOUNT PLEASANT,State Treasurer,,REP,Treasurer of State Dennis Milligan,122,66,34,14,0,8
Scott,PARKS,State Treasurer,,REP,Treasurer of State Dennis Milligan,49,38,6,1,3,1
Scott,TOMLINSON/TATE,State Treasurer,,REP,Treasurer of State Dennis Milligan,92,34,18,25,1,14
Scott,BLACKFORK,Auditor of State,,REP,Auditor Andrea Lea,16,13,0,3,0,0
Scott,BLANSETT,Auditor of State,,REP,Auditor Andrea Lea,43,33,7,2,0,1
Scott,BRAWLEY,Auditor of State,,REP,Auditor Andrea Lea,28,18,9,1,0,0
Scott,CAUTHRON/OLIVER,Auditor of State,,REP,Auditor Andrea Lea,25,18,4,2,1,0
Scott,CEDAR CREEK,Auditor of State,,REP,Auditor Andrea Lea,24,12,7,0,2,3
Scott,COAL/LAFAYETTE,Auditor of State,,REP,Auditor Andrea Lea,71,56,7,5,1,2
Scott,DENTON,Auditor of State,,REP,Auditor Andrea Lea,101,63,17,14,2,5
Scott,HICKMAN WARD 1,Auditor of State,,REP,Auditor Andrea Lea,220,70,80,20,11,39
Scott,HICKMAN WARD 2,Auditor of State,,REP,Auditor Andrea Lea,197,64,61,46,6,20
Scott,HICKMAN WARD 3,Auditor of State,,REP,Auditor Andrea Lea,204,59,71,32,3,39
Scott,HICKMAN RURAL EAST,Auditor of State,,REP,Auditor Andrea Lea,225,66,88,41,5,25
Scott,HICKMAN RURAL WEST,Auditor of State,,REP,Auditor Andrea Lea,133,32,60,18,2,21
Scott,HON,Auditor of State,,REP,Auditor Andrea Lea,83,46,12,17,6,2
Scott,HUNT,Auditor of State,,REP,Auditor Andrea Lea,62,18,7,32,2,3
Scott,JAMES,Auditor of State,,REP,Auditor Andrea Lea,47,9,6,28,2,2
Scott,JONES/LITTLE TEXAS,Auditor of State,,REP,Auditor Andrea Lea,40,36,3,0,0,1
Scott,KEENER,Auditor of State,,REP,Auditor Andrea Lea,30,17,5,6,2,0
Scott,LAMB,Auditor of State,,REP,Auditor Andrea Lea,102,73,19,3,1,6
Scott,LAFAVE,Auditor of State,,REP,Auditor Andrea Lea,32,5,5,19,0,3
Scott,LEWIS WARD 1,Auditor of State,,REP,Auditor Andrea Lea,168,86,15,51,3,13
Scott,LEWIS WARD 2,Auditor of State,,REP,Auditor Andrea Lea,114,88,14,2,2,8
Scott,MILL CREEK,Auditor of State,,REP,Auditor Andrea Lea,91,58,26,0,1,6
Scott,MOUNTAIN,Auditor of State,,REP,Auditor Andrea Lea,87,40,18,22,1,6
Scott,MOUNT PLEASANT,Auditor of State,,REP,Auditor Andrea Lea,123,67,35,12,0,9
Scott,PARKS,Auditor of State,,REP,Auditor Andrea Lea,45,34,6,1,3,1
Scott,TOMLINSON/TATE,Auditor of State,,REP,Auditor Andrea Lea,97,35,18,27,1,16
Scott,BLACKFORK,Auditor of State,,LIB,David E. Dinwiddie,1,1,0,0,0,0
Scott,BLANSETT,Auditor of State,,LIB,David E. Dinwiddie,9,7,2,0,0,0
Scott,BRAWLEY,Auditor of State,,LIB,David E. Dinwiddie,3,3,0,0,0,0
Scott,CAUTHRON/OLIVER,Auditor of State,,LIB,David E. Dinwiddie,11,4,6,0,0,1
Scott,CEDAR CREEK,Auditor of State,,LIB,David E. Dinwiddie,9,4,3,0,1,1
Scott,COAL/LAFAYETTE,Auditor of State,,LIB,David E. Dinwiddie,7,6,0,0,1,0
Scott,DENTON,Auditor of State,,LIB,David E. Dinwiddie,14,10,2,1,0,1
Scott,HICKMAN WARD 1,Auditor of State,,LIB,David E. Dinwiddie,37,9,17,3,2,6
Scott,HICKMAN WARD 2,Auditor of State,,LIB,David E. Dinwiddie,32,7,7,9,0,9
Scott,HICKMAN WARD 3,Auditor of State,,LIB,David E. Dinwiddie,42,10,14,7,1,10
Scott,HICKMAN RURAL EAST,Auditor of State,,LIB,David E. Dinwiddie,20,5,10,3,0,2
Scott,HICKMAN RURAL WEST,Auditor of State,,LIB,David E. Dinwiddie,21,3,12,3,0,3
Scott,HON,Auditor of State,,LIB,David E. Dinwiddie,16,9,3,3,0,1
Scott,HUNT,Auditor of State,,LIB,David E. Dinwiddie,6,3,0,2,1,0
Scott,JAMES,Auditor of State,,LIB,David E. Dinwiddie,7,2,0,4,0,1
Scott,JONES/LITTLE TEXAS,Auditor of State,,LIB,David E. Dinwiddie,2,2,0,0,0,0
Scott,KEENER,Auditor of State,,LIB,David E. Dinwiddie,6,2,1,1,0,2
Scott,LAMB,Auditor of State,,LIB,David E. Dinwiddie,21,14,6,1,0,0
Scott,LAFAVE,Auditor of State,,LIB,David E. Dinwiddie,2,1,0,1,0,0
Scott,LEWIS WARD 1,Auditor of State,,LIB,David E. Dinwiddie,36,14,7,11,1,3
Scott,LEWIS WARD 2,Auditor of State,,LIB,David E. Dinwiddie,18,16,2,0,0,0
Scott,MILL CREEK,Auditor of State,,LIB,David E. Dinwiddie,12,7,3,0,0,2
Scott,MOUNTAIN,Auditor of State,,LIB,David E. Dinwiddie,9,1,3,1,0,4
Scott,MOUNT PLEASANT,Auditor of State,,LIB,David E. Dinwiddie,12,7,1,2,0,2
Scott,PARKS,Auditor of State,,LIB,David E. Dinwiddie,13,10,1,0,0,2
Scott,TOMLINSON/TATE,Auditor of State,,LIB,David E. Dinwiddie,17,7,3,4,0,3
Scott,BLACKFORK,Commissioner of State Lands,,REP,Tommy Land,16,12,0,3,1,0
Scott,BLANSETT,Commissioner of State Lands,,REP,Tommy Land,37,29,6,1,0,1
Scott,BRAWLEY,Commissioner of State Lands,,REP,Tommy Land,26,16,9,1,0,0
Scott,CAUTHRON/OLIVER,Commissioner of State Lands,,REP,Tommy Land,20,14,4,2,0,0
Scott,CEDAR CREEK,Commissioner of State Lands,,REP,Tommy Land,23,11,6,0,3,3
Scott,COAL/LAFAYETTE,Commissioner of State Lands,,REP,Tommy Land,70,55,6,5,2,2
Scott,DENTON,Commissioner of State Lands,,REP,Tommy Land,96,59,16,14,2,5
Scott,HICKMAN WARD 1,Commissioner of State Lands,,REP,Tommy Land,197,64,70,19,8,36
Scott,HICKMAN WARD 2,Commissioner of State Lands,,REP,Tommy Land,168,47,58,39,4,20
Scott,HICKMAN WARD 3,Commissioner of State Lands,,REP,Tommy Land,170,52,60,26,2,30
Scott,HICKMAN RURAL EAST,Commissioner of State Lands,,REP,Tommy Land,201,62,74,38,5,22
Scott,HICKMAN RURAL WEST,Commissioner of State Lands,,REP,Tommy Land,118,28,53,18,2,17
Scott,HON,Commissioner of State Lands,,REP,Tommy Land,75,42,10,16,5,2
Scott,HUNT,Commissioner of State Lands,,REP,Tommy Land,56,17,5,29,2,3
Scott,JAMES,Commissioner of State Lands,,REP,Tommy Land,40,9,6,23,2,0
Scott,JONES/LITTLE TEXAS,Commissioner of State Lands,,REP,Tommy Land,38,34,3,0,0,1
Scott,KEENER,Commissioner of State Lands,,REP,Tommy Land,28,16,5,5,2,0
Scott,LAMB,Commissioner of State Lands,,REP,Tommy Land,92,64,18,3,1,6
Scott,LAFAVE,Commissioner of State Lands,,REP,Tommy Land,28,4,3,18,0,3
Scott,LEWIS WARD 1,Commissioner of State Lands,,REP,Tommy Land,157,79,14,49,3,12
Scott,LEWIS WARD 2,Commissioner of State Lands,,REP,Tommy Land,102,79,14,2,1,6
Scott,MILL CREEK,Commissioner of State Lands,,REP,Tommy Land,87,55,25,0,1,6
Scott,MOUNTAIN,Commissioner of State Lands,,REP,Tommy Land,76,39,14,17,1,5
Scott,MOUNT PLEASANT,Commissioner of State Lands,,REP,Tommy Land,113,63,31,12,0,7
Scott,PARKS,Commissioner of State Lands,,REP,Tommy Land,41,32,4,1,3,1
Scott,TOMLINSON/TATE,Commissioner of State Lands,,REP,Tommy Land,81,25,18,24,1,13
Scott,BLACKFORK,Commissioner of State Lands,,DEM,Larry Williams,0,0,0,0,0,0
Scott,BLANSETT,Commissioner of State Lands,,DEM,Larry Williams,11,7,3,1,0,0
Scott,BRAWLEY,Commissioner of State Lands,,DEM,Larry Williams,4,4,0,0,0,0
Scott,CAUTHRON/OLIVER,Commissioner of State Lands,,DEM,Larry Williams,15,7,7,0,1,0
Scott,CEDAR CREEK,Commissioner of State Lands,,DEM,Larry Williams,12,6,4,0,0,2
Scott,COAL/LAFAYETTE,Commissioner of State Lands,,DEM,Larry Williams,7,6,1,0,0,0
Scott,DENTON,Commissioner of State Lands,,DEM,Larry Williams,17,11,4,1,0,1
Scott,HICKMAN WARD 1,Commissioner of State Lands,,DEM,Larry Williams,55,13,26,3,4,9
Scott,HICKMAN WARD 2,Commissioner of State Lands,,DEM,Larry Williams,52,16,11,13,3,9
Scott,HICKMAN WARD 3,Commissioner of State Lands,,DEM,Larry Williams,65,16,21,10,2,16
Scott,HICKMAN RURAL EAST,Commissioner of State Lands,,DEM,Larry Williams,33,7,18,4,0,4
Scott,HICKMAN RURAL WEST,Commissioner of State Lands,,DEM,Larry Williams,32,7,14,3,0,8
Scott,HON,Commissioner of State Lands,,DEM,Larry Williams,22,11,5,4,1,1
Scott,HUNT,Commissioner of State Lands,,DEM,Larry Williams,8,2,2,3,1,0
Scott,JAMES,Commissioner of State Lands,,DEM,Larry Williams,12,2,0,8,0,2
Scott,JONES/LITTLE TEXAS,Commissioner of State Lands,,DEM,Larry Williams,3,3,0,0,0,0
Scott,KEENER,Commissioner of State Lands,,DEM,Larry Williams,12,3,1,5,0,3
Scott,LAMB,Commissioner of State Lands,,DEM,Larry Williams,24,19,4,1,0,0
Scott,LAFAVE,Commissioner of State Lands,,DEM,Larry Williams,8,2,2,4,0,0
Scott,LEWIS WARD 1,Commissioner of State Lands,,DEM,Larry Williams,39,19,6,11,1,2
Scott,LEWIS WARD 2,Commissioner of State Lands,,DEM,Larry Williams,30,25,2,0,1,2
Scott,MILL CREEK,Commissioner of State Lands,,DEM,Larry Williams,18,13,4,0,0,1
Scott,MOUNTAIN,Commissioner of State Lands,,DEM,Larry Williams,20,2,6,6,0,6
Scott,MOUNT PLEASANT,Commissioner of State Lands,,DEM,Larry Williams,19,7,5,4,0,3
Scott,PARKS,Commissioner of State Lands,,DEM,Larry Williams,20,13,5,0,0,2
Scott,TOMLINSON/TATE,Commissioner of State Lands,,DEM,Larry Williams,25,13,2,5,0,5
Scott,BLACKFORK,Commissioner of State Lands,,LIB,T.J. Campbell,1,1,0,0,0,0
Scott,BLANSETT,Commissioner of State Lands,,LIB,T.J. Campbell,4,4,0,0,0,0
Scott,BRAWLEY,Commissioner of State Lands,,LIB,T.J. Campbell,2,2,0,0,0,0
Scott,CAUTHRON/OLIVER,Commissioner of State Lands,,LIB,T.J. Campbell,1,0,0,0,0,1
Scott,CEDAR CREEK,Commissioner of State Lands,,LIB,T.J. Campbell,2,1,0,0,0,1
Scott,COAL/LAFAYETTE,Commissioner of State Lands,,LIB,T.J. Campbell,1,1,0,0,0,0
Scott,DENTON,Commissioner of State Lands,,LIB,T.J. Campbell,3,3,0,0,0,0
Scott,HICKMAN WARD 1,Commissioner of State Lands,,LIB,T.J. Campbell,11,3,4,2,1,1
Scott,HICKMAN WARD 2,Commissioner of State Lands,,LIB,T.J. Campbell,12,7,0,4,0,1
Scott,HICKMAN WARD 3,Commissioner of State Lands,,LIB,T.J. Campbell,10,1,3,3,0,3
Scott,HICKMAN RURAL EAST,Commissioner of State Lands,,LIB,T.J. Campbell,13,3,7,2,0,1
Scott,HICKMAN RURAL WEST,Commissioner of State Lands,,LIB,T.J. Campbell,4,0,4,0,0,0
Scott,HON,Commissioner of State Lands,,LIB,T.J. Campbell,3,3,0,0,0,0
Scott,HUNT,Commissioner of State Lands,,LIB,T.J. Campbell,5,3,0,2,0,0
Scott,JAMES,Commissioner of State Lands,,LIB,T.J. Campbell,3,0,0,2,0,1
Scott,JONES/LITTLE TEXAS,Commissioner of State Lands,,LIB,T.J. Campbell,1,1,0,0,0,0
Scott,KEENER,Commissioner of State Lands,,LIB,T.J. Campbell,0,0,0,0,0,0
Scott,LAMB,Commissioner of State Lands,,LIB,T.J. Campbell,7,4,3,0,0,0
Scott,LAFAVE,Commissioner of State Lands,,LIB,T.J. Campbell,0,0,0,0,0,0
Scott,LEWIS WARD 1,Commissioner of State Lands,,LIB,T.J. Campbell,10,3,2,3,0,2
Scott,LEWIS WARD 2,Commissioner of State Lands,,LIB,T.J. Campbell,2,2,0,0,0,0
Scott,MILL CREEK,Commissioner of State Lands,,LIB,T.J. Campbell,2,1,0,0,0,1
Scott,MOUNTAIN,Commissioner of State Lands,,LIB,T.J. Campbell,3,1,2,0,0,0
Scott,MOUNT PLEASANT,Commissioner of State Lands,,LIB,T.J. Campbell,5,4,0,0,0,1
Scott,PARKS,Commissioner of State Lands,,LIB,T.J. Campbell,1,1,0,0,0,0
Scott,TOMLINSON/TATE,Commissioner of State Lands,,LIB,T.J. Campbell,9,4,1,3,0,1
Scott,BLACKFORK,State Representative,21,DEM,Stele Wayne James,0,0,0,0,0,0
Scott,BLANSETT,State Representative,21,DEM,Stele Wayne James,12,9,2,1,0,0
Scott,BRAWLEY,State Representative,21,DEM,Stele Wayne James,7,7,0,0,0,0
Scott,CAUTHRON/OLIVER,State Representative,21,DEM,Stele Wayne James,15,8,7,0,0,0
Scott,CEDAR CREEK,State Representative,21,DEM,Stele Wayne James,13,6,4,0,0,3
Scott,COAL/LAFAYETTE,State Representative,21,DEM,Stele Wayne James,12,9,2,0,1,0
Scott,DENTON,State Representative,21,DEM,Stele Wayne James,34,25,5,3,0,1
Scott,HICKMAN WARD 1,State Representative,21,DEM,Stele Wayne James,66,20,27,0,4,15
Scott,HICKMAN WARD 2,State Representative,21,DEM,Stele Wayne James,65,20,17,17,1,10
Scott,HICKMAN WARD 3,State Representative,21,DEM,Stele Wayne James,71,20,28,8,3,12
Scott,HICKMAN RURAL EAST,State Representative,21,DEM,Stele Wayne James,52,17,24,6,1,4
Scott,HICKMAN RURAL WEST,State Representative,21,DEM,Stele Wayne James,38,9,18,4,0,7
Scott,HON,State Representative,21,DEM,Stele Wayne James,21,12,4,3,1,1
Scott,JAMES,State Representative,21,DEM,Stele Wayne James,17,4,1,11,0,1
Scott,JONES/LITTLE TEXAS,State Representative,21,DEM,Stele Wayne James,7,6,1,0,0,0
Scott,KEENER,State Representative,21,DEM,Stele Wayne James,13,2,3,6,0,2
Scott,LAMB,State Representative,21,DEM,Stele Wayne James,33,22,8,1,0,2
Scott,LAFAVE,State Representative,21,DEM,Stele Wayne James,5,0,0,5,0,0
Scott,MILL CREEK,State Representative,21,DEM,Stele Wayne James,16,13,2,0,0,1
Scott,MOUNTAIN,State Representative,21,DEM,Stele Wayne James,28,8,8,6,0,6
Scott,MOUNT PLEASANT,State Representative,21,DEM,Stele Wayne James,31,13,9,4,0,5
Scott,PARKS,State Representative,21,DEM,Stele Wayne James,23,16,5,0,0,2
Scott,BLACKFORK,State Representative,21,REP,Representative Marcus E. Richmond,18,14,0,3,1,0
Scott,BLANSETT,State Representative,21,REP,Representative Marcus E. Richmond,40,31,7,1,0,1
Scott,BRAWLEY,State Representative,21,REP,Representative Marcus E. Richmond,25,15,9,1,0,0
Scott,CAUTHRON/OLIVER,State Representative,21,REP,Representative Marcus E. Richmond,22,15,4,2,1,0
Scott,CEDAR CREEK,State Representative,21,REP,Representative Marcus E. Richmond,24,12,6,0,3,3
Scott,COAL/LAFAYETTE,State Representative,21,REP,Representative Marcus E. Richmond,64,52,5,4,1,2
Scott,DENTON,State Representative,21,REP,Representative Marcus E. Richmond,83,48,16,11,3,5
Scott,HICKMAN WARD 1,State Representative,21,REP,Representative Marcus E. Richmond,200,60,74,23,9,34
Scott,HICKMAN WARD 2,State Representative,21,REP,Representative Marcus E. Richmond,172,52,54,39,6,21
Scott,HICKMAN WARD 3,State Representative,21,REP,Representative Marcus E. Richmond,179,49,58,31,2,39
Scott,HICKMAN RURAL EAST,State Representative,21,REP,Representative Marcus E. Richmond,197,56,76,39,4,22
Scott,HICKMAN RURAL WEST,State Representative,21,REP,Representative Marcus E. Richmond,122,26,57,17,2,20
Scott,HON,State Representative,21,REP,Representative Marcus E. Richmond,80,45,11,17,5,2
Scott,JAMES,State Representative,21,REP,Representative Marcus E. Richmond,38,7,6,21,2,2
Scott,JONES/LITTLE TEXAS,State Representative,21,REP,Representative Marcus E. Richmond,35,32,2,0,0,1
Scott,KEENER,State Representative,21,REP,Representative Marcus E. Richmond,26,17,3,4,2,0
Scott,LAMB,State Representative,21,REP,Representative Marcus E. Richmond,94,69,17,3,1,4
Scott,LAFAVE,State Representative,21,REP,Representative Marcus E. Richmond,31,6,5,17,0,3
Scott,MILL CREEK,State Representative,21,REP,Representative Marcus E. Richmond,91,57,27,0,1,6
Scott,MOUNTAIN,State Representative,21,REP,Representative Marcus E. Richmond,71,34,14,17,1,5
Scott,MOUNT PLEASANT,State Representative,21,REP,Representative Marcus E. Richmond,106,61,27,12,0,6
Scott,PARKS,State Representative,21,REP,Representative Marcus E. Richmond,39,30,4,1,3,1
Scott,BLACKFORK,State Supreme Court Associate Justice Position 3,,NON,State Supreme Court Justice Courtney Goodson,2,1,0,1,0,0
Scott,BLANSETT,State Supreme Court Associate Justice Position 3,,NON,State Supreme Court Justice Courtney Goodson,14,8,4,1,0,1
Scott,BRAWLEY,State Supreme Court Associate Justice Position 3,,NON,State Supreme Court Justice Courtney Goodson,11,9,2,0,0,0
Scott,CAUTHRON/OLIVER,State Supreme Court Associate Justice Position 3,,NON,State Supreme Court Justice Courtney Goodson,21,11,8,1,1,0
Scott,CEDAR CREEK,State Supreme Court Associate Justice Position 3,,NON,State Supreme Court Justice Courtney Goodson,17,6,5,0,0,6
Scott,COAL/LAFAYETTE,State Supreme Court Associate Justice Position 3,,NON,State Supreme Court Justice Courtney Goodson,18,16,1,0,1,0
Scott,DENTON,State Supreme Court Associate Justice Position 3,,NON,State Supreme Court Justice Courtney Goodson,51,28,11,8,2,2
Scott,HICKMAN WARD 1,State Supreme Court Associate Justice Position 3,,NON,State Supreme Court Justice Courtney Goodson,112,34,48,5,8,17
Scott,HICKMAN WARD 2,State Supreme Court Associate Justice Position 3,,NON,State Supreme Court Justice Courtney Goodson,131,47,41,25,3,15
Scott,HICKMAN WARD 3,State Supreme Court Associate Justice Position 3,,NON,State Supreme Court Justice Courtney Goodson,115,35,43,11,1,25
Scott,HICKMAN RURAL EAST,State Supreme Court Associate Justice Position 3,,NON,State Supreme Court Justice Courtney Goodson,115,38,44,18,3,12
Scott,HICKMAN RURAL WEST,State Supreme Court Associate Justice Position 3,,NON,State Supreme Court Justice Courtney Goodson,70,16,32,9,1,12
Scott,HON,State Supreme Court Associate Justice Position 3,,NON,State Supreme Court Justice Courtney Goodson,35,19,6,7,2,1
Scott,HUNT,State Supreme Court Associate Justice Position 3,,NON,State Supreme Court Justice Courtney Goodson,27,6,4,16,1,0
Scott,JAMES,State Supreme Court Associate Justice Position 3,,NON,State Supreme Court Justice Courtney Goodson,18,3,2,11,0,2
Scott,JONES/LITTLE TEXAS,State Supreme Court Associate Justice Position 3,,NON,State Supreme Court Justice Courtney Goodson,15,14,1,0,0,0
Scott,KEENER,State Supreme Court Associate Justice Position 3,,NON,State Supreme Court Justice Courtney Goodson,19,6,4,5,2,2
Scott,LAMB,State Supreme Court Associate Justice Position 3,,NON,State Supreme Court Justice Courtney Goodson,58,46,10,1,0,1
Scott,LAFAVE,State Supreme Court Associate Justice Position 3,,NON,State Supreme Court Justice Courtney Goodson,10,2,3,5,0,0
Scott,LEWIS WARD 1,State Supreme Court Associate Justice Position 3,,NON,State Supreme Court Justice Courtney Goodson,86,37,11,29,4,5
Scott,LEWIS WARD 2,State Supreme Court Associate Justice Position 3,,NON,State Supreme Court Justice Courtney Goodson,65,46,10,0,2,7
Scott,MILL CREEK,State Supreme Court Associate Justice Position 3,,NON,State Supreme Court Justice Courtney Goodson,43,28,12,0,0,3
Scott,MOUNTAIN,State Supreme Court Associate Justice Position 3,,NON,State Supreme Court Justice Courtney Goodson,40,16,13,9,0,2
Scott,MOUNT PLEASANT,State Supreme Court Associate Justice Position 3,,NON,State Supreme Court Justice Courtney Goodson,66,39,19,5,0,3
Scott,PARKS,State Supreme Court Associate Justice Position 3,,NON,State Supreme Court Justice Courtney Goodson,23,18,3,0,0,2
Scott,TOMLINSON/TATE,State Supreme Court Associate Justice Position 3,,NON,State Supreme Court Justice Courtney Goodson,37,12,8,6,0,11
Scott,BLACKFORK,State Supreme Court Associate Justice Position 3,,NON,David Sterling,14,12,0,1,1,0
Scott,BLANSETT,State Supreme Court Associate Justice Position 3,,NON,David Sterling,34,28,5,1,0,0
Scott,BRAWLEY,State Supreme Court Associate Justice Position 3,,NON,David Sterling,20,13,6,1,0,0
Scott,CAUTHRON/OLIVER,State Supreme Court Associate Justice Position 3,,NON,David Sterling,13,10,2,1,0,0
Scott,CEDAR CREEK,State Supreme Court Associate Justice Position 3,,NON,David Sterling,17,10,4,0,3,0
Scott,COAL/LAFAYETTE,State Supreme Court Associate Justice Position 3,,NON,David Sterling,54,43,6,2,1,2
Scott,DENTON,State Supreme Court Associate Justice Position 3,,NON,David Sterling,60,43,7,6,0,4
Scott,HICKMAN WARD 1,State Supreme Court Associate Justice Position 3,,NON,David Sterling,137,41,49,18,4,25
Scott,HICKMAN WARD 2,State Supreme Court Associate Justice Position 3,,NON,David Sterling,96,25,27,30,2,12
Scott,HICKMAN WARD 3,State Supreme Court Associate Justice Position 3,,NON,David Sterling,121,27,39,29,3,23
Scott,HICKMAN RURAL EAST,State Supreme Court Associate Justice Position 3,,NON,David Sterling,112,30,45,24,1,12
Scott,HICKMAN RURAL WEST,State Supreme Court Associate Justice Position 3,,NON,David Sterling,74,18,34,9,1,12
Scott,HON,State Supreme Court Associate Justice Position 3,,NON,David Sterling,60,35,7,13,3,2
Scott,HUNT,State Supreme Court Associate Justice Position 3,,NON,David Sterling,32,16,2,11,0,3
Scott,JAMES,State Supreme Court Associate Justice Position 3,,NON,David Sterling,34,8,4,19,2,1
Scott,JONES/LITTLE TEXAS,State Supreme Court Associate Justice Position 3,,NON,David Sterling,25,22,2,0,0,1
Scott,KEENER,State Supreme Court Associate Justice Position 3,,NON,David Sterling,19,11,2,5,0,1
Scott,LAMB,State Supreme Court Associate Justice Position 3,,NON,David Sterling,58,38,12,2,1,5
Scott,LAFAVE,State Supreme Court Associate Justice Position 3,,NON,David Sterling,20,4,1,13,0,2
Scott,LEWIS WARD 1,State Supreme Court Associate Justice Position 3,,NON,David Sterling,111,63,11,27,0,10
Scott,LEWIS WARD 2,State Supreme Court Associate Justice Position 3,,NON,David Sterling,59,52,5,2,0,0
Scott,MILL CREEK,State Supreme Court Associate Justice Position 3,,NON,David Sterling,50,34,14,0,0,2
Scott,MOUNTAIN,State Supreme Court Associate Justice Position 3,,NON,David Sterling,49,22,8,11,1,7
Scott,MOUNT PLEASANT,State Supreme Court Associate Justice Position 3,,NON,David Sterling,66,34,16,9,0,7
Scott,PARKS,State Supreme Court Associate Justice Position 3,,NON,David Sterling,27,20,3,1,2,1
Scott,TOMLINSON/TATE,State Supreme Court Associate Justice Position 3,,NON,David Sterling,64,28,11,20,0,5
Scott,BLACKFORK,Scott Co. Cir. Clerk,,IND,Barbara Whiteley,15,12,0,2,1,0
Scott,BLANSETT,Scott Co. Cir. Clerk,,IND,Barbara Whiteley,49,37,9,2,0,1
Scott,BRAWLEY,Scott Co. Cir. Clerk,,IND,Barbara Whiteley,29,21,7,1,0,0
Scott,CAUTHRON/OLIVER,Scott Co. Cir. Clerk,,IND,Barbara Whiteley,35,21,11,2,1,0
Scott,CEDAR CREEK,Scott Co. Cir. Clerk,,IND,Barbara Whiteley,33,17,8,0,3,5
Scott,COAL/LAFAYETTE,Scott Co. Cir. Clerk,,IND,Barbara Whiteley,65,54,6,1,2,2
Scott,DENTON,Scott Co. Cir. Clerk,,IND,Barbara Whiteley,102,64,18,12,2,6
Scott,HICKMAN WARD 1,Scott Co. Cir. Clerk,,IND,Barbara Whiteley,246,77,95,22,11,41
Scott,HICKMAN WARD 2,Scott Co. Cir. Clerk,,IND,Barbara Whiteley,222,70,70,49,6,27
Scott,HICKMAN WARD 3,Scott Co. Cir. Clerk,,IND,Barbara Whiteley,239,65,85,37,4,48
Scott,HICKMAN RURAL EAST,Scott Co. Cir. Clerk,,IND,Barbara Whiteley,225,67,90,42,3,23
Scott,HICKMAN RURAL WEST,Scott Co. Cir. Clerk,,IND,Barbara Whiteley,150,34,71,18,2,25
Scott,HON,Scott Co. Cir. Clerk,,IND,Barbara Whiteley,95,53,15,19,5,3
Scott,HUNT,Scott Co. Cir. Clerk,,IND,Barbara Whiteley,56,17,7,26,3,3
Scott,JAMES,Scott Co. Cir. Clerk,,IND,Barbara Whiteley,49,10,7,27,2,3
Scott,JONES/LITTLE TEXAS,Scott Co. Cir. Clerk,,IND,Barbara Whiteley,38,34,3,0,0,1
Scott,KEENER,Scott Co. Cir. Clerk,,IND,Barbara Whiteley,34,17,6,7,2,2
Scott,LAMB,Scott Co. Cir. Clerk,,IND,Barbara Whiteley,120,84,25,4,1,6
Scott,LAFAVE,Scott Co. Cir. Clerk,,IND,Barbara Whiteley,33,4,5,21,0,3
Scott,LEWIS WARD 1,Scott Co. Cir. Clerk,,IND,Barbara Whiteley,190,92,21,59,4,14
Scott,LEWIS WARD 2,Scott Co. Cir. Clerk,,IND,Barbara Whiteley,124,99,15,2,2,6
Scott,MILL CREEK,Scott Co. Cir. Clerk,,IND,Barbara Whiteley,97,61,29,0,1,6
Scott,MOUNTAIN,Scott Co. Cir. Clerk,,IND,Barbara Whiteley,90,38,22,21,1,8
Scott,MOUNT PLEASANT,Scott Co. Cir. Clerk,,IND,Barbara Whiteley,127,72,33,15,0,7
Scott,PARKS,Scott Co. Cir. Clerk,,IND,Barbara Whiteley,56,42,8,1,2,3
Scott,TOMLINSON/TATE,Scott Co. Cir. Clerk,,IND,Barbara Whiteley,90,34,18,22,1,15
Scott,BLACKFORK,Scott Co. Assessor,,DEM,Terri Churchill,1,1,0,0,0,0
Scott,BLANSETT,Scott Co. Assessor,,DEM,Terri Churchill,27,23,3,0,0,1
Scott,BRAWLEY,Scott Co. Assessor,,DEM,Terri Churchill,12,11,1,0,0,0
Scott,CAUTHRON/OLIVER,Scott Co. Assessor,,DEM,Terri Churchill,24,14,8,1,1,0
Scott,CEDAR CREEK,Scott Co. Assessor,,DEM,Terri Churchill,12,5,3,0,1,3
Scott,COAL/LAFAYETTE,Scott Co. Assessor,,DEM,Terri Churchill,28,23,5,0,0,0
Scott,DENTON,Scott Co. Assessor,,DEM,Terri Churchill,53,32,10,6,0,5
Scott,HICKMAN WARD 1,Scott Co. Assessor,,DEM,Terri Churchill,162,46,64,19,8,25
Scott,HICKMAN WARD 2,Scott Co. Assessor,,DEM,Terri Churchill,117,37,41,23,2,14
Scott,HICKMAN WARD 3,Scott Co. Assessor,,DEM,Terri Churchill,153,35,55,25,3,35
Scott,HICKMAN RURAL EAST,Scott Co. Assessor,,DEM,Terri Churchill,112,33,43,23,1,12
Scott,HICKMAN RURAL WEST,Scott Co. Assessor,,DEM,Terri Churchill,81,17,36,11,2,15
Scott,HON,Scott Co. Assessor,,DEM,Terri Churchill,57,34,7,11,3,2
Scott,HUNT,Scott Co. Assessor,,DEM,Terri Churchill,39,15,2,19,2,1
Scott,JAMES,Scott Co. Assessor,,DEM,Terri Churchill,29,6,3,18,0,2
Scott,JONES/LITTLE TEXAS,Scott Co. Assessor,,DEM,Terri Churchill,31,29,1,0,0,1
Scott,KEENER,Scott Co. Assessor,,DEM,Terri Churchill,17,4,2,8,2,1
Scott,LAMB,Scott Co. Assessor,,DEM,Terri Churchill,60,44,12,2,0,2
Scott,LAFAVE,Scott Co. Assessor,,DEM,Terri Churchill,10,3,0,7,0,0
Scott,LEWIS WARD 1,Scott Co. Assessor,,DEM,Terri Churchill,97,43,17,29,3,5
Scott,LEWIS WARD 2,Scott Co. Assessor,,DEM,Terri Churchill,63,50,8,0,1,4
Scott,MILL CREEK,Scott Co. Assessor,,DEM,Terri Churchill,54,38,13,0,0,3
Scott,MOUNTAIN,Scott Co. Assessor,,DEM,Terri Churchill,53,20,10,16,0,7
Scott,MOUNT PLEASANT,Scott Co. Assessor,,DEM,Terri Churchill,72,41,16,8,0,7
Scott,PARKS,Scott Co. Assessor,,DEM,Terri Churchill,29,24,4,0,0,1
Scott,TOMLINSON/TATE,Scott Co. Assessor,,DEM,Terri Churchill,69,29,13,17,0,10
Scott,BLACKFORK,Scott Co. Assessor,,IND,Kim Lane,13,12,0,1,0,0
Scott,BLANSETT,Scott Co. Assessor,,IND,Kim Lane,10,7,3,0,0,0
Scott,BRAWLEY,Scott Co. Assessor,,IND,Kim Lane,15,8,6,1,0,0
Scott,CAUTHRON/OLIVER,Scott Co. Assessor,,IND,Kim Lane,2,2,0,0,0,0
Scott,CEDAR CREEK,Scott Co. Assessor,,IND,Kim Lane,14,7,3,0,2,2
Scott,COAL/LAFAYETTE,Scott Co. Assessor,,IND,Kim Lane,22,18,1,2,1,0
Scott,DENTON,Scott Co. Assessor,,IND,Kim Lane,22,12,5,5,0,0
Scott,HICKMAN WARD 1,Scott Co. Assessor,,IND,Kim Lane,46,14,16,2,2,12
Scott,HICKMAN WARD 2,Scott Co. Assessor,,IND,Kim Lane,57,16,12,14,5,10
Scott,HICKMAN WARD 3,Scott Co. Assessor,,IND,Kim Lane,40,12,14,5,1,8
Scott,HICKMAN RURAL EAST,Scott Co. Assessor,,IND,Kim Lane,55,13,21,12,2,7
Scott,HICKMAN RURAL WEST,Scott Co. Assessor,,IND,Kim Lane,33,6,17,3,0,7
Scott,HON,Scott Co. Assessor,,IND,Kim Lane,17,11,2,3,1,0
Scott,HUNT,Scott Co. Assessor,,IND,Kim Lane,12,2,2,6,0,2
Scott,JAMES,Scott Co. Assessor,,IND,Kim Lane,10,1,4,2,2,1
Scott,JONES/LITTLE TEXAS,Scott Co. Assessor,,IND,Kim Lane,6,6,0,0,0,0
Scott,KEENER,Scott Co. Assessor,,IND,Kim Lane,12,8,2,1,0,1
Scott,LAMB,Scott Co. Assessor,,IND,Kim Lane,18,13,4,1,0,0
Scott,LAFAVE,Scott Co. Assessor,,IND,Kim Lane,8,0,2,3,0,3
Scott,LEWIS WARD 1,Scott Co. Assessor,,IND,Kim Lane,41,21,3,9,1,7
Scott,LEWIS WARD 2,Scott Co. Assessor,,IND,Kim Lane,31,27,2,0,0,2
Scott,MILL CREEK,Scott Co. Assessor,,IND,Kim Lane,22,12,8,0,0,2
Scott,MOUNTAIN,Scott Co. Assessor,,IND,Kim Lane,25,12,6,4,1,2
Scott,MOUNT PLEASANT,Scott Co. Assessor,,IND,Kim Lane,23,13,6,3,0,1
Scott,PARKS,Scott Co. Assessor,,IND,Kim Lane,17,12,2,0,2,1
Scott,TOMLINSON/TATE,Scott Co. Assessor,,IND,Kim Lane,18,8,3,6,0,1
Scott,BLACKFORK,Scott Co. Assessor,,IND,Jeanetta (Elmore) Byford,2,1,0,1,0,0
Scott,BLANSETT,Scott Co. Assessor,,IND,Jeanetta (Elmore) Byford,14,10,3,1,0,0
Scott,BRAWLEY,Scott Co. Assessor,,IND,Jeanetta (Elmore) Byford,5,3,2,0,0,0
Scott,CAUTHRON/OLIVER,Scott Co. Assessor,,IND,Jeanetta (Elmore) Byford,11,7,3,1,0,0
Scott,CEDAR CREEK,Scott Co. Assessor,,IND,Jeanetta (Elmore) Byford,11,6,4,0,0,1
Scott,COAL/LAFAYETTE,Scott Co. Assessor,,IND,Jeanetta (Elmore) Byford,23,18,1,1,1,2
Scott,DENTON,Scott Co. Assessor,,IND,Jeanetta (Elmore) Byford,42,28,6,4,3,1
Scott,HICKMAN WARD 1,Scott Co. Assessor,,IND,Jeanetta (Elmore) Byford,57,19,21,3,3,11
Scott,HICKMAN WARD 2,Scott Co. Assessor,,IND,Jeanetta (Elmore) Byford,61,19,18,17,0,7
Scott,HICKMAN WARD 3,Scott Co. Assessor,,IND,Jeanetta (Elmore) Byford,55,21,15,10,0,9
Scott,HICKMAN RURAL EAST,Scott Co. Assessor,,IND,Jeanetta (Elmore) Byford,78,27,32,10,2,7
Scott,HICKMAN RURAL WEST,Scott Co. Assessor,,IND,Jeanetta (Elmore) Byford,44,12,20,7,0,5
Scott,HON,Scott Co. Assessor,,IND,Jeanetta (Elmore) Byford,25,11,6,6,1,1
Scott,HUNT,Scott Co. Assessor,,IND,Jeanetta (Elmore) Byford,19,8,2,9,0,0
Scott,JAMES,Scott Co. Assessor,,IND,Jeanetta (Elmore) Byford,14,4,0,10,0,0
Scott,JONES/LITTLE TEXAS,Scott Co. Assessor,,IND,Jeanetta (Elmore) Byford,6,4,2,0,0,0
Scott,KEENER,Scott Co. Assessor,,IND,Jeanetta (Elmore) Byford,10,6,2,1,0,1
Scott,LAMB,Scott Co. Assessor,,IND,Jeanetta (Elmore) Byford,48,32,10,1,1,4
Scott,LAFAVE,Scott Co. Assessor,,IND,Jeanetta (Elmore) Byford,16,3,3,10,0,0
Scott,LEWIS WARD 1,Scott Co. Assessor,,IND,Jeanetta (Elmore) Byford,60,33,2,22,0,3
Scott,LEWIS WARD 2,Scott Co. Assessor,,IND,Jeanetta (Elmore) Byford,34,24,6,2,1,1
Scott,MILL CREEK,Scott Co. Assessor,,IND,Jeanetta (Elmore) Byford,26,17,6,0,1,2
Scott,MOUNTAIN,Scott Co. Assessor,,IND,Jeanetta (Elmore) Byford,18,8,6,2,0,2
Scott,MOUNT PLEASANT,Scott Co. Assessor,,IND,Jeanetta (Elmore) Byford,41,20,13,5,0,3
Scott,PARKS,Scott Co. Assessor,,IND,Jeanetta (Elmore) Byford,16,10,3,1,1,1
Scott,TOMLINSON/TATE,Scott Co. Assessor,,IND,Jeanetta (Elmore) Byford,24,5,3,8,0,8
Scott,BLACKFORK,Scott Co. Sheriff & Coll.,,IND,Tom Garrison,1,1,0,0,0,0
Scott,BLANSETT,Scott Co. Sheriff & Coll.,,IND,Tom Garrison,3,1,2,0,0,0
Scott,BRAWLEY,Scott Co. Sheriff & Coll.,,IND,Tom Garrison,2,1,1,0,0,0
Scott,CAUTHRON/OLIVER,Scott Co. Sheriff & Coll.,,IND,Tom Garrison,0,0,0,0,0,0
Scott,CEDAR CREEK,Scott Co. Sheriff & Coll.,,IND,Tom Garrison,9,3,3,0,1,2
Scott,COAL/LAFAYETTE,Scott Co. Sheriff & Coll.,,IND,Tom Garrison,5,4,1,0,0,0
Scott,DENTON,Scott Co. Sheriff & Coll.,,IND,Tom Garrison,8,4,1,2,0,1
Scott,HICKMAN WARD 1,Scott Co. Sheriff & Coll.,,IND,Tom Garrison,24,3,2,3,3,13
Scott,HICKMAN WARD 2,Scott Co. Sheriff & Coll.,,IND,Tom Garrison,13,3,2,7,0,1
Scott,HICKMAN WARD 3,Scott Co. Sheriff & Coll.,,IND,Tom Garrison,32,13,7,6,0,6
Scott,HICKMAN RURAL EAST,Scott Co. Sheriff & Coll.,,IND,Tom Garrison,19,4,12,2,0,1
Scott,HICKMAN RURAL WEST,Scott Co. Sheriff & Coll.,,IND,Tom Garrison,10,1,3,3,0,3
Scott,HON,Scott Co. Sheriff & Coll.,,IND,Tom Garrison,8,5,1,0,1,1
Scott,HUNT,Scott Co. Sheriff & Coll.,,IND,Tom Garrison,14,4,0,10,0,0
Scott,JAMES,Scott Co. Sheriff & Coll.,,IND,Tom Garrison,23,6,1,14,2,0
Scott,JONES/LITTLE TEXAS,Scott Co. Sheriff & Coll.,,IND,Tom Garrison,4,4,0,0,0,0
Scott,KEENER,Scott Co. Sheriff & Coll.,,IND,Tom Garrison,7,1,3,3,0,0
Scott,LAMB,Scott Co. Sheriff & Coll.,,IND,Tom Garrison,15,8,3,0,0,4
Scott,LAFAVE,Scott Co. Sheriff & Coll.,,IND,Tom Garrison,5,2,0,2,0,1
Scott,LEWIS WARD 1,Scott Co. Sheriff & Coll.,,IND,Tom Garrison,38,17,7,9,0,5
Scott,LEWIS WARD 2,Scott Co. Sheriff & Coll.,,IND,Tom Garrison,28,22,5,0,1,0
Scott,MILL CREEK,Scott Co. Sheriff & Coll.,,IND,Tom Garrison,8,4,2,0,0,2
Scott,MOUNTAIN,Scott Co. Sheriff & Coll.,,IND,Tom Garrison,13,3,4,2,0,4
Scott,MOUNT PLEASANT,Scott Co. Sheriff & Coll.,,IND,Tom Garrison,21,12,6,1,0,2
Scott,PARKS,Scott Co. Sheriff & Coll.,,IND,Tom Garrison,10,8,1,0,0,1
Scott,TOMLINSON/TATE,Scott Co. Sheriff & Coll.,,IND,Tom Garrison,13,7,3,0,0,3
Scott,BLACKFORK,Scott Co. Sheriff & Coll.,,IND,Randy Shores,5,5,0,0,0,0
Scott,BLANSETT,Scott Co. Sheriff & Coll.,,IND,Randy Shores,22,20,2,0,0,0
Scott,BRAWLEY,Scott Co. Sheriff & Coll.,,IND,Randy Shores,9,6,2,1,0,0
Scott,CAUTHRON/OLIVER,Scott Co. Sheriff & Coll.,,IND,Randy Shores,22,10,10,1,1,0
Scott,CEDAR CREEK,Scott Co. Sheriff & Coll.,,IND,Randy Shores,19,11,5,0,0,3
Scott,COAL/LAFAYETTE,Scott Co. Sheriff & Coll.,,IND,Randy Shores,39,31,4,0,2,2
Scott,DENTON,Scott Co. Sheriff & Coll.,,IND,Randy Shores,54,33,12,6,0,3
Scott,HICKMAN WARD 1,Scott Co. Sheriff & Coll.,,IND,Randy Shores,146,42,62,9,8,25
Scott,HICKMAN WARD 2,Scott Co. Sheriff & Coll.,,IND,Randy Shores,139,48,38,31,6,16
Scott,HICKMAN WARD 3,Scott Co. Sheriff & Coll.,,IND,Randy Shores,141,37,53,21,3,27
Scott,HICKMAN RURAL EAST,Scott Co. Sheriff & Coll.,,IND,Randy Shores,151,44,58,31,4,14
Scott,HICKMAN RURAL WEST,Scott Co. Sheriff & Coll.,,IND,Randy Shores,80,20,38,9,2,11
Scott,HON,Scott Co. Sheriff & Coll.,,IND,Randy Shores,57,33,8,11,4,1
Scott,HUNT,Scott Co. Sheriff & Coll.,,IND,Randy Shores,43,15,4,20,3,1
Scott,JAMES,Scott Co. Sheriff & Coll.,,IND,Randy Shores,18,3,5,8,0,2
Scott,JONES/LITTLE TEXAS,Scott Co. Sheriff & Coll.,,IND,Randy Shores,15,15,0,0,0,0
Scott,KEENER,Scott Co. Sheriff & Coll.,,IND,Randy Shores,21,11,2,5,0,3
Scott,LAMB,Scott Co. Sheriff & Coll.,,IND,Randy Shores,81,59,20,1,0,1
Scott,LAFAVE,Scott Co. Sheriff & Coll.,,IND,Randy Shores,18,4,3,11,0,0
Scott,LEWIS WARD 1,Scott Co. Sheriff & Coll.,,IND,Randy Shores,81,35,12,26,1,7
Scott,LEWIS WARD 2,Scott Co. Sheriff & Coll.,,IND,Randy Shores,54,44,5,1,0,4
Scott,MILL CREEK,Scott Co. Sheriff & Coll.,,IND,Randy Shores,60,38,18,0,1,3
Scott,MOUNTAIN,Scott Co. Sheriff & Coll.,,IND,Randy Shores,65,27,14,18,1,5
Scott,MOUNT PLEASANT,Scott Co. Sheriff & Coll.,,IND,Randy Shores,74,44,18,10,0,2
Scott,PARKS,Scott Co. Sheriff & Coll.,,IND,Randy Shores,33,23,5,1,2,2
Scott,TOMLINSON/TATE,Scott Co. Sheriff & Coll.,,IND,Randy Shores,63,23,11,18,1,10
Scott,BLACKFORK,Scott Co. Sheriff & Coll.,,REP,Gary Clepper,11,8,0,3,0,0
Scott,BLANSETT,Scott Co. Sheriff & Coll.,,REP,Gary Clepper,29,21,5,2,0,1
Scott,BRAWLEY,Scott Co. Sheriff & Coll.,,REP,Gary Clepper,21,15,6,0,0,0
Scott,CAUTHRON/OLIVER,Scott Co. Sheriff & Coll.,,REP,Gary Clepper,15,13,1,1,0,0
Scott,CEDAR CREEK,Scott Co. Sheriff & Coll.,,REP,Gary Clepper,8,4,2,0,2,0
Scott,COAL/LAFAYETTE,Scott Co. Sheriff & Coll.,,REP,Gary Clepper,33,27,2,4,0,0
Scott,DENTON,Scott Co. Sheriff & Coll.,,REP,Gary Clepper,56,37,8,6,3,2
Scott,HICKMAN WARD 1,Scott Co. Sheriff & Coll.,,REP,Gary Clepper,97,36,37,12,2,10
Scott,HICKMAN WARD 2,Scott Co. Sheriff & Coll.,,REP,Gary Clepper,85,21,31,18,1,14
Scott,HICKMAN WARD 3,Scott Co. Sheriff & Coll.,,REP,Gary Clepper,80,19,27,13,2,19
Scott,HICKMAN RURAL EAST,Scott Co. Sheriff & Coll.,,REP,Gary Clepper,78,25,29,12,1,11
Scott,HICKMAN RURAL WEST,Scott Co. Sheriff & Coll.,,REP,Gary Clepper,67,14,32,9,0,12
Scott,HON,Scott Co. Sheriff & Coll.,,REP,Gary Clepper,36,19,6,9,1,1
Scott,HUNT,Scott Co. Sheriff & Coll.,,REP,Gary Clepper,14,5,3,3,1,2
Scott,JAMES,Scott Co. Sheriff & Coll.,,REP,Gary Clepper,15,2,1,11,0,1
Scott,JONES/LITTLE TEXAS,Scott Co. Sheriff & Coll.,,REP,Gary Clepper,25,21,3,0,0,1
Scott,KEENER,Scott Co. Sheriff & Coll.,,REP,Gary Clepper,11,6,1,2,2,0
Scott,LAMB,Scott Co. Sheriff & Coll.,,REP,Gary Clepper,31,24,3,3,0,1
Scott,LAFAVE,Scott Co. Sheriff & Coll.,,REP,Gary Clepper,13,0,2,9,0,2
Scott,LEWIS WARD 1,Scott Co. Sheriff & Coll.,,REP,Gary Clepper,89,50,3,30,3,3
Scott,LEWIS WARD 2,Scott Co. Sheriff & Coll.,,REP,Gary Clepper,52,42,5,0,1,4
Scott,MILL CREEK,Scott Co. Sheriff & Coll.,,REP,Gary Clepper,37,26,9,0,0,2
Scott,MOUNTAIN,Scott Co. Sheriff & Coll.,,REP,Gary Clepper,22,12,5,3,0,2
Scott,MOUNT PLEASANT,Scott Co. Sheriff & Coll.,,REP,Gary Clepper,42,19,12,4,0,7
Scott,PARKS,Scott Co. Sheriff & Coll.,,REP,Gary Clepper,20,16,3,0,1,0
Scott,TOMLINSON/TATE,Scott Co. Sheriff & Coll.,,REP,Gary Clepper,37,11,7,13,0,6
Scott,HICKMAN WARD 1,JP 7,,DEM,Anthony Dedmon,18,4,11,0,3,0
Scott,HICKMAN WARD 2,JP 7,,DEM,Anthony Dedmon,11,0,1,7,0,3
Scott,HICKMAN WARD 3,JP 7,,DEM,Anthony Dedmon,36,7,11,9,2,7
Scott,HICKMAN RURAL EAST,JP 7,,DEM,Anthony Dedmon,46,45,1,0,0,0
Scott,HICKMAN RURAL WEST,JP 7,,DEM,Anthony Dedmon,3,0,2,1,0,0
Scott,LAMB,JP 7,,DEM,Anthony Dedmon,0,0,0,0,0,0
Scott,HICKMAN WARD 1,JP 7,,REP,John E. Luttrell,47,21,15,2,0,9
Scott,HICKMAN WARD 2,JP 7,,REP,John E. Luttrell,40,7,8,14,4,7
Scott,HICKMAN WARD 3,JP 7,,REP,John E. Luttrell,103,36,32,11,1,23
Scott,HICKMAN RURAL EAST,JP 7,,REP,John E. Luttrell,42,35,7,0,0,0
Scott,HICKMAN RURAL WEST,JP 7,,REP,John E. Luttrell,6,4,1,1,0,0
Scott,LAMB,JP 7,,REP,John E. Luttrell,0,0,0,0,0,0
Scott,LAMB,Con. Lamb Twp.,,DEM,Ricky Powell,74,58,10,3,0,3
Scott,LAMB,Con. Lamb Twp.,,REP,Tim Starr,54,33,16,1,1,3
Scott,HICKMAN WARD 1,Waldron Mayor,,IND,Lanis Harwell,120,32,43,16,7,22
Scott,HICKMAN WARD 2,Waldron Mayor,,IND,Lanis Harwell,106,34,26,27,4,15
Scott,HICKMAN WARD 3,Waldron Mayor,,IND,Lanis Harwell,98,23,34,24,2,15
Scott,HICKMAN WARD 1,Waldron Mayor,,IND,David Millard,144,48,57,8,6,25
Scott,HICKMAN WARD 2,Waldron Mayor,,IND,David Millard,129,37,44,29,3,16
Scott,HICKMAN WARD 3,Waldron Mayor,,IND,David Millard,150,44,52,15,3,36
Scott,HICKMAN WARD 3,Waldron W 3 Pos. 2 Alderman,,IND,Doyle Wayne Dickens,101,24,35,21,1,20
Scott,HICKMAN WARD 3,Waldron W 3 Pos. 2 Alderman,,IND,Paige Cupit,137,42,46,17,4,28
Scott,LEWIS WARD 2,Mansfield Mayor,,IND,"WT ""Buddy"" Black",35,30,4,0,0,1
Scott,LEWIS WARD 2,Mansfield Mayor,,IND,Boyd Farmer,40,31,6,2,1,0
Scott,LEWIS WARD 2,Mansfield W1 Pos 1 Alderman,,IND,Julie Thomas,53,43,7,1,1,1
Scott,LEWIS WARD 2,Mansfield W1 Pos 1 Alderman,,IND,Charles Smith,19,15,3,1,0,0
Scott,BLACKFORK,Issue No. 2: A Constitutional Amendment Adding as a Qualification to Vote that a Voter Present Certain Valid Photographic Identification When Casting a Ballot In Person or Casting and Absentee Ballot,,NON,FOR,17,14,0,2,1,0
Scott,BLANSETT,Issue No. 2: A Constitutional Amendment Adding as a Qualification to Vote that a Voter Present Certain Valid Photographic Identification When Casting a Ballot In Person or Casting and Absentee Ballot,,NON,FOR,41,32,7,1,0,1
Scott,BRAWLEY,Issue No. 2: A Constitutional Amendment Adding as a Qualification to Vote that a Voter Present Certain Valid Photographic Identification When Casting a Ballot In Person or Casting and Absentee Ballot,,NON,FOR,26,16,9,1,0,0
Scott,CAUTHRON/OLIVER,Issue No. 2: A Constitutional Amendment Adding as a Qualification to Vote that a Voter Present Certain Valid Photographic Identification When Casting a Ballot In Person or Casting and Absentee Ballot,,NON,FOR,27,19,6,1,1,0
Scott,CEDAR CREEK,Issue No. 2: A Constitutional Amendment Adding as a Qualification to Vote that a Voter Present Certain Valid Photographic Identification When Casting a Ballot In Person or Casting and Absentee Ballot,,NON,FOR,26,16,5,0,2,3
Scott,COAL/LAFAYETTE,Issue No. 2: A Constitutional Amendment Adding as a Qualification to Vote that a Voter Present Certain Valid Photographic Identification When Casting a Ballot In Person or Casting and Absentee Ballot,,NON,FOR,60,49,4,3,2,2
Scott,DENTON,Issue No. 2: A Constitutional Amendment Adding as a Qualification to Vote that a Voter Present Certain Valid Photographic Identification When Casting a Ballot In Person or Casting and Absentee Ballot,,NON,FOR,84,53,15,8,2,6
Scott,HICKMAN WARD 1,Issue No. 2: A Constitutional Amendment Adding as a Qualification to Vote that a Voter Present Certain Valid Photographic Identification When Casting a Ballot In Person or Casting and Absentee Ballot,,NON,FOR,218,66,78,23,11,40
Scott,HICKMAN WARD 2,Issue No. 2: A Constitutional Amendment Adding as a Qualification to Vote that a Voter Present Certain Valid Photographic Identification When Casting a Ballot In Person or Casting and Absentee Ballot,,NON,FOR,205,65,58,52,6,24
Scott,HICKMAN WARD 3,Issue No. 2: A Constitutional Amendment Adding as a Qualification to Vote that a Voter Present Certain Valid Photographic Identification When Casting a Ballot In Person or Casting and Absentee Ballot,,NON,FOR,200,55,71,30,2,42
Scott,HICKMAN RURAL EAST,Issue No. 2: A Constitutional Amendment Adding as a Qualification to Vote that a Voter Present Certain Valid Photographic Identification When Casting a Ballot In Person or Casting and Absentee Ballot,,NON,FOR,196,57,74,37,5,23
Scott,HICKMAN RURAL WEST,Issue No. 2: A Constitutional Amendment Adding as a Qualification to Vote that a Voter Present Certain Valid Photographic Identification When Casting a Ballot In Person or Casting and Absentee Ballot,,NON,FOR,144,32,67,20,2,23
Scott,HON,Issue No. 2: A Constitutional Amendment Adding as a Qualification to Vote that a Voter Present Certain Valid Photographic Identification When Casting a Ballot In Person or Casting and Absentee Ballot,,NON,FOR,83,47,10,18,6,2
Scott,HUNT,Issue No. 2: A Constitutional Amendment Adding as a Qualification to Vote that a Voter Present Certain Valid Photographic Identification When Casting a Ballot In Person or Casting and Absentee Ballot,,NON,FOR,60,20,6,26,5,3
Scott,JAMES,Issue No. 2: A Constitutional Amendment Adding as a Qualification to Vote that a Voter Present Certain Valid Photographic Identification When Casting a Ballot In Person or Casting and Absentee Ballot,,NON,FOR,44,9,7,25,2,1
Scott,JONES/LITTLE TEXAS,Issue No. 2: A Constitutional Amendment Adding as a Qualification to Vote that a Voter Present Certain Valid Photographic Identification When Casting a Ballot In Person or Casting and Absentee Ballot,,NON,FOR,33,30,2,0,0,1
Scott,KEENER,Issue No. 2: A Constitutional Amendment Adding as a Qualification to Vote that a Voter Present Certain Valid Photographic Identification When Casting a Ballot In Person or Casting and Absentee Ballot,,NON,FOR,28,15,5,5,2,1
Scott,LAMB,Issue No. 2: A Constitutional Amendment Adding as a Qualification to Vote that a Voter Present Certain Valid Photographic Identification When Casting a Ballot In Person or Casting and Absentee Ballot,,NON,FOR,98,66,22,4,1,5
Scott,LAFAVE,Issue No. 2: A Constitutional Amendment Adding as a Qualification to Vote that a Voter Present Certain Valid Photographic Identification When Casting a Ballot In Person or Casting and Absentee Ballot,,NON,FOR,33,6,4,20,0,3
Scott,LEWIS WARD 1,Issue No. 2: A Constitutional Amendment Adding as a Qualification to Vote that a Voter Present Certain Valid Photographic Identification When Casting a Ballot In Person or Casting and Absentee Ballot,,NON,FOR,174,88,17,51,4,14
Scott,LEWIS WARD 2,Issue No. 2: A Constitutional Amendment Adding as a Qualification to Vote that a Voter Present Certain Valid Photographic Identification When Casting a Ballot In Person or Casting and Absentee Ballot,,NON,FOR,111,88,14,2,1,6
Scott,MILL CREEK,Issue No. 2: A Constitutional Amendment Adding as a Qualification to Vote that a Voter Present Certain Valid Photographic Identification When Casting a Ballot In Person or Casting and Absentee Ballot,,NON,FOR,85,51,27,0,1,6
Scott,MOUNTAIN,Issue No. 2: A Constitutional Amendment Adding as a Qualification to Vote that a Voter Present Certain Valid Photographic Identification When Casting a Ballot In Person or Casting and Absentee Ballot,,NON,FOR,80,38,16,19,1,6
Scott,MOUNT PLEASANT,Issue No. 2: A Constitutional Amendment Adding as a Qualification to Vote that a Voter Present Certain Valid Photographic Identification When Casting a Ballot In Person or Casting and Absentee Ballot,,NON,FOR,114,66,29,12,0,7
Scott,PARKS,Issue No. 2: A Constitutional Amendment Adding as a Qualification to Vote that a Voter Present Certain Valid Photographic Identification When Casting a Ballot In Person or Casting and Absentee Ballot,,NON,FOR,49,36,7,1,3,2
Scott,TOMLINSON/TATE,Issue No. 2: A Constitutional Amendment Adding as a Qualification to Vote that a Voter Present Certain Valid Photographic Identification When Casting a Ballot In Person or Casting and Absentee Ballot,,NON,FOR,99,39,17,27,1,15
Scott,BLACKFORK,Issue No. 2: A Constitutional Amendment Adding as a Qualification to Vote that a Voter Present Certain Valid Photographic Identification When Casting a Ballot In Person or Casting and Absentee Ballot,,NON,AGAINST,0,0,0,0,0,0
Scott,BLANSETT,Issue No. 2: A Constitutional Amendment Adding as a Qualification to Vote that a Voter Present Certain Valid Photographic Identification When Casting a Ballot In Person or Casting and Absentee Ballot,,NON,AGAINST,10,7,2,1,0,0
Scott,BRAWLEY,Issue No. 2: A Constitutional Amendment Adding as a Qualification to Vote that a Voter Present Certain Valid Photographic Identification When Casting a Ballot In Person or Casting and Absentee Ballot,,NON,AGAINST,6,6,0,0,0,0
Scott,CAUTHRON/OLIVER,Issue No. 2: A Constitutional Amendment Adding as a Qualification to Vote that a Voter Present Certain Valid Photographic Identification When Casting a Ballot In Person or Casting and Absentee Ballot,,NON,AGAINST,11,4,5,1,0,1
Scott,CEDAR CREEK,Issue No. 2: A Constitutional Amendment Adding as a Qualification to Vote that a Voter Present Certain Valid Photographic Identification When Casting a Ballot In Person or Casting and Absentee Ballot,,NON,AGAINST,11,2,5,0,1,3
Scott,COAL/LAFAYETTE,Issue No. 2: A Constitutional Amendment Adding as a Qualification to Vote that a Voter Present Certain Valid Photographic Identification When Casting a Ballot In Person or Casting and Absentee Ballot,,NON,AGAINST,12,10,2,0,0,0
Scott,DENTON,Issue No. 2: A Constitutional Amendment Adding as a Qualification to Vote that a Voter Present Certain Valid Photographic Identification When Casting a Ballot In Person or Casting and Absentee Ballot,,NON,AGAINST,25,17,4,4,0,0
Scott,HICKMAN WARD 1,Issue No. 2: A Constitutional Amendment Adding as a Qualification to Vote that a Voter Present Certain Valid Photographic Identification When Casting a Ballot In Person or Casting and Absentee Ballot,,NON,AGAINST,40,13,18,1,2,6
Scott,HICKMAN WARD 2,Issue No. 2: A Constitutional Amendment Adding as a Qualification to Vote that a Voter Present Certain Valid Photographic Identification When Casting a Ballot In Person or Casting and Absentee Ballot,,NON,AGAINST,25,6,9,4,1,5
Scott,HICKMAN WARD 3,Issue No. 2: A Constitutional Amendment Adding as a Qualification to Vote that a Voter Present Certain Valid Photographic Identification When Casting a Ballot In Person or Casting and Absentee Ballot,,NON,AGAINST,44,14,12,8,2,8
Scott,HICKMAN RURAL EAST,Issue No. 2: A Constitutional Amendment Adding as a Qualification to Vote that a Voter Present Certain Valid Photographic Identification When Casting a Ballot In Person or Casting and Absentee Ballot,,NON,AGAINST,41,11,20,7,0,3
Scott,HICKMAN RURAL WEST,Issue No. 2: A Constitutional Amendment Adding as a Qualification to Vote that a Voter Present Certain Valid Photographic Identification When Casting a Ballot In Person or Casting and Absentee Ballot,,NON,AGAINST,14,0,9,1,0,4
Scott,HON,Issue No. 2: A Constitutional Amendment Adding as a Qualification to Vote that a Voter Present Certain Valid Photographic Identification When Casting a Ballot In Person or Casting and Absentee Ballot,,NON,AGAINST,16,8,5,2,0,1
Scott,HUNT,Issue No. 2: A Constitutional Amendment Adding as a Qualification to Vote that a Voter Present Certain Valid Photographic Identification When Casting a Ballot In Person or Casting and Absentee Ballot,,NON,AGAINST,6,3,0,3,0,0
Scott,JAMES,Issue No. 2: A Constitutional Amendment Adding as a Qualification to Vote that a Voter Present Certain Valid Photographic Identification When Casting a Ballot In Person or Casting and Absentee Ballot,,NON,AGAINST,11,2,0,7,0,2
Scott,JONES/LITTLE TEXAS,Issue No. 2: A Constitutional Amendment Adding as a Qualification to Vote that a Voter Present Certain Valid Photographic Identification When Casting a Ballot In Person or Casting and Absentee Ballot,,NON,AGAINST,9,8,1,0,0,0
Scott,KEENER,Issue No. 2: A Constitutional Amendment Adding as a Qualification to Vote that a Voter Present Certain Valid Photographic Identification When Casting a Ballot In Person or Casting and Absentee Ballot,,NON,AGAINST,11,4,1,4,0,2
Scott,LAMB,Issue No. 2: A Constitutional Amendment Adding as a Qualification to Vote that a Voter Present Certain Valid Photographic Identification When Casting a Ballot In Person or Casting and Absentee Ballot,,NON,AGAINST,23,20,2,0,0,1
Scott,LAFAVE,Issue No. 2: A Constitutional Amendment Adding as a Qualification to Vote that a Voter Present Certain Valid Photographic Identification When Casting a Ballot In Person or Casting and Absentee Ballot,,NON,AGAINST,3,0,1,2,0,0
Scott,LEWIS WARD 1,Issue No. 2: A Constitutional Amendment Adding as a Qualification to Vote that a Voter Present Certain Valid Photographic Identification When Casting a Ballot In Person or Casting and Absentee Ballot,,NON,AGAINST,26,9,5,10,0,2
Scott,LEWIS WARD 2,Issue No. 2: A Constitutional Amendment Adding as a Qualification to Vote that a Voter Present Certain Valid Photographic Identification When Casting a Ballot In Person or Casting and Absentee Ballot,,NON,AGAINST,25,21,1,0,1,2
Scott,MILL CREEK,Issue No. 2: A Constitutional Amendment Adding as a Qualification to Vote that a Voter Present Certain Valid Photographic Identification When Casting a Ballot In Person or Casting and Absentee Ballot,,NON,AGAINST,15,12,2,0,0,1
Scott,MOUNTAIN,Issue No. 2: A Constitutional Amendment Adding as a Qualification to Vote that a Voter Present Certain Valid Photographic Identification When Casting a Ballot In Person or Casting and Absentee Ballot,,NON,AGAINST,19,4,5,5,0,5
Scott,MOUNT PLEASANT,Issue No. 2: A Constitutional Amendment Adding as a Qualification to Vote that a Voter Present Certain Valid Photographic Identification When Casting a Ballot In Person or Casting and Absentee Ballot,,NON,AGAINST,21,7,7,3,0,4
Scott,PARKS,Issue No. 2: A Constitutional Amendment Adding as a Qualification to Vote that a Voter Present Certain Valid Photographic Identification When Casting a Ballot In Person or Casting and Absentee Ballot,,NON,AGAINST,8,5,2,0,0,1
Scott,TOMLINSON/TATE,Issue No. 2: A Constitutional Amendment Adding as a Qualification to Vote that a Voter Present Certain Valid Photographic Identification When Casting a Ballot In Person or Casting and Absentee Ballot,,NON,AGAINST,13,2,4,4,0,3
Scott,BLACKFORK,Issue No. 4: An Amendment to Require Four Licenses to be Issued for Casino Gaming at Casinos, One Each in Crittenden (to Southland Racing Corporation),NON,FOR,4,3,0,1,0,0
Scott,BLANSETT,Issue No. 4: An Amendment to Require Four Licenses to be Issued for Casino Gaming at Casinos, One Each in Crittenden (to Southland Racing Corporation),NON,FOR,33,26,5,1,0,1
Scott,BRAWLEY,Issue No. 4: An Amendment to Require Four Licenses to be Issued for Casino Gaming at Casinos, One Each in Crittenden (to Southland Racing Corporation),NON,FOR,19,11,7,1,0,0
Scott,CAUTHRON/OLIVER,Issue No. 4: An Amendment to Require Four Licenses to be Issued for Casino Gaming at Casinos, One Each in Crittenden (to Southland Racing Corporation),NON,FOR,23,12,7,2,1,1
Scott,CEDAR CREEK,Issue No. 4: An Amendment to Require Four Licenses to be Issued for Casino Gaming at Casinos, One Each in Crittenden (to Southland Racing Corporation),NON,FOR,28,16,6,0,2,4
Scott,COAL/LAFAYETTE,Issue No. 4: An Amendment to Require Four Licenses to be Issued for Casino Gaming at Casinos, One Each in Crittenden (to Southland Racing Corporation),NON,FOR,38,30,4,2,2,0
Scott,DENTON,Issue No. 4: An Amendment to Require Four Licenses to be Issued for Casino Gaming at Casinos, One Each in Crittenden (to Southland Racing Corporation),NON,FOR,64,34,15,9,2,4
Scott,HICKMAN WARD 1,Issue No. 4: An Amendment to Require Four Licenses to be Issued for Casino Gaming at Casinos, One Each in Crittenden (to Southland Racing Corporation),NON,FOR,146,43,62,11,7,23
Scott,HICKMAN WARD 2,Issue No. 4: An Amendment to Require Four Licenses to be Issued for Casino Gaming at Casinos, One Each in Crittenden (to Southland Racing Corporation),NON,FOR,154,48,44,37,4,21
Scott,HICKMAN WARD 3,Issue No. 4: An Amendment to Require Four Licenses to be Issued for Casino Gaming at Casinos, One Each in Crittenden (to Southland Racing Corporation),NON,FOR,136,41,46,19,3,27
Scott,HICKMAN RURAL EAST,Issue No. 4: An Amendment to Require Four Licenses to be Issued for Casino Gaming at Casinos, One Each in Crittenden (to Southland Racing Corporation),NON,FOR,139,51,48,24,1,15
Scott,HICKMAN RURAL WEST,Issue No. 4: An Amendment to Require Four Licenses to be Issued for Casino Gaming at Casinos, One Each in Crittenden (to Southland Racing Corporation),NON,FOR,88,24,39,10,1,14
Scott,HON,Issue No. 4: An Amendment to Require Four Licenses to be Issued for Casino Gaming at Casinos, One Each in Crittenden (to Southland Racing Corporation),NON,FOR,63,37,10,11,5,0
Scott,HUNT,Issue No. 4: An Amendment to Require Four Licenses to be Issued for Casino Gaming at Casinos, One Each in Crittenden (to Southland Racing Corporation),NON,FOR,40,12,5,18,3,2
Scott,JAMES,Issue No. 4: An Amendment to Require Four Licenses to be Issued for Casino Gaming at Casinos, One Each in Crittenden (to Southland Racing Corporation),NON,FOR,37,7,6,21,2,1
Scott,JONES/LITTLE TEXAS,Issue No. 4: An Amendment to Require Four Licenses to be Issued for Casino Gaming at Casinos, One Each in Crittenden (to Southland Racing Corporation),NON,FOR,16,13,2,0,0,1
Scott,KEENER,Issue No. 4: An Amendment to Require Four Licenses to be Issued for Casino Gaming at Casinos, One Each in Crittenden (to Southland Racing Corporation),NON,FOR,21,10,3,4,1,3
Scott,LAMB,Issue No. 4: An Amendment to Require Four Licenses to be Issued for Casino Gaming at Casinos, One Each in Crittenden (to Southland Racing Corporation),NON,FOR,79,56,18,3,0,2
Scott,LAFAVE,Issue No. 4: An Amendment to Require Four Licenses to be Issued for Casino Gaming at Casinos, One Each in Crittenden (to Southland Racing Corporation),NON,FOR,14,4,1,8,0,1
Scott,LEWIS WARD 1,Issue No. 4: An Amendment to Require Four Licenses to be Issued for Casino Gaming at Casinos, One Each in Crittenden (to Southland Racing Corporation),NON,FOR,103,51,11,28,4,9
Scott,LEWIS WARD 2,Issue No. 4: An Amendment to Require Four Licenses to be Issued for Casino Gaming at Casinos, One Each in Crittenden (to Southland Racing Corporation),NON,FOR,80,64,7,2,1,6
Scott,MILL CREEK,Issue No. 4: An Amendment to Require Four Licenses to be Issued for Casino Gaming at Casinos, One Each in Crittenden (to Southland Racing Corporation),NON,FOR,59,39,17,0,0,3
Scott,MOUNTAIN,Issue No. 4: An Amendment to Require Four Licenses to be Issued for Casino Gaming at Casinos, One Each in Crittenden (to Southland Racing Corporation),NON,FOR,51,21,15,10,0,5
Scott,MOUNT PLEASANT,Issue No. 4: An Amendment to Require Four Licenses to be Issued for Casino Gaming at Casinos, One Each in Crittenden (to Southland Racing Corporation),NON,FOR,83,46,20,12,0,5
Scott,PARKS,Issue No. 4: An Amendment to Require Four Licenses to be Issued for Casino Gaming at Casinos, One Each in Crittenden (to Southland Racing Corporation),NON,FOR,33,22,6,1,2,2
Scott,TOMLINSON/TATE,Issue No. 4: An Amendment to Require Four Licenses to be Issued for Casino Gaming at Casinos, One Each in Crittenden (to Southland Racing Corporation),NON,FOR,56,24,7,16,0,9
Scott,BLACKFORK,Issue No. 4: An Amendment to Require Four Licenses to be Issued for Casino Gaming at Casinos, One Each in Crittenden (to Southland Racing Corporation),NON,AGAINST,13,10,0,2,1,0
Scott,BLANSETT,Issue No. 4: An Amendment to Require Four Licenses to be Issued for Casino Gaming at Casinos, One Each in Crittenden (to Southland Racing Corporation),NON,AGAINST,20,15,4,1,0,0
Scott,BRAWLEY,Issue No. 4: An Amendment to Require Four Licenses to be Issued for Casino Gaming at Casinos, One Each in Crittenden (to Southland Racing Corporation),NON,AGAINST,12,11,1,0,0,0
Scott,CAUTHRON/OLIVER,Issue No. 4: An Amendment to Require Four Licenses to be Issued for Casino Gaming at Casinos, One Each in Crittenden (to Southland Racing Corporation),NON,AGAINST,15,11,4,0,0,0
Scott,CEDAR CREEK,Issue No. 4: An Amendment to Require Four Licenses to be Issued for Casino Gaming at Casinos, One Each in Crittenden (to Southland Racing Corporation),NON,AGAINST,9,2,4,0,1,2
Scott,COAL/LAFAYETTE,Issue No. 4: An Amendment to Require Four Licenses to be Issued for Casino Gaming at Casinos, One Each in Crittenden (to Southland Racing Corporation),NON,AGAINST,36,31,2,1,0,2
Scott,DENTON,Issue No. 4: An Amendment to Require Four Licenses to be Issued for Casino Gaming at Casinos, One Each in Crittenden (to Southland Racing Corporation),NON,AGAINST,52,39,5,6,0,2
Scott,HICKMAN WARD 1,Issue No. 4: An Amendment to Require Four Licenses to be Issued for Casino Gaming at Casinos, One Each in Crittenden (to Southland Racing Corporation),NON,AGAINST,116,38,35,12,6,25
Scott,HICKMAN WARD 2,Issue No. 4: An Amendment to Require Four Licenses to be Issued for Casino Gaming at Casinos, One Each in Crittenden (to Southland Racing Corporation),NON,AGAINST,81,22,27,19,3,10
Scott,HICKMAN WARD 3,Issue No. 4: An Amendment to Require Four Licenses to be Issued for Casino Gaming at Casinos, One Each in Crittenden (to Southland Racing Corporation),NON,AGAINST,109,28,37,18,2,24
Scott,HICKMAN RURAL EAST,Issue No. 4: An Amendment to Require Four Licenses to be Issued for Casino Gaming at Casinos, One Each in Crittenden (to Southland Racing Corporation),NON,AGAINST,105,21,49,21,4,10
Scott,HICKMAN RURAL WEST,Issue No. 4: An Amendment to Require Four Licenses to be Issued for Casino Gaming at Casinos, One Each in Crittenden (to Southland Racing Corporation),NON,AGAINST,70,11,34,11,1,13
Scott,HON,Issue No. 4: An Amendment to Require Four Licenses to be Issued for Casino Gaming at Casinos, One Each in Crittenden (to Southland Racing Corporation),NON,AGAINST,35,18,4,9,1,3
Scott,HUNT,Issue No. 4: An Amendment to Require Four Licenses to be Issued for Casino Gaming at Casinos, One Each in Crittenden (to Southland Racing Corporation),NON,AGAINST,32,13,2,16,0,1
Scott,JAMES,Issue No. 4: An Amendment to Require Four Licenses to be Issued for Casino Gaming at Casinos, One Each in Crittenden (to Southland Racing Corporation),NON,AGAINST,19,4,1,12,0,2
Scott,JONES/LITTLE TEXAS,Issue No. 4: An Amendment to Require Four Licenses to be Issued for Casino Gaming at Casinos, One Each in Crittenden (to Southland Racing Corporation),NON,AGAINST,28,27,1,0,0,0
Scott,KEENER,Issue No. 4: An Amendment to Require Four Licenses to be Issued for Casino Gaming at Casinos, One Each in Crittenden (to Southland Racing Corporation),NON,AGAINST,19,9,3,6,1,0
Scott,LAMB,Issue No. 4: An Amendment to Require Four Licenses to be Issued for Casino Gaming at Casinos, One Each in Crittenden (to Southland Racing Corporation),NON,AGAINST,47,33,8,1,1,4
Scott,LAFAVE,Issue No. 4: An Amendment to Require Four Licenses to be Issued for Casino Gaming at Casinos, One Each in Crittenden (to Southland Racing Corporation),NON,AGAINST,18,1,4,12,0,1
Scott,LEWIS WARD 1,Issue No. 4: An Amendment to Require Four Licenses to be Issued for Casino Gaming at Casinos, One Each in Crittenden (to Southland Racing Corporation),NON,AGAINST,98,50,11,30,0,7
Scott,LEWIS WARD 2,Issue No. 4: An Amendment to Require Four Licenses to be Issued for Casino Gaming at Casinos, One Each in Crittenden (to Southland Racing Corporation),NON,AGAINST,54,43,8,0,1,2
Scott,MILL CREEK,Issue No. 4: An Amendment to Require Four Licenses to be Issued for Casino Gaming at Casinos, One Each in Crittenden (to Southland Racing Corporation),NON,AGAINST,45,29,10,0,1,5
Scott,MOUNTAIN,Issue No. 4: An Amendment to Require Four Licenses to be Issued for Casino Gaming at Casinos, One Each in Crittenden (to Southland Racing Corporation),NON,AGAINST,48,21,7,13,1,6
Scott,MOUNT PLEASANT,Issue No. 4: An Amendment to Require Four Licenses to be Issued for Casino Gaming at Casinos, One Each in Crittenden (to Southland Racing Corporation),NON,AGAINST,51,27,16,2,0,6
Scott,PARKS,Issue No. 4: An Amendment to Require Four Licenses to be Issued for Casino Gaming at Casinos, One Each in Crittenden (to Southland Racing Corporation),NON,AGAINST,25,22,2,0,0,1
Scott,TOMLINSON/TATE,Issue No. 4: An Amendment to Require Four Licenses to be Issued for Casino Gaming at Casinos, One Each in Crittenden (to Southland Racing Corporation),NON,AGAINST,56,17,14,15,1,9
Scott,BLACKFORK,Issue No. 5: An Act to Increase the Arkansas Minimum Wage,,NON,FOR,7,6,0,1,0,0
Scott,BLANSETT,Issue No. 5: An Act to Increase the Arkansas Minimum Wage,,NON,FOR,27,21,5,1,0,0
Scott,BRAWLEY,Issue No. 5: An Act to Increase the Arkansas Minimum Wage,,NON,FOR,21,15,5,1,0,0
Scott,CAUTHRON/OLIVER,Issue No. 5: An Act to Increase the Arkansas Minimum Wage,,NON,FOR,23,13,7,2,0,1
Scott,CEDAR CREEK,Issue No. 5: An Act to Increase the Arkansas Minimum Wage,,NON,FOR,28,12,9,0,2,5
Scott,COAL/LAFAYETTE,Issue No. 5: An Act to Increase the Arkansas Minimum Wage,,NON,FOR,53,42,5,4,2,0
Scott,DENTON,Issue No. 5: An Act to Increase the Arkansas Minimum Wage,,NON,FOR,79,47,14,11,2,5
Scott,HICKMAN WARD 1,Issue No. 5: An Act to Increase the Arkansas Minimum Wage,,NON,FOR,185,52,74,17,10,32
Scott,HICKMAN WARD 2,Issue No. 5: An Act to Increase the Arkansas Minimum Wage,,NON,FOR,176,55,55,36,7,23
Scott,HICKMAN WARD 3,Issue No. 5: An Act to Increase the Arkansas Minimum Wage,,NON,FOR,183,52,58,26,5,42
Scott,HICKMAN RURAL EAST,Issue No. 5: An Act to Increase the Arkansas Minimum Wage,,NON,FOR,111,0,63,27,3,18
Scott,HICKMAN RURAL WEST,Issue No. 5: An Act to Increase the Arkansas Minimum Wage,,NON,FOR,106,24,53,12,1,16
Scott,HON,Issue No. 5: An Act to Increase the Arkansas Minimum Wage,,NON,FOR,63,35,9,14,3,2
Scott,HUNT,Issue No. 5: An Act to Increase the Arkansas Minimum Wage,,NON,FOR,39,13,4,18,4,0
Scott,JAMES,Issue No. 5: An Act to Increase the Arkansas Minimum Wage,,NON,FOR,47,9,7,27,2,2
Scott,JONES/LITTLE TEXAS,Issue No. 5: An Act to Increase the Arkansas Minimum Wage,,NON,FOR,20,16,3,0,0,1
Scott,KEENER,Issue No. 5: An Act to Increase the Arkansas Minimum Wage,,NON,FOR,29,9,6,10,1,3
Scott,LAMB,Issue No. 5: An Act to Increase the Arkansas Minimum Wage,,NON,FOR,92,64,20,3,0,5
Scott,LAFAVE,Issue No. 5: An Act to Increase the Arkansas Minimum Wage,,NON,FOR,21,6,3,10,0,2
Scott,LEWIS WARD 1,Issue No. 5: An Act to Increase the Arkansas Minimum Wage,,NON,FOR,121,49,16,44,1,11
Scott,LEWIS WARD 2,Issue No. 5: An Act to Increase the Arkansas Minimum Wage,,NON,FOR,97,79,9,2,1,6
Scott,MILL CREEK,Issue No. 5: An Act to Increase the Arkansas Minimum Wage,,NON,FOR,63,44,14,0,0,5
Scott,MOUNTAIN,Issue No. 5: An Act to Increase the Arkansas Minimum Wage,,NON,FOR,69,22,20,19,1,7
Scott,MOUNT PLEASANT,Issue No. 5: An Act to Increase the Arkansas Minimum Wage,,NON,FOR,86,47,27,9,0,3
Scott,PARKS,Issue No. 5: An Act to Increase the Arkansas Minimum Wage,,NON,FOR,50,38,8,0,2,2
Scott,TOMLINSON/TATE,Issue No. 5: An Act to Increase the Arkansas Minimum Wage,,NON,FOR,72,29,10,20,1,12
Scott,BLACKFORK,Issue No. 5: An Act to Increase the Arkansas Minimum Wage,,NON,AGAINST,11,8,0,2,1,0
Scott,BLANSETT,Issue No. 5: An Act to Increase the Arkansas Minimum Wage,,NON,AGAINST,23,17,4,1,0,1
Scott,BRAWLEY,Issue No. 5: An Act to Increase the Arkansas Minimum Wage,,NON,AGAINST,11,7,4,0,0,0
Scott,CAUTHRON/OLIVER,Issue No. 5: An Act to Increase the Arkansas Minimum Wage,,NON,AGAINST,15,10,4,0,1,0
Scott,CEDAR CREEK,Issue No. 5: An Act to Increase the Arkansas Minimum Wage,,NON,AGAINST,8,6,1,0,0,1
Scott,COAL/LAFAYETTE,Issue No. 5: An Act to Increase the Arkansas Minimum Wage,,NON,AGAINST,23,19,1,1,0,2
Scott,DENTON,Issue No. 5: An Act to Increase the Arkansas Minimum Wage,,NON,AGAINST,37,26,6,4,0,1
Scott,HICKMAN WARD 1,Issue No. 5: An Act to Increase the Arkansas Minimum Wage,,NON,AGAINST,80,29,25,7,3,16
Scott,HICKMAN WARD 2,Issue No. 5: An Act to Increase the Arkansas Minimum Wage,,NON,AGAINST,59,16,16,18,0,9
Scott,HICKMAN WARD 3,Issue No. 5: An Act to Increase the Arkansas Minimum Wage,,NON,AGAINST,65,17,27,12,0,9
Scott,HICKMAN RURAL EAST,Issue No. 5: An Act to Increase the Arkansas Minimum Wage,,NON,AGAINST,63,0,35,18,2,8
Scott,HICKMAN RURAL WEST,Issue No. 5: An Act to Increase the Arkansas Minimum Wage,,NON,AGAINST,55,11,23,9,1,11
Scott,HON,Issue No. 5: An Act to Increase the Arkansas Minimum Wage,,NON,AGAINST,37,22,5,6,3,1
Scott,HUNT,Issue No. 5: An Act to Increase the Arkansas Minimum Wage,,NON,AGAINST,35,12,3,16,1,3
Scott,JAMES,Issue No. 5: An Act to Increase the Arkansas Minimum Wage,,NON,AGAINST,9,2,0,6,0,1
Scott,JONES/LITTLE TEXAS,Issue No. 5: An Act to Increase the Arkansas Minimum Wage,,NON,AGAINST,23,23,0,0,0,0
Scott,KEENER,Issue No. 5: An Act to Increase the Arkansas Minimum Wage,,NON,AGAINST,10,9,0,0,1,0
Scott,LAMB,Issue No. 5: An Act to Increase the Arkansas Minimum Wage,,NON,AGAINST,33,24,6,1,1,1
Scott,LAFAVE,Issue No. 5: An Act to Increase the Arkansas Minimum Wage,,NON,AGAINST,13,0,2,10,0,1
Scott,LEWIS WARD 1,Issue No. 5: An Act to Increase the Arkansas Minimum Wage,,NON,AGAINST,85,51,6,20,3,5
Scott,LEWIS WARD 2,Issue No. 5: An Act to Increase the Arkansas Minimum Wage,,NON,AGAINST,39,30,6,0,1,2
Scott,MILL CREEK,Issue No. 5: An Act to Increase the Arkansas Minimum Wage,,NON,AGAINST,42,24,14,0,1,3
Scott,MOUNTAIN,Issue No. 5: An Act to Increase the Arkansas Minimum Wage,,NON,AGAINST,31,19,3,5,0,4
Scott,MOUNT PLEASANT,Issue No. 5: An Act to Increase the Arkansas Minimum Wage,,NON,AGAINST,52,27,9,8,0,8
Scott,PARKS,Issue No. 5: An Act to Increase the Arkansas Minimum Wage,,NON,AGAINST,10,7,1,1,0,1
Scott,TOMLINSON/TATE,Issue No. 5: An Act to Increase the Arkansas Minimum Wage,,NON,AGAINST,39,12,10,11,0,6
