county,precinct,office,district,party,candidate,votes,absentee,provisional,early_vote,election_day
Desha,BOWIE 1,U.S. House,1,DEM,Chintan Desai,103,2,0,52,49
Desha,BOWIE 2,U.S. House,1,DEM,Chintan Desai,168,3,2,80,83
Desha,BOWIE 3,U.S. House,1,DEM,Chintan Desai,229,7,2,146,74
Desha,BOWIE RURAL,U.S. House,1,DEM,Chintan Desai,15,2,3,6,4
Desha,CLAYTON MCARTHUR,U.S. House,1,DEM,Chintan Desai,40,3,0,27,10
Desha,CLAYTON REED,U.S. House,1,DEM,Chintan Desai,47,0,0,3,44
Desha,CLAYTON TILLAR,U.S. House,1,DEM,Chintan Desai,1,0,0,1,0
Desha,FRANKLIN,U.S. House,1,DEM,Chintan Desai,68,0,0,42,26
Desha,HALLEY,U.S. House,1,DEM,Chintan Desai,14,0,0,9,5
Desha,JEFFERSON,U.S. House,1,DEM,Chintan Desai,13,4,0,7,2
Desha,MISSISSIPPI,U.S. House,1,DEM,Chintan Desai,6,5,0,0,1
Desha,MITCHELLVILLE,U.S. House,1,DEM,Chintan Desai,82,0,0,8,74
Desha,RANDOLPH 1,U.S. House,1,DEM,Chintan Desai,139,8,0,55,76
Desha,RANDOLPH 2,U.S. House,1,DEM,Chintan Desai,235,9,0,85,141
Desha,RANDOLPH 3,U.S. House,1,DEM,Chintan Desai,126,6,0,62,58
Desha,RANDOLPH 4,U.S. House,1,DEM,Chintan Desai,241,4,0,103,134
Desha,RANDOLPH RURAL,U.S. House,1,DEM,Chintan Desai,15,0,0,5,10
Desha,REDFORK,U.S. House,1,DEM,Chintan Desai,52,1,1,15,35
Desha,RICHLAND,U.S. House,1,DEM,Chintan Desai,15,1,0,9,5
Desha,SILVERLAKE,U.S. House,1,DEM,Chintan Desai,35,0,0,13,22
Desha,WALNUT LAKE,U.S. House,1,DEM,Chintan Desai,9,1,0,5,3
Desha,BOWIE 1,U.S. House,1,LIB,Elvis Presley,10,1,0,1,8
Desha,BOWIE 2,U.S. House,1,LIB,Elvis Presley,12,1,1,7,3
Desha,BOWIE 3,U.S. House,1,LIB,Elvis Presley,10,0,0,5,5
Desha,BOWIE RURAL,U.S. House,1,LIB,Elvis Presley,1,0,0,1,0
Desha,CLAYTON MCARTHUR,U.S. House,1,LIB,Elvis Presley,0,0,0,0,0
Desha,CLAYTON REED,U.S. House,1,LIB,Elvis Presley,2,0,0,0,2
Desha,CLAYTON TILLAR,U.S. House,1,LIB,Elvis Presley,0,0,0,0,0
Desha,FRANKLIN,U.S. House,1,LIB,Elvis Presley,8,4,0,4,0
Desha,HALLEY,U.S. House,1,LIB,Elvis Presley,1,0,0,1,0
Desha,JEFFERSON,U.S. House,1,LIB,Elvis Presley,1,0,0,1,0
Desha,MISSISSIPPI,U.S. House,1,LIB,Elvis Presley,0,0,0,0,0
Desha,MITCHELLVILLE,U.S. House,1,LIB,Elvis Presley,2,0,0,0,2
Desha,RANDOLPH 1,U.S. House,1,LIB,Elvis Presley,2,0,0,1,1
Desha,RANDOLPH 2,U.S. House,1,LIB,Elvis Presley,4,0,0,1,3
Desha,RANDOLPH 3,U.S. House,1,LIB,Elvis Presley,9,1,0,2,6
Desha,RANDOLPH 4,U.S. House,1,LIB,Elvis Presley,10,2,0,7,1
Desha,RANDOLPH RURAL,U.S. House,1,LIB,Elvis Presley,0,0,0,0,0
Desha,REDFORK,U.S. House,1,LIB,Elvis Presley,5,1,0,0,4
Desha,RICHLAND,U.S. House,1,LIB,Elvis Presley,2,0,0,1,1
Desha,SILVERLAKE,U.S. House,1,LIB,Elvis Presley,1,0,0,1,0
Desha,WALNUT LAKE,U.S. House,1,LIB,Elvis Presley,3,0,0,0,3
Desha,BOWIE 1,U.S. House,1,REP,Congressman Rick Crawford,299,1,1,165,132
Desha,BOWIE 2,U.S. House,1,REP,Congressman Rick Crawford,257,1,0,170,86
Desha,BOWIE 3,U.S. House,1,REP,Congressman Rick Crawford,45,1,0,26,18
Desha,BOWIE RURAL,U.S. House,1,REP,Congressman Rick Crawford,28,0,0,18,10
Desha,CLAYTON MCARTHUR,U.S. House,1,REP,Congressman Rick Crawford,43,0,0,29,14
Desha,CLAYTON REED,U.S. House,1,REP,Congressman Rick Crawford,2,0,0,0,2
Desha,CLAYTON TILLAR,U.S. House,1,REP,Congressman Rick Crawford,5,0,0,4,1
Desha,FRANKLIN,U.S. House,1,REP,Congressman Rick Crawford,68,2,0,38,28
Desha,HALLEY,U.S. House,1,REP,Congressman Rick Crawford,51,4,0,36,11
Desha,JEFFERSON,U.S. House,1,REP,Congressman Rick Crawford,55,5,1,22,27
Desha,MISSISSIPPI,U.S. House,1,REP,Congressman Rick Crawford,5,5,0,0,0
Desha,MITCHELLVILLE,U.S. House,1,REP,Congressman Rick Crawford,9,0,0,1,8
Desha,RANDOLPH 1,U.S. House,1,REP,Congressman Rick Crawford,67,4,0,31,32
Desha,RANDOLPH 2,U.S. House,1,REP,Congressman Rick Crawford,47,4,1,23,19
Desha,RANDOLPH 3,U.S. House,1,REP,Congressman Rick Crawford,187,12,0,105,70
Desha,RANDOLPH 4,U.S. House,1,REP,Congressman Rick Crawford,158,7,0,90,61
Desha,RANDOLPH RURAL,U.S. House,1,REP,Congressman Rick Crawford,20,0,0,10,10
Desha,REDFORK,U.S. House,1,REP,Congressman Rick Crawford,101,5,0,26,70
Desha,RICHLAND,U.S. House,1,REP,Congressman Rick Crawford,88,2,11,35,40
Desha,SILVERLAKE,U.S. House,1,REP,Congressman Rick Crawford,82,2,1,36,43
Desha,WALNUT LAKE,U.S. House,1,REP,Congressman Rick Crawford,41,1,0,17,23
Desha,BOWIE 1,Governor,,LIB,Mark West,5,0,0,2,3
Desha,BOWIE 2,Governor,,LIB,Mark West,15,0,0,8,7
Desha,BOWIE 3,Governor,,LIB,Mark West,6,0,0,5,1
Desha,BOWIE RURAL,Governor,,LIB,Mark West,2,0,0,2,0
Desha,CLAYTON MCARTHUR,Governor,,LIB,Mark West,4,1,0,2,1
Desha,CLAYTON REED,Governor,,LIB,Mark West,1,0,0,0,1
Desha,CLAYTON TILLAR,Governor,,LIB,Mark West,0,0,0,0,0
Desha,FRANKLIN,Governor,,LIB,Mark West,1,0,0,0,1
Desha,HALLEY,Governor,,LIB,Mark West,2,0,0,2,0
Desha,JEFFERSON,Governor,,LIB,Mark West,1,0,0,0,1
Desha,MISSISSIPPI,Governor,,LIB,Mark West,0,0,0,0,0
Desha,MITCHELLVILLE,Governor,,LIB,Mark West,0,0,0,0,0
Desha,RANDOLPH 1,Governor,,LIB,Mark West,6,0,0,2,4
Desha,RANDOLPH 2,Governor,,LIB,Mark West,9,0,0,4,5
Desha,RANDOLPH 3,Governor,,LIB,Mark West,6,0,0,4,2
Desha,RANDOLPH 4,Governor,,LIB,Mark West,11,0,0,4,7
Desha,RANDOLPH RURAL,Governor,,LIB,Mark West,0,0,0,0,0
Desha,REDFORK,Governor,,LIB,Mark West,3,0,0,1,2
Desha,RICHLAND,Governor,,LIB,Mark West,1,0,0,0,1
Desha,SILVERLAKE,Governor,,LIB,Mark West,1,0,0,1,0
Desha,WALNUT LAKE,Governor,,LIB,Mark West,2,0,0,0,2
Desha,BOWIE 1,Governor,,REP,Governor Asa Hutchinson,315,2,1,173,139
Desha,BOWIE 2,Governor,,REP,Governor Asa Hutchinson,282,2,0,182,98
Desha,BOWIE 3,Governor,,REP,Governor Asa Hutchinson,70,2,0,39,29
Desha,BOWIE RURAL,Governor,,REP,Governor Asa Hutchinson,29,0,0,19,10
Desha,CLAYTON MCARTHUR,Governor,,REP,Governor Asa Hutchinson,43,1,0,28,14
Desha,CLAYTON REED,Governor,,REP,Governor Asa Hutchinson,4,0,0,0,4
Desha,CLAYTON TILLAR,Governor,,REP,Governor Asa Hutchinson,5,0,0,4,1
Desha,FRANKLIN,Governor,,REP,Governor Asa Hutchinson,81,2,0,50,29
Desha,HALLEY,Governor,,REP,Governor Asa Hutchinson,56,4,0,41,11
Desha,JEFFERSON,Governor,,REP,Governor Asa Hutchinson,57,5,1,25,26
Desha,MISSISSIPPI,Governor,,REP,Governor Asa Hutchinson,6,6,0,0,0
Desha,MITCHELLVILLE,Governor,,REP,Governor Asa Hutchinson,19,0,0,2,17
Desha,RANDOLPH 1,Governor,,REP,Governor Asa Hutchinson,76,3,0,37,36
Desha,RANDOLPH 2,Governor,,REP,Governor Asa Hutchinson,64,5,1,25,33
Desha,RANDOLPH 3,Governor,,REP,Governor Asa Hutchinson,210,15,0,118,77
Desha,RANDOLPH 4,Governor,,REP,Governor Asa Hutchinson,178,10,0,102,66
Desha,RANDOLPH RURAL,Governor,,REP,Governor Asa Hutchinson,24,0,0,13,11
Desha,REDFORK,Governor,,REP,Governor Asa Hutchinson,103,6,0,27,70
Desha,RICHLAND,Governor,,REP,Governor Asa Hutchinson,77,3,0,32,42
Desha,SILVERLAKE,Governor,,REP,Governor Asa Hutchinson,92,2,1,40,49
Desha,WALNUT LAKE,Governor,,REP,Governor Asa Hutchinson,42,1,0,17,24
Desha,BOWIE 1,Governor,,DEM,Jared K. Henderson,103,2,0,49,52
Desha,BOWIE 2,Governor,,DEM,Jared K. Henderson,147,4,3,71,69
Desha,BOWIE 3,Governor,,DEM,Jared K. Henderson,216,7,2,140,67
Desha,BOWIE RURAL,Governor,,DEM,Jared K. Henderson,16,2,3,7,4
Desha,CLAYTON MCARTHUR,Governor,,DEM,Jared K. Henderson,37,1,0,27,9
Desha,CLAYTON REED,Governor,,DEM,Jared K. Henderson,47,0,0,3,44
Desha,CLAYTON TILLAR,Governor,,DEM,Jared K. Henderson,2,0,0,1,1
Desha,FRANKLIN,Governor,,DEM,Jared K. Henderson,69,4,0,39,26
Desha,HALLEY,Governor,,DEM,Jared K. Henderson,10,0,0,4,6
Desha,JEFFERSON,Governor,,DEM,Jared K. Henderson,13,4,0,7,2
Desha,MISSISSIPPI,Governor,,DEM,Jared K. Henderson,4,3,0,0,1
Desha,MITCHELLVILLE,Governor,,DEM,Jared K. Henderson,78,0,0,8,70
Desha,RANDOLPH 1,Governor,,DEM,Jared K. Henderson,132,9,0,52,71
Desha,RANDOLPH 2,Governor,,DEM,Jared K. Henderson,224,9,0,84,131
Desha,RANDOLPH 3,Governor,,DEM,Jared K. Henderson,114,3,0,53,58
Desha,RANDOLPH 4,Governor,,DEM,Jared K. Henderson,225,5,0,98,122
Desha,RANDOLPH RURAL,Governor,,DEM,Jared K. Henderson,13,0,0,3,10
Desha,REDFORK,Governor,,DEM,Jared K. Henderson,55,1,1,15,38
Desha,RICHLAND,Governor,,DEM,Jared K. Henderson,17,1,0,12,4
Desha,SILVERLAKE,Governor,,DEM,Jared K. Henderson,27,0,0,8,19
Desha,WALNUT LAKE,Governor,,DEM,Jared K. Henderson,11,1,0,6,4
Desha,BOWIE 1,Lieutenant Governor,,REP,Lt. Governor Tim Griffin,311,3,1,167,140
Desha,BOWIE 2,Lieutenant Governor,,REP,Lt. Governor Tim Griffin,276,3,1,180,92
Desha,BOWIE 3,Lieutenant Governor,,REP,Lt. Governor Tim Griffin,58,2,0,36,20
Desha,BOWIE RURAL,Lieutenant Governor,,REP,Lt. Governor Tim Griffin,28,0,0,17,11
Desha,CLAYTON MCARTHUR,Lieutenant Governor,,REP,Lt. Governor Tim Griffin,43,0,0,28,15
Desha,CLAYTON REED,Lieutenant Governor,,REP,Lt. Governor Tim Griffin,3,0,0,0,3
Desha,CLAYTON TILLAR,Lieutenant Governor,,REP,Lt. Governor Tim Griffin,5,0,0,4,1
Desha,FRANKLIN,Lieutenant Governor,,REP,Lt. Governor Tim Griffin,79,2,0,48,29
Desha,HALLEY,Lieutenant Governor,,REP,Lt. Governor Tim Griffin,53,4,0,39,10
Desha,JEFFERSON,Lieutenant Governor,,REP,Lt. Governor Tim Griffin,55,4,1,24,26
Desha,MISSISSIPPI,Lieutenant Governor,,REP,Lt. Governor Tim Griffin,6,6,0,0,0
Desha,MITCHELLVILLE,Lieutenant Governor,,REP,Lt. Governor Tim Griffin,18,0,0,2,16
Desha,RANDOLPH 1,Lieutenant Governor,,REP,Lt. Governor Tim Griffin,77,4,0,38,35
Desha,RANDOLPH 2,Lieutenant Governor,,REP,Lt. Governor Tim Griffin,50,4,1,22,23
Desha,RANDOLPH 3,Lieutenant Governor,,REP,Lt. Governor Tim Griffin,197,12,0,111,74
Desha,RANDOLPH 4,Lieutenant Governor,,REP,Lt. Governor Tim Griffin,171,10,0,100,61
Desha,RANDOLPH RURAL,Lieutenant Governor,,REP,Lt. Governor Tim Griffin,20,0,0,10,10
Desha,REDFORK,Lieutenant Governor,,REP,Lt. Governor Tim Griffin,108,6,0,27,75
Desha,RICHLAND,Lieutenant Governor,,REP,Lt. Governor Tim Griffin,75,3,0,33,39
Desha,SILVERLAKE,Lieutenant Governor,,REP,Lt. Governor Tim Griffin,88,2,1,39,46
Desha,WALNUT LAKE,Lieutenant Governor,,REP,Lt. Governor Tim Griffin,40,1,0,17,22
Desha,BOWIE 1,Lieutenant Governor,,LIB,Frank Gilbert,8,0,0,2,6
Desha,BOWIE 2,Lieutenant Governor,,LIB,Frank Gilbert,15,0,0,8,7
Desha,BOWIE 3,Lieutenant Governor,,LIB,Frank Gilbert,10,0,0,8,2
Desha,BOWIE RURAL,Lieutenant Governor,,LIB,Frank Gilbert,1,0,0,1,0
Desha,CLAYTON MCARTHUR,Lieutenant Governor,,LIB,Frank Gilbert,0,0,0,0,0
Desha,CLAYTON REED,Lieutenant Governor,,LIB,Frank Gilbert,3,0,0,0,3
Desha,CLAYTON TILLAR,Lieutenant Governor,,LIB,Frank Gilbert,0,0,0,0,0
Desha,FRANKLIN,Lieutenant Governor,,LIB,Frank Gilbert,3,0,0,2,1
Desha,HALLEY,Lieutenant Governor,,LIB,Frank Gilbert,2,0,0,2,0
Desha,JEFFERSON,Lieutenant Governor,,LIB,Frank Gilbert,2,0,0,2,0
Desha,MISSISSIPPI,Lieutenant Governor,,LIB,Frank Gilbert,0,0,0,0,0
Desha,MITCHELLVILLE,Lieutenant Governor,,LIB,Frank Gilbert,2,0,0,0,2
Desha,RANDOLPH 1,Lieutenant Governor,,LIB,Frank Gilbert,6,0,0,2,4
Desha,RANDOLPH 2,Lieutenant Governor,,LIB,Frank Gilbert,8,0,0,2,6
Desha,RANDOLPH 3,Lieutenant Governor,,LIB,Frank Gilbert,11,1,0,4,6
Desha,RANDOLPH 4,Lieutenant Governor,,LIB,Frank Gilbert,16,1,0,4,11
Desha,RANDOLPH RURAL,Lieutenant Governor,,LIB,Frank Gilbert,1,0,0,0,1
Desha,REDFORK,Lieutenant Governor,,LIB,Frank Gilbert,1,0,0,0,1
Desha,RICHLAND,Lieutenant Governor,,LIB,Frank Gilbert,8,0,0,4,4
Desha,SILVERLAKE,Lieutenant Governor,,LIB,Frank Gilbert,1,0,0,1,0
Desha,WALNUT LAKE,Lieutenant Governor,,LIB,Frank Gilbert,3,0,0,0,3
Desha,BOWIE 1,Lieutenant Governor,,DEM,Anthony Bland,102,1,0,55,46
Desha,BOWIE 2,Lieutenant Governor,,DEM,Anthony Bland,152,3,2,74,73
Desha,BOWIE 3,Lieutenant Governor,,DEM,Anthony Bland,223,7,2,140,74
Desha,BOWIE RURAL,Lieutenant Governor,,DEM,Anthony Bland,16,2,3,8,3
Desha,CLAYTON MCARTHUR,Lieutenant Governor,,DEM,Anthony Bland,39,3,0,28,8
Desha,CLAYTON REED,Lieutenant Governor,,DEM,Anthony Bland,46,0,0,3,43
Desha,CLAYTON TILLAR,Lieutenant Governor,,DEM,Anthony Bland,2,0,0,1,1
Desha,FRANKLIN,Lieutenant Governor,,DEM,Anthony Bland,70,4,0,40,26
Desha,HALLEY,Lieutenant Governor,,DEM,Anthony Bland,11,0,0,5,6
Desha,JEFFERSON,Lieutenant Governor,,DEM,Anthony Bland,13,4,0,6,3
Desha,MISSISSIPPI,Lieutenant Governor,,DEM,Anthony Bland,5,4,0,0,1
Desha,MITCHELLVILLE,Lieutenant Governor,,DEM,Anthony Bland,77,0,0,8,69
Desha,RANDOLPH 1,Lieutenant Governor,,DEM,Anthony Bland,130,8,0,49,73
Desha,RANDOLPH 2,Lieutenant Governor,,DEM,Anthony Bland,235,10,0,88,137
Desha,RANDOLPH 3,Lieutenant Governor,,DEM,Anthony Bland,118,4,0,58,56
Desha,RANDOLPH 4,Lieutenant Governor,,DEM,Anthony Bland,228,5,0,99,124
Desha,RANDOLPH RURAL,Lieutenant Governor,,DEM,Anthony Bland,16,0,0,6,10
Desha,REDFORK,Lieutenant Governor,,DEM,Anthony Bland,50,1,1,14,34
Desha,RICHLAND,Lieutenant Governor,,DEM,Anthony Bland,14,2,0,8,4
Desha,SILVERLAKE,Lieutenant Governor,,DEM,Anthony Bland,31,0,0,10,21
Desha,WALNUT LAKE,Lieutenant Governor,,DEM,Anthony Bland,10,1,0,5,4
Desha,BOWIE 1,Attorney General,,LIB,Kerry Hicks,5,0,0,1,4
Desha,BOWIE 2,Attorney General,,LIB,Kerry Hicks,10,0,0,6,4
Desha,BOWIE 3,Attorney General,,LIB,Kerry Hicks,10,0,0,8,2
Desha,BOWIE RURAL,Attorney General,,LIB,Kerry Hicks,2,0,0,1,1
Desha,CLAYTON MCARTHUR,Attorney General,,LIB,Kerry Hicks,2,0,0,2,0
Desha,CLAYTON REED,Attorney General,,LIB,Kerry Hicks,1,0,0,0,1
Desha,CLAYTON TILLAR,Attorney General,,LIB,Kerry Hicks,0,0,0,0,0
Desha,FRANKLIN,Attorney General,,LIB,Kerry Hicks,6,0,0,2,4
Desha,HALLEY,Attorney General,,LIB,Kerry Hicks,1,0,0,1,0
Desha,JEFFERSON,Attorney General,,LIB,Kerry Hicks,1,0,0,1,0
Desha,MISSISSIPPI,Attorney General,,LIB,Kerry Hicks,0,0,0,0,0
Desha,MITCHELLVILLE,Attorney General,,LIB,Kerry Hicks,2,0,0,0,2
Desha,RANDOLPH 1,Attorney General,,LIB,Kerry Hicks,3,0,0,2,1
Desha,RANDOLPH 2,Attorney General,,LIB,Kerry Hicks,9,0,0,3,6
Desha,RANDOLPH 3,Attorney General,,LIB,Kerry Hicks,8,1,0,5,2
Desha,RANDOLPH 4,Attorney General,,LIB,Kerry Hicks,11,0,0,3,8
Desha,RANDOLPH RURAL,Attorney General,,LIB,Kerry Hicks,2,0,0,0,2
Desha,REDFORK,Attorney General,,LIB,Kerry Hicks,1,0,0,0,1
Desha,RICHLAND,Attorney General,,LIB,Kerry Hicks,2,0,0,1,1
Desha,SILVERLAKE,Attorney General,,LIB,Kerry Hicks,1,0,0,0,1
Desha,WALNUT LAKE,Attorney General,,LIB,Kerry Hicks,2,0,0,0,2
Desha,BOWIE 1,Attorney General,,DEM,Mike Lee,108,2,0,52,54
Desha,BOWIE 2,Attorney General,,DEM,Mike Lee,170,3,2,86,79
Desha,BOWIE 3,Attorney General,,DEM,Mike Lee,234,7,2,149,76
Desha,BOWIE RURAL,Attorney General,,DEM,Mike Lee,15,2,3,7,3
Desha,CLAYTON MCARTHUR,Attorney General,,DEM,Mike Lee,41,3,0,28,10
Desha,CLAYTON REED,Attorney General,,DEM,Mike Lee,46,0,0,3,43
Desha,CLAYTON TILLAR,Attorney General,,DEM,Mike Lee,2,0,0,1,1
Desha,FRANKLIN,Attorney General,,DEM,Mike Lee,70,1,0,42,27
Desha,HALLEY,Attorney General,,DEM,Mike Lee,13,1,0,5,7
Desha,JEFFERSON,Attorney General,,DEM,Mike Lee,16,4,0,9,3
Desha,MISSISSIPPI,Attorney General,,DEM,Mike Lee,6,5,0,0,1
Desha,MITCHELLVILLE,Attorney General,,DEM,Mike Lee,82,0,0,8,74
Desha,RANDOLPH 1,Attorney General,,DEM,Mike Lee,136,8,0,55,73
Desha,RANDOLPH 2,Attorney General,,DEM,Mike Lee,240,10,0,88,142
Desha,RANDOLPH 3,Attorney General,,DEM,Mike Lee,129,7,0,61,61
Desha,RANDOLPH 4,Attorney General,,DEM,Mike Lee,240,4,0,106,130
Desha,RANDOLPH RURAL,Attorney General,,DEM,Mike Lee,16,0,0,5,11
Desha,REDFORK,Attorney General,,DEM,Mike Lee,53,1,1,15,36
Desha,RICHLAND,Attorney General,,DEM,Mike Lee,13,1,0,6,6
Desha,SILVERLAKE,Attorney General,,DEM,Mike Lee,34,0,0,13,21
Desha,WALNUT LAKE,Attorney General,,DEM,Mike Lee,12,1,0,6,5
Desha,BOWIE 1,Attorney General,,REP,Attorney General Leslie Rutledge,309,2,1,170,136
Desha,BOWIE 2,Attorney General,,REP,Attorney General Leslie Rutledge,261,3,0,169,89
Desha,BOWIE 3,Attorney General,,REP,Attorney General Leslie Rutledge,50,2,0,28,20
Desha,BOWIE RURAL,Attorney General,,REP,Attorney General Leslie Rutledge,30,2,0,18,10
Desha,CLAYTON MCARTHUR,Attorney General,,REP,Attorney General Leslie Rutledge,41,0,0,29,12
Desha,CLAYTON REED,Attorney General,,REP,Attorney General Leslie Rutledge,2,0,0,0,2
Desha,CLAYTON TILLAR,Attorney General,,REP,Attorney General Leslie Rutledge,5,0,0,4,1
Desha,FRANKLIN,Attorney General,,REP,Attorney General Leslie Rutledge,71,5,0,42,24
Desha,HALLEY,Attorney General,,REP,Attorney General Leslie Rutledge,55,3,0,42,10
Desha,JEFFERSON,Attorney General,,REP,Attorney General Leslie Rutledge,53,5,1,21,26
Desha,MISSISSIPPI,Attorney General,,REP,Attorney General Leslie Rutledge,5,5,0,0,0
Desha,MITCHELLVILLE,Attorney General,,REP,Attorney General Leslie Rutledge,12,0,0,1,11
Desha,RANDOLPH 1,Attorney General,,REP,Attorney General Leslie Rutledge,74,4,0,32,38
Desha,RANDOLPH 2,Attorney General,,REP,Attorney General Leslie Rutledge,56,4,11,23,18
Desha,RANDOLPH 3,Attorney General,,REP,Attorney General Leslie Rutledge,190,11,0,108,71
Desha,RANDOLPH 4,Attorney General,,REP,Attorney General Leslie Rutledge,166,12,0,95,59
Desha,RANDOLPH RURAL,Attorney General,,REP,Attorney General Leslie Rutledge,18,0,0,11,7
Desha,REDFORK,Attorney General,,REP,Attorney General Leslie Rutledge,105,6,0,26,73
Desha,RICHLAND,Attorney General,,REP,Attorney General Leslie Rutledge,80,3,1,36,40
Desha,SILVERLAKE,Attorney General,,REP,Attorney General Leslie Rutledge,86,2,1,37,46
Desha,WALNUT LAKE,Attorney General,,REP,Attorney General Leslie Rutledge,39,1,0,16,22
Desha,BOWIE 1,Secretary of State,,DEM,Susan Inman,121,2,0,60,59
Desha,BOWIE 2,Secretary of State,,DEM,Susan Inman,197,5,2,102,88
Desha,BOWIE 3,Secretary of State,,DEM,Susan Inman,232,7,2,142,81
Desha,BOWIE RURAL,Secretary of State,,DEM,Susan Inman,18,2,3,8,5
Desha,CLAYTON MCARTHUR,Secretary of State,,DEM,Susan Inman,42,3,0,30,9
Desha,CLAYTON REED,Secretary of State,,DEM,Susan Inman,46,0,0,3,43
Desha,CLAYTON TILLAR,Secretary of State,,DEM,Susan Inman,1,0,0,0,1
Desha,FRANKLIN,Secretary of State,,DEM,Susan Inman,74,4,0,44,26
Desha,HALLEY,Secretary of State,,DEM,Susan Inman,15,1,0,8,6
Desha,JEFFERSON,Secretary of State,,DEM,Susan Inman,17,4,0,9,4
Desha,MISSISSIPPI,Secretary of State,,DEM,Susan Inman,6,5,0,0,1
Desha,MITCHELLVILLE,Secretary of State,,DEM,Susan Inman,84,0,0,7,77
Desha,RANDOLPH 1,Secretary of State,,DEM,Susan Inman,150,10,0,65,75
Desha,RANDOLPH 2,Secretary of State,,DEM,Susan Inman,247,10,0,90,147
Desha,RANDOLPH 3,Secretary of State,,DEM,Susan Inman,142,10,0,63,69
Desha,RANDOLPH 4,Secretary of State,,DEM,Susan Inman,259,7,0,117,135
Desha,RANDOLPH RURAL,Secretary of State,,DEM,Susan Inman,16,0,0,6,10
Desha,REDFORK,Secretary of State,,DEM,Susan Inman,61,3,1,18,39
Desha,RICHLAND,Secretary of State,,DEM,Susan Inman,21,1,0,12,8
Desha,SILVERLAKE,Secretary of State,,DEM,Susan Inman,37,0,0,14,23
Desha,WALNUT LAKE,Secretary of State,,DEM,Susan Inman,14,1,0,7,6
Desha,BOWIE 1,Secretary of State,,LIB,Christopher Olson,9,0,0,3,6
Desha,BOWIE 2,Secretary of State,,LIB,Christopher Olson,8,0,0,6,2
Desha,BOWIE 3,Secretary of State,,LIB,Christopher Olson,9,0,0,8,1
Desha,BOWIE RURAL,Secretary of State,,LIB,Christopher Olson,2,0,0,2,0
Desha,CLAYTON MCARTHUR,Secretary of State,,LIB,Christopher Olson,2,0,0,1,1
Desha,CLAYTON REED,Secretary of State,,LIB,Christopher Olson,2,0,0,0,2
Desha,CLAYTON TILLAR,Secretary of State,,LIB,Christopher Olson,0,0,0,0,0
Desha,FRANKLIN,Secretary of State,,LIB,Christopher Olson,3,0,0,0,3
Desha,HALLEY,Secretary of State,,LIB,Christopher Olson,1,0,0,1,0
Desha,JEFFERSON,Secretary of State,,LIB,Christopher Olson,2,0,0,1,1
Desha,MISSISSIPPI,Secretary of State,,LIB,Christopher Olson,0,0,0,0,0
Desha,MITCHELLVILLE,Secretary of State,,LIB,Christopher Olson,3,0,0,1,2
Desha,RANDOLPH 1,Secretary of State,,LIB,Christopher Olson,7,0,0,1,6
Desha,RANDOLPH 2,Secretary of State,,LIB,Christopher Olson,8,0,0,3,5
Desha,RANDOLPH 3,Secretary of State,,LIB,Christopher Olson,9,1,0,4,4
Desha,RANDOLPH 4,Secretary of State,,LIB,Christopher Olson,18,0,0,7,11
Desha,RANDOLPH RURAL,Secretary of State,,LIB,Christopher Olson,2,0,0,0,2
Desha,REDFORK,Secretary of State,,LIB,Christopher Olson,1,0,0,0,1
Desha,RICHLAND,Secretary of State,,LIB,Christopher Olson,4,0,0,1,3
Desha,SILVERLAKE,Secretary of State,,LIB,Christopher Olson,2,0,0,1,1
Desha,WALNUT LAKE,Secretary of State,,LIB,Christopher Olson,3,0,0,1,2
Desha,BOWIE 1,Secretary of State,,REP,John Thurston Commissioner of State Lands,286,2,1,157,126
Desha,BOWIE 2,Secretary of State,,REP,John Thurston Commissioner of State Lands,237,1,1,152,83
Desha,BOWIE 3,Secretary of State,,REP,John Thurston Commissioner of State Lands,46,2,0,30,14
Desha,BOWIE RURAL,Secretary of State,,REP,John Thurston Commissioner of State Lands,24,0,0,16,8
Desha,CLAYTON MCARTHUR,Secretary of State,,REP,John Thurston Commissioner of State Lands,38,0,0,27,11
Desha,CLAYTON REED,Secretary of State,,REP,John Thurston Commissioner of State Lands,2,0,0,0,2
Desha,CLAYTON TILLAR,Secretary of State,,REP,John Thurston Commissioner of State Lands,6,0,0,5,1
Desha,FRANKLIN,Secretary of State,,REP,John Thurston Commissioner of State Lands,72,2,0,45,25
Desha,HALLEY,Secretary of State,,REP,John Thurston Commissioner of State Lands,52,3,0,38,11
Desha,JEFFERSON,Secretary of State,,REP,John Thurston Commissioner of State Lands,51,5,1,21,24
Desha,MISSISSIPPI,Secretary of State,,REP,John Thurston Commissioner of State Lands,5,5,0,0,0
Desha,MITCHELLVILLE,Secretary of State,,REP,John Thurston Commissioner of State Lands,9,0,0,2,7
Desha,RANDOLPH 1,Secretary of State,,REP,John Thurston Commissioner of State Lands,56,2,0,24,30
Desha,RANDOLPH 2,Secretary of State,,REP,John Thurston Commissioner of State Lands,41,3,1,21,16
Desha,RANDOLPH 3,Secretary of State,,REP,John Thurston Commissioner of State Lands,172,8,0,104,60
Desha,RANDOLPH 4,Secretary of State,,REP,John Thurston Commissioner of State Lands,136,9,0,78,49
Desha,RANDOLPH RURAL,Secretary of State,,REP,John Thurston Commissioner of State Lands,19,0,0,10,9
Desha,REDFORK,Secretary of State,,REP,John Thurston Commissioner of State Lands,94,4,0,22,68
Desha,RICHLAND,Secretary of State,,REP,John Thurston Commissioner of State Lands,69,3,1,29,36
Desha,SILVERLAKE,Secretary of State,,REP,John Thurston Commissioner of State Lands,81,2,1,35,43
Desha,WALNUT LAKE,Secretary of State,,REP,John Thurston Commissioner of State Lands,36,1,0,14,21
Desha,BOWIE 1,State Treasurer,,REP,Treasurer of State Dennis Milligan,339,3,1,184,151
Desha,BOWIE 2,State Treasurer,,REP,Treasurer of State Dennis Milligan,283,2,1,177,103
Desha,BOWIE 3,State Treasurer,,REP,Treasurer of State Dennis Milligan,70,3,0,42,25
Desha,BOWIE RURAL,State Treasurer,,REP,Treasurer of State Dennis Milligan,26,0,0,17,9
Desha,CLAYTON MCARTHUR,State Treasurer,,REP,Treasurer of State Dennis Milligan,48,2,0,33,13
Desha,CLAYTON REED,State Treasurer,,REP,Treasurer of State Dennis Milligan,3,0,0,0,3
Desha,CLAYTON TILLAR,State Treasurer,,REP,Treasurer of State Dennis Milligan,6,0,0,5,1
Desha,FRANKLIN,State Treasurer,,REP,Treasurer of State Dennis Milligan,85,6,0,47,32
Desha,HALLEY,State Treasurer,,REP,Treasurer of State Dennis Milligan,53,3,0,40,10
Desha,JEFFERSON,State Treasurer,,REP,Treasurer of State Dennis Milligan,59,5,1,26,27
Desha,MISSISSIPPI,State Treasurer,,REP,Treasurer of State Dennis Milligan,5,5,0,0,0
Desha,MITCHELLVILLE,State Treasurer,,REP,Treasurer of State Dennis Milligan,30,0,0,2,28
Desha,RANDOLPH 1,State Treasurer,,REP,Treasurer of State Dennis Milligan,92,5,0,48,39
Desha,RANDOLPH 2,State Treasurer,,REP,Treasurer of State Dennis Milligan,90,8,1,44,37
Desha,RANDOLPH 3,State Treasurer,,REP,Treasurer of State Dennis Milligan,215,13,0,120,82
Desha,RANDOLPH 4,State Treasurer,,REP,Treasurer of State Dennis Milligan,197,12,0,110,75
Desha,RANDOLPH RURAL,State Treasurer,,REP,Treasurer of State Dennis Milligan,25,0,0,12,13
Desha,REDFORK,State Treasurer,,REP,Treasurer of State Dennis Milligan,107,7,0,26,74
Desha,RICHLAND,State Treasurer,,REP,Treasurer of State Dennis Milligan,85,3,1,39,42
Desha,SILVERLAKE,State Treasurer,,REP,Treasurer of State Dennis Milligan,86,2,1,38,45
Desha,WALNUT LAKE,State Treasurer,,REP,Treasurer of State Dennis Milligan,42,2,0,16,24
Desha,BOWIE 1,State Treasurer,,LIB,Ashley Ewald,69,1,0,31,37
Desha,BOWIE 2,State Treasurer,,LIB,Ashley Ewald,126,4,1,64,57
Desha,BOWIE 3,State Treasurer,,LIB,Ashley Ewald,178,2,1,110,65
Desha,BOWIE RURAL,State Treasurer,,LIB,Ashley Ewald,17,2,3,8,4
Desha,CLAYTON MCARTHUR,State Treasurer,,LIB,Ashley Ewald,28,1,0,21,6
Desha,CLAYTON REED,State Treasurer,,LIB,Ashley Ewald,30,0,0,3,27
Desha,CLAYTON TILLAR,State Treasurer,,LIB,Ashley Ewald,0,0,0,0,0
Desha,FRANKLIN,State Treasurer,,LIB,Ashley Ewald,52,0,0,31,21
Desha,HALLEY,State Treasurer,,LIB,Ashley Ewald,12,1,0,5,6
Desha,JEFFERSON,State Treasurer,,LIB,Ashley Ewald,10,4,0,5,1
Desha,MISSISSIPPI,State Treasurer,,LIB,Ashley Ewald,6,5,0,0,1
Desha,MITCHELLVILLE,State Treasurer,,LIB,Ashley Ewald,55,0,0,7,48
Desha,RANDOLPH 1,State Treasurer,,LIB,Ashley Ewald,97,7,0,30,60
Desha,RANDOLPH 2,State Treasurer,,LIB,Ashley Ewald,170,5,0,52,113
Desha,RANDOLPH 3,State Treasurer,,LIB,Ashley Ewald,95,4,0,42,49
Desha,RANDOLPH 4,State Treasurer,,LIB,Ashley Ewald,197,1,0,84,112
Desha,RANDOLPH RURAL,State Treasurer,,LIB,Ashley Ewald,11,0,0,3,8
Desha,REDFORK,State Treasurer,,LIB,Ashley Ewald,43,0,1,13,29
Desha,RICHLAND,State Treasurer,,LIB,Ashley Ewald,10,1,0,4,5
Desha,SILVERLAKE,State Treasurer,,LIB,Ashley Ewald,25,0,0,9,16
Desha,WALNUT LAKE,State Treasurer,,LIB,Ashley Ewald,10,0,0,5,5
Desha,BOWIE 1,Auditor of State,,REP,Auditor Andrea Lea,341,3,1,186,151
Desha,BOWIE 2,Auditor of State,,REP,Auditor Andrea Lea,296,3,1,185,107
Desha,BOWIE 3,Auditor of State,,REP,Auditor Andrea Lea,80,2,0,48,30
Desha,BOWIE RURAL,Auditor of State,,REP,Auditor Andrea Lea,27,0,0,18,9
Desha,CLAYTON MCARTHUR,Auditor of State,,REP,Auditor Andrea Lea,49,2,0,34,13
Desha,CLAYTON REED,Auditor of State,,REP,Auditor Andrea Lea,4,0,0,0,4
Desha,CLAYTON TILLAR,Auditor of State,,REP,Auditor Andrea Lea,6,0,0,5,1
Desha,FRANKLIN,Auditor of State,,REP,Auditor Andrea Lea,83,3,0,50,30
Desha,HALLEY,Auditor of State,,REP,Auditor Andrea Lea,53,3,0,40,10
Desha,JEFFERSON,Auditor of State,,REP,Auditor Andrea Lea,56,5,1,24,26
Desha,MISSISSIPPI,Auditor of State,,REP,Auditor Andrea Lea,5,5,0,0,0
Desha,MITCHELLVILLE,Auditor of State,,REP,Auditor Andrea Lea,28,0,0,3,25
Desha,RANDOLPH 1,Auditor of State,,REP,Auditor Andrea Lea,88,6,0,44,38
Desha,RANDOLPH 2,Auditor of State,,REP,Auditor Andrea Lea,92,9,1,37,45
Desha,RANDOLPH 3,Auditor of State,,REP,Auditor Andrea Lea,207,14,0,117,76
Desha,RANDOLPH 4,Auditor of State,,REP,Auditor Andrea Lea,206,11,0,112,83
Desha,RANDOLPH RURAL,Auditor of State,,REP,Auditor Andrea Lea,25,0,0,13,12
Desha,REDFORK,Auditor of State,,REP,Auditor Andrea Lea,109,7,0,31,71
Desha,RICHLAND,Auditor of State,,REP,Auditor Andrea Lea,83,2,1,38,42
Desha,SILVERLAKE,Auditor of State,,REP,Auditor Andrea Lea,90,2,1,41,46
Desha,WALNUT LAKE,Auditor of State,,REP,Auditor Andrea Lea,44,2,0,18,24
Desha,BOWIE 1,Auditor of State,,LIB,David E. Dinwiddie,63,1,0,27,35
Desha,BOWIE 2,Auditor of State,,LIB,David E. Dinwiddie,115,2,1,59,53
Desha,BOWIE 3,Auditor of State,,LIB,David E. Dinwiddie,167,3,1,105,58
Desha,BOWIE RURAL,Auditor of State,,LIB,David E. Dinwiddie,15,1,3,7,4
Desha,CLAYTON MCARTHUR,Auditor of State,,LIB,David E. Dinwiddie,25,1,0,19,5
Desha,CLAYTON REED,Auditor of State,,LIB,David E. Dinwiddie,31,0,0,3,28
Desha,CLAYTON TILLAR,Auditor of State,,LIB,David E. Dinwiddie,0,0,0,0,0
Desha,FRANKLIN,Auditor of State,,LIB,David E. Dinwiddie,55,3,0,29,23
Desha,HALLEY,Auditor of State,,LIB,David E. Dinwiddie,12,1,0,5,6
Desha,JEFFERSON,Auditor of State,,LIB,David E. Dinwiddie,12,4,0,5,3
Desha,MISSISSIPPI,Auditor of State,,LIB,David E. Dinwiddie,6,5,0,0,1
Desha,MITCHELLVILLE,Auditor of State,,LIB,David E. Dinwiddie,55,0,0,5,50
Desha,RANDOLPH 1,Auditor of State,,LIB,David E. Dinwiddie,100,6,0,31,63
Desha,RANDOLPH 2,Auditor of State,,LIB,David E. Dinwiddie,174,4,0,60,110
Desha,RANDOLPH 3,Auditor of State,,LIB,David E. Dinwiddie,102,3,0,47,52
Desha,RANDOLPH 4,Auditor of State,,LIB,David E. Dinwiddie,186,1,0,81,104
Desha,RANDOLPH RURAL,Auditor of State,,LIB,David E. Dinwiddie,11,0,0,2,9
Desha,REDFORK,Auditor of State,,LIB,David E. Dinwiddie,37,0,0,9,28
Desha,RICHLAND,Auditor of State,,LIB,David E. Dinwiddie,9,1,0,4,4
Desha,SILVERLAKE,Auditor of State,,LIB,David E. Dinwiddie,24,0,0,7,17
Desha,WALNUT LAKE,Auditor of State,,LIB,David E. Dinwiddie,9,0,0,4,5
Desha,BOWIE 1,Commissioner of State Lands,,LIB,T.J. Campbell,5,0,0,4,1
Desha,BOWIE 2,Commissioner of State Lands,,LIB,T.J. Campbell,8,0,0,5,3
Desha,BOWIE 3,Commissioner of State Lands,,LIB,T.J. Campbell,11,0,0,8,3
Desha,BOWIE RURAL,Commissioner of State Lands,,LIB,T.J. Campbell,1,0,0,0,1
Desha,CLAYTON MCARTHUR,Commissioner of State Lands,,LIB,T.J. Campbell,4,2,0,1,1
Desha,CLAYTON REED,Commissioner of State Lands,,LIB,T.J. Campbell,1,0,0,0,1
Desha,CLAYTON TILLAR,Commissioner of State Lands,,LIB,T.J. Campbell,0,0,0,0,0
Desha,FRANKLIN,Commissioner of State Lands,,LIB,T.J. Campbell,4,0,0,2,2
Desha,HALLEY,Commissioner of State Lands,,LIB,T.J. Campbell,2,0,0,1,1
Desha,JEFFERSON,Commissioner of State Lands,,LIB,T.J. Campbell,0,0,0,0,0
Desha,MISSISSIPPI,Commissioner of State Lands,,LIB,T.J. Campbell,5,5,0,0,0
Desha,MITCHELLVILLE,Commissioner of State Lands,,LIB,T.J. Campbell,0,0,0,0,0
Desha,RANDOLPH 1,Commissioner of State Lands,,LIB,T.J. Campbell,7,0,0,5,2
Desha,RANDOLPH 2,Commissioner of State Lands,,LIB,T.J. Campbell,4,0,0,2,2
Desha,RANDOLPH 3,Commissioner of State Lands,,LIB,T.J. Campbell,3,0,0,2,1
Desha,RANDOLPH 4,Commissioner of State Lands,,LIB,T.J. Campbell,5,0,0,4,1
Desha,RANDOLPH RURAL,Commissioner of State Lands,,LIB,T.J. Campbell,0,0,0,0,0
Desha,REDFORK,Commissioner of State Lands,,LIB,T.J. Campbell,1,0,0,0,1
Desha,RICHLAND,Commissioner of State Lands,,LIB,T.J. Campbell,6,0,0,3,3
Desha,SILVERLAKE,Commissioner of State Lands,,LIB,T.J. Campbell,1,0,0,1,0
Desha,WALNUT LAKE,Commissioner of State Lands,,LIB,T.J. Campbell,1,0,0,0,1
Desha,BOWIE 1,Commissioner of State Lands,,REP,Tommy Land,274,2,1,148,123
Desha,BOWIE 2,Commissioner of State Lands,,REP,Tommy Land,226,2,1,145,78
Desha,BOWIE 3,Commissioner of State Lands,,REP,Tommy Land,42,1,0,28,13
Desha,BOWIE RURAL,Commissioner of State Lands,,REP,Tommy Land,25,0,0,16,9
Desha,CLAYTON MCARTHUR,Commissioner of State Lands,,REP,Tommy Land,39,0,0,29,10
Desha,CLAYTON REED,Commissioner of State Lands,,REP,Tommy Land,2,0,0,0,2
Desha,CLAYTON TILLAR,Commissioner of State Lands,,REP,Tommy Land,5,0,0,4,1
Desha,FRANKLIN,Commissioner of State Lands,,REP,Tommy Land,64,3,0,34,27
Desha,HALLEY,Commissioner of State Lands,,REP,Tommy Land,50,3,0,36,11
Desha,JEFFERSON,Commissioner of State Lands,,REP,Tommy Land,46,5,1,16,24
Desha,MISSISSIPPI,Commissioner of State Lands,,REP,Tommy Land,5,5,0,0,0
Desha,MITCHELLVILLE,Commissioner of State Lands,,REP,Tommy Land,5,0,0,0,5
Desha,RANDOLPH 1,Commissioner of State Lands,,REP,Tommy Land,50,2,0,19,29
Desha,RANDOLPH 2,Commissioner of State Lands,,REP,Tommy Land,33,2,1,16,14
Desha,RANDOLPH 3,Commissioner of State Lands,,REP,Tommy Land,166,7,0,96,63
Desha,RANDOLPH 4,Commissioner of State Lands,,REP,Tommy Land,138,8,0,79,51
Desha,RANDOLPH RURAL,Commissioner of State Lands,,REP,Tommy Land,19,0,0,9,10
Desha,REDFORK,Commissioner of State Lands,,REP,Tommy Land,91,5,0,22,64
Desha,RICHLAND,Commissioner of State Lands,,REP,Tommy Land,64,2,1,27,34
Desha,SILVERLAKE,Commissioner of State Lands,,REP,Tommy Land,81,2,1,35,43
Desha,WALNUT LAKE,Commissioner of State Lands,,REP,Tommy Land,38,1,0,15,22
Desha,BOWIE 1,Commissioner of State Lands,,DEM,Larry Williams,133,2,0,67,64
Desha,BOWIE 2,Commissioner of State Lands,,DEM,Larry Williams,199,4,2,105,88
Desha,BOWIE 3,Commissioner of State Lands,,DEM,Larry Williams,239,8,1,147,83
Desha,BOWIE RURAL,Commissioner of State Lands,,DEM,Larry Williams,18,2,3,10,3
Desha,CLAYTON MCARTHUR,Commissioner of State Lands,,DEM,Larry Williams,40,1,0,28,11
Desha,CLAYTON REED,Commissioner of State Lands,,DEM,Larry Williams,47,0,0,3,44
Desha,CLAYTON TILLAR,Commissioner of State Lands,,DEM,Larry Williams,2,0,0,1,1
Desha,FRANKLIN,Commissioner of State Lands,,DEM,Larry Williams,77,3,0,49,25
Desha,HALLEY,Commissioner of State Lands,,DEM,Larry Williams,17,1,0,11,5
Desha,JEFFERSON,Commissioner of State Lands,,DEM,Larry Williams,21,4,0,13,4
Desha,MISSISSIPPI,Commissioner of State Lands,,DEM,Larry Williams,1,0,0,0,1
Desha,MITCHELLVILLE,Commissioner of State Lands,,DEM,Larry Williams,92,0,0,10,82
Desha,RANDOLPH 1,Commissioner of State Lands,,DEM,Larry Williams,154,10,0,67,77
Desha,RANDOLPH 2,Commissioner of State Lands,,DEM,Larry Williams,251,11,0,94,146
Desha,RANDOLPH 3,Commissioner of State Lands,,DEM,Larry Williams,144,10,0,67,67
Desha,RANDOLPH 4,Commissioner of State Lands,,DEM,Larry Williams,268,6,0,119,143
Desha,RANDOLPH RURAL,Commissioner of State Lands,,DEM,Larry Williams,18,0,0,7,11
Desha,REDFORK,Commissioner of State Lands,,DEM,Larry Williams,67,2,1,20,44
Desha,RICHLAND,Commissioner of State Lands,,DEM,Larry Williams,24,1,0,15,8
Desha,SILVERLAKE,Commissioner of State Lands,,DEM,Larry Williams,35,0,0,12,23
Desha,WALNUT LAKE,Commissioner of State Lands,,DEM,Larry Williams,13,1,0,6,6
Desha,BOWIE 1,State Representative,11,IND,Representative Mark McElroy,266,2,1,143,120
Desha,BOWIE 2,State Representative,11,IND,Representative Mark McElroy,213,4,0,133,76
Desha,BOWIE 3,State Representative,11,IND,Representative Mark McElroy,61,5,0,38,18
Desha,BOWIE RURAL,State Representative,11,IND,Representative Mark McElroy,21,1,0,14,6
Desha,CLAYTON MCARTHUR,State Representative,11,IND,Representative Mark McElroy,38,1,0,24,13
Desha,CLAYTON REED,State Representative,11,IND,Representative Mark McElroy,5,0,0,0,5
Desha,CLAYTON TILLAR,State Representative,11,IND,Representative Mark McElroy,4,0,0,3,1
Desha,FRANKLIN,State Representative,11,IND,Representative Mark McElroy,79,4,0,49,26
Desha,HALLEY,State Representative,11,IND,Representative Mark McElroy,43,4,0,30,9
Desha,JEFFERSON,State Representative,11,IND,Representative Mark McElroy,49,7,1,21,20
Desha,MITCHELLVILLE,State Representative,11,IND,Representative Mark McElroy,5,0,0,0,5
Desha,RANDOLPH 1,State Representative,11,IND,Representative Mark McElroy,52,2,0,23,27
Desha,RANDOLPH 2,State Representative,11,IND,Representative Mark McElroy,62,3,0,29,30
Desha,RANDOLPH 3,State Representative,11,IND,Representative Mark McElroy,151,11,0,76,64
Desha,RANDOLPH 4,State Representative,11,IND,Representative Mark McElroy,143,13,0,72,58
Desha,RANDOLPH RURAL,State Representative,11,IND,Representative Mark McElroy,16,0,0,8,8
Desha,REDFORK,State Representative,11,IND,Representative Mark McElroy,87,7,0,23,57
Desha,RICHLAND,State Representative,11,IND,Representative Mark McElroy,76,3,1,37,35
Desha,SILVERLAKE,State Representative,11,IND,Representative Mark McElroy,53,0,0,25,28
Desha,WALNUT LAKE,State Representative,11,IND,Representative Mark McElroy,26,0,0,9,17
Desha,BOWIE 1,State Representative,11,DEM,Don Glover,78,1,0,41,36
Desha,BOWIE 2,State Representative,11,DEM,Don Glover,128,1,3,65,59
Desha,BOWIE 3,State Representative,11,DEM,Don Glover,205,4,2,133,66
Desha,BOWIE RURAL,State Representative,11,DEM,Don Glover,14,1,3,5,5
Desha,CLAYTON MCARTHUR,State Representative,11,DEM,Don Glover,35,2,0,23,10
Desha,CLAYTON REED,State Representative,11,DEM,Don Glover,42,0,0,3,39
Desha,CLAYTON TILLAR,State Representative,11,DEM,Don Glover,1,0,0,1,0
Desha,FRANKLIN,State Representative,11,DEM,Don Glover,47,2,0,27,18
Desha,HALLEY,State Representative,11,DEM,Don Glover,12,0,0,9,3
Desha,JEFFERSON,State Representative,11,DEM,Don Glover,8,0,0,7,1
Desha,MITCHELLVILLE,State Representative,11,DEM,Don Glover,76,0,0,9,67
Desha,RANDOLPH 1,State Representative,11,DEM,Don Glover,133,9,0,55,69
Desha,RANDOLPH 2,State Representative,11,DEM,Don Glover,205,8,0,77,120
Desha,RANDOLPH 3,State Representative,11,DEM,Don Glover,113,4,0,61,48
Desha,RANDOLPH 4,State Representative,11,DEM,Don Glover,216,3,0,102,111
Desha,RANDOLPH RURAL,State Representative,11,DEM,Don Glover,15,0,0,4,11
Desha,REDFORK,State Representative,11,DEM,Don Glover,48,1,1,11,35
Desha,RICHLAND,State Representative,11,DEM,Don Glover,8,0,0,5,3
Desha,SILVERLAKE,State Representative,11,DEM,Don Glover,30,0,0,11,19
Desha,WALNUT LAKE,State Representative,11,DEM,Don Glover,11,0,0,7,4
Desha,BOWIE 1,State Representative,11,REP,"Ricky E. Lattimore, Sr.",81,1,0,41,39
Desha,BOWIE 2,State Representative,11,REP,"Ricky E. Lattimore, Sr.",105,1,0,64,40
Desha,BOWIE 3,State Representative,11,REP,"Ricky E. Lattimore, Sr.",39,0,0,24,15
Desha,BOWIE RURAL,State Representative,11,REP,"Ricky E. Lattimore, Sr.",12,0,0,9,3
Desha,CLAYTON MCARTHUR,State Representative,11,REP,"Ricky E. Lattimore, Sr.",16,0,0,13,3
Desha,CLAYTON REED,State Representative,11,REP,"Ricky E. Lattimore, Sr.",3,0,0,0,3
Desha,CLAYTON TILLAR,State Representative,11,REP,"Ricky E. Lattimore, Sr.",2,0,0,1,1
Desha,FRANKLIN,State Representative,11,REP,"Ricky E. Lattimore, Sr.",26,0,0,15,11
Desha,HALLEY,State Representative,11,REP,"Ricky E. Lattimore, Sr.",15,0,0,10,5
Desha,JEFFERSON,State Representative,11,REP,"Ricky E. Lattimore, Sr.",17,3,0,6,8
Desha,MITCHELLVILLE,State Representative,11,REP,"Ricky E. Lattimore, Sr.",15,0,0,1,14
Desha,RANDOLPH 1,State Representative,11,REP,"Ricky E. Lattimore, Sr.",32,1,0,14,17
Desha,RANDOLPH 2,State Representative,11,REP,"Ricky E. Lattimore, Sr.",32,3,1,9,19
Desha,RANDOLPH 3,State Representative,11,REP,"Ricky E. Lattimore, Sr.",70,4,0,38,28
Desha,RANDOLPH 4,State Representative,11,REP,"Ricky E. Lattimore, Sr.",62,1,0,30,31
Desha,RANDOLPH RURAL,State Representative,11,REP,"Ricky E. Lattimore, Sr.",6,0,0,4,2
Desha,REDFORK,State Representative,11,REP,"Ricky E. Lattimore, Sr.",30,0,0,9,21
Desha,RICHLAND,State Representative,11,REP,"Ricky E. Lattimore, Sr.",12,1,0,3,8
Desha,SILVERLAKE,State Representative,11,REP,"Ricky E. Lattimore, Sr.",37,2,1,14,20
Desha,WALNUT LAKE,State Representative,11,REP,"Ricky E. Lattimore, Sr.",18,2,0,7,9
Desha,MISSISSIPPI,State Representative,12,REP,Jason Dobson,0,0,0,0,0
Desha,MISSISSIPPI,State Representative,12,DEM,Representative Chris Richey,1,0,0,0,1
Desha,BOWIE 1,State Supreme Court Associate Justice Position 3,,NON,State Supreme Court Justice Courtney Goodson,253,3,1,132,117
Desha,BOWIE 2,State Supreme Court Associate Justice Position 3,,NON,State Supreme Court Justice Courtney Goodson,254,4,0,156,94
Desha,BOWIE 3,State Supreme Court Associate Justice Position 3,,NON,State Supreme Court Justice Courtney Goodson,135,4,1,78,52
Desha,BOWIE RURAL,State Supreme Court Associate Justice Position 3,,NON,State Supreme Court Justice Courtney Goodson,26,0,0,18,8
Desha,CLAYTON MCARTHUR,State Supreme Court Associate Justice Position 3,,NON,State Supreme Court Justice Courtney Goodson,48,2,0,32,14
Desha,CLAYTON REED,State Supreme Court Associate Justice Position 3,,NON,State Supreme Court Justice Courtney Goodson,14,0,0,3,11
Desha,CLAYTON TILLAR,State Supreme Court Associate Justice Position 3,,NON,State Supreme Court Justice Courtney Goodson,3,0,0,2,1
Desha,FRANKLIN,State Supreme Court Associate Justice Position 3,,NON,State Supreme Court Justice Courtney Goodson,83,6,0,56,21
Desha,HALLEY,State Supreme Court Associate Justice Position 3,,NON,State Supreme Court Justice Courtney Goodson,41,1,0,29,11
Desha,JEFFERSON,State Supreme Court Associate Justice Position 3,,NON,State Supreme Court Justice Courtney Goodson,43,3,1,20,19
Desha,MISSISSIPPI,State Supreme Court Associate Justice Position 3,,NON,State Supreme Court Justice Courtney Goodson,5,5,0,0,0
Desha,MITCHELLVILLE,State Supreme Court Associate Justice Position 3,,NON,State Supreme Court Justice Courtney Goodson,50,0,0,4,46
Desha,RANDOLPH 1,State Supreme Court Associate Justice Position 3,,NON,State Supreme Court Justice Courtney Goodson,108,3,0,47,58
Desha,RANDOLPH 2,State Supreme Court Associate Justice Position 3,,NON,State Supreme Court Justice Courtney Goodson,142,5,1,63,73
Desha,RANDOLPH 3,State Supreme Court Associate Justice Position 3,,NON,State Supreme Court Justice Courtney Goodson,182,12,0,99,71
Desha,RANDOLPH 4,State Supreme Court Associate Justice Position 3,,NON,State Supreme Court Justice Courtney Goodson,223,12,0,114,97
Desha,RANDOLPH RURAL,State Supreme Court Associate Justice Position 3,,NON,State Supreme Court Justice Courtney Goodson,14,0,0,6,8
Desha,REDFORK,State Supreme Court Associate Justice Position 3,,NON,State Supreme Court Justice Courtney Goodson,82,5,1,17,59
Desha,RICHLAND,State Supreme Court Associate Justice Position 3,,NON,State Supreme Court Justice Courtney Goodson,56,2,0,27,27
Desha,SILVERLAKE,State Supreme Court Associate Justice Position 3,,NON,State Supreme Court Justice Courtney Goodson,59,2,1,22,34
Desha,WALNUT LAKE,State Supreme Court Associate Justice Position 3,,NON,State Supreme Court Justice Courtney Goodson,35,2,0,13,20
Desha,BOWIE 1,State Supreme Court Associate Justice Position 3,,NON,David Sterling,138,0,0,73,65
Desha,BOWIE 2,State Supreme Court Associate Justice Position 3,,NON,David Sterling,143,2,1,81,59
Desha,BOWIE 3,State Supreme Court Associate Justice Position 3,,NON,David Sterling,103,2,1,66,34
Desha,BOWIE RURAL,State Supreme Court Associate Justice Position 3,,NON,David Sterling,14,2,3,4,5
Desha,CLAYTON MCARTHUR,State Supreme Court Associate Justice Position 3,,NON,David Sterling,29,1,0,23,5
Desha,CLAYTON REED,State Supreme Court Associate Justice Position 3,,NON,David Sterling,14,0,0,0,14
Desha,CLAYTON TILLAR,State Supreme Court Associate Justice Position 3,,NON,David Sterling,3,0,0,3,0
Desha,FRANKLIN,State Supreme Court Associate Justice Position 3,,NON,David Sterling,49,0,0,23,26
Desha,HALLEY,State Supreme Court Associate Justice Position 3,,NON,David Sterling,24,2,0,16,6
Desha,JEFFERSON,State Supreme Court Associate Justice Position 3,,NON,David Sterling,26,6,0,11,9
Desha,MISSISSIPPI,State Supreme Court Associate Justice Position 3,,NON,David Sterling,5,4,0,0,1
Desha,MITCHELLVILLE,State Supreme Court Associate Justice Position 3,,NON,David Sterling,26,0,0,5,21
Desha,RANDOLPH 1,State Supreme Court Associate Justice Position 3,,NON,David Sterling,84,9,0,31,44
Desha,RANDOLPH 2,State Supreme Court Associate Justice Position 3,,NON,David Sterling,116,7,0,34,75
Desha,RANDOLPH 3,State Supreme Court Associate Justice Position 3,,NON,David Sterling,118,6,0,58,54
Desha,RANDOLPH 4,State Supreme Court Associate Justice Position 3,,NON,David Sterling,157,4,0,72,81
Desha,RANDOLPH RURAL,State Supreme Court Associate Justice Position 3,,NON,David Sterling,22,0,0,10,12
Desha,REDFORK,State Supreme Court Associate Justice Position 3,,NON,David Sterling,61,2,0,20,39
Desha,RICHLAND,State Supreme Court Associate Justice Position 3,,NON,David Sterling,30,2,1,13,14
Desha,SILVERLAKE,State Supreme Court Associate Justice Position 3,,NON,David Sterling,42,0,0,20,22
Desha,WALNUT LAKE,State Supreme Court Associate Justice Position 3,,NON,David Sterling,15,0,0,8,7
Desha,BOWIE 1,DESHA CO. JUDGE,,IND,ANITA MONTGOMERY,79,1,1,30,47
Desha,BOWIE 2,DESHA CO. JUDGE,,IND,ANITA MONTGOMERY,87,2,1,48,36
Desha,BOWIE 3,DESHA CO. JUDGE,,IND,ANITA MONTGOMERY,46,0,1,35,10
Desha,BOWIE RURAL,DESHA CO. JUDGE,,IND,ANITA MONTGOMERY,16,1,3,7,5
Desha,CLAYTON MCARTHUR,DESHA CO. JUDGE,,IND,ANITA MONTGOMERY,20,1,0,15,4
Desha,CLAYTON REED,DESHA CO. JUDGE,,IND,ANITA MONTGOMERY,2,0,0,0,2
Desha,CLAYTON TILLAR,DESHA CO. JUDGE,,IND,ANITA MONTGOMERY,1,0,0,1,0
Desha,FRANKLIN,DESHA CO. JUDGE,,IND,ANITA MONTGOMERY,45,1,0,25,19
Desha,HALLEY,DESHA CO. JUDGE,,IND,ANITA MONTGOMERY,10,0,0,7,3
Desha,JEFFERSON,DESHA CO. JUDGE,,IND,ANITA MONTGOMERY,20,2,0,11,7
Desha,MISSISSIPPI,DESHA CO. JUDGE,,IND,ANITA MONTGOMERY,3,2,0,0,1
Desha,MITCHELLVILLE,DESHA CO. JUDGE,,IND,ANITA MONTGOMERY,26,0,0,3,23
Desha,RANDOLPH 1,DESHA CO. JUDGE,,IND,ANITA MONTGOMERY,63,3,0,28,32
Desha,RANDOLPH 2,DESHA CO. JUDGE,,IND,ANITA MONTGOMERY,61,1,0,28,32
Desha,RANDOLPH 3,DESHA CO. JUDGE,,IND,ANITA MONTGOMERY,125,9,0,54,62
Desha,RANDOLPH 4,DESHA CO. JUDGE,,IND,ANITA MONTGOMERY,123,3,0,58,62
Desha,RANDOLPH RURAL,DESHA CO. JUDGE,,IND,ANITA MONTGOMERY,7,0,0,2,5
Desha,REDFORK,DESHA CO. JUDGE,,IND,ANITA MONTGOMERY,61,0,0,15,46
Desha,RICHLAND,DESHA CO. JUDGE,,IND,ANITA MONTGOMERY,26,0,0,14,12
Desha,SILVERLAKE,DESHA CO. JUDGE,,IND,ANITA MONTGOMERY,51,2,0,22,27
Desha,WALNUT LAKE,DESHA CO. JUDGE,,IND,ANITA MONTGOMERY,28,1,0,8,19
Desha,BOWIE 1,DESHA CO. JUDGE,,DEM,RICHARD TINDALL,344,3,0,193,148
Desha,BOWIE 2,DESHA CO. JUDGE,,DEM,RICHARD TINDALL,352,4,1,212,135
Desha,BOWIE 3,DESHA CO. JUDGE,,DEM,RICHARD TINDALL,246,9,1,149,87
Desha,BOWIE RURAL,DESHA CO. JUDGE,,DEM,RICHARD TINDALL,29,1,0,19,9
Desha,CLAYTON MCARTHUR,DESHA CO. JUDGE,,DEM,RICHARD TINDALL,69,2,0,45,22
Desha,CLAYTON REED,DESHA CO. JUDGE,,DEM,RICHARD TINDALL,49,0,0,3,46
Desha,CLAYTON TILLAR,DESHA CO. JUDGE,,DEM,RICHARD TINDALL,6,0,0,4,2
Desha,FRANKLIN,DESHA CO. JUDGE,,DEM,RICHARD TINDALL,103,5,0,63,35
Desha,HALLEY,DESHA CO. JUDGE,,DEM,RICHARD TINDALL,60,4,0,42,14
Desha,JEFFERSON,DESHA CO. JUDGE,,DEM,RICHARD TINDALL,49,7,1,19,22
Desha,MISSISSIPPI,DESHA CO. JUDGE,,DEM,RICHARD TINDALL,7,7,0,0,0
Desha,MITCHELLVILLE,DESHA CO. JUDGE,,DEM,RICHARD TINDALL,70,0,0,7,63
Desha,RANDOLPH 1,DESHA CO. JUDGE,,DEM,RICHARD TINDALL,149,9,0,64,76
Desha,RANDOLPH 2,DESHA CO. JUDGE,,DEM,RICHARD TINDALL,230,13,1,85,131
Desha,RANDOLPH 3,DESHA CO. JUDGE,,DEM,RICHARD TINDALL,196,10,0,117,69
Desha,RANDOLPH 4,DESHA CO. JUDGE,,DEM,RICHARD TINDALL,291,11,0,144,136
Desha,RANDOLPH RURAL,DESHA CO. JUDGE,,DEM,RICHARD TINDALL,29,0,0,13,16
Desha,REDFORK,DESHA CO. JUDGE,,DEM,RICHARD TINDALL,93,7,1,27,58
Desha,RICHLAND,DESHA CO. JUDGE,,DEM,RICHARD TINDALL,68,4,1,30,33
Desha,SILVERLAKE,DESHA CO. JUDGE,,DEM,RICHARD TINDALL,66,0,1,26,39
Desha,WALNUT LAKE,DESHA CO. JUDGE,,DEM,RICHARD TINDALL,26,1,0,14,11
Desha,BOWIE 1,DESHA CO. CLERK,,DEM,COUNTY CLERK VALERIE DONALDSON,169,3,0,91,75
Desha,BOWIE 2,DESHA CO. CLERK,,DEM,COUNTY CLERK VALERIE DONALDSON,214,4,2,121,87
Desha,BOWIE 3,DESHA CO. CLERK,,DEM,COUNTY CLERK VALERIE DONALDSON,246,7,1,153,85
Desha,BOWIE RURAL,DESHA CO. CLERK,,DEM,COUNTY CLERK VALERIE DONALDSON,15,1,0,11,3
Desha,CLAYTON MCARTHUR,DESHA CO. CLERK,,DEM,COUNTY CLERK VALERIE DONALDSON,51,3,0,36,12
Desha,CLAYTON REED,DESHA CO. CLERK,,DEM,COUNTY CLERK VALERIE DONALDSON,48,0,0,3,45
Desha,CLAYTON TILLAR,DESHA CO. CLERK,,DEM,COUNTY CLERK VALERIE DONALDSON,3,0,0,2,1
Desha,FRANKLIN,DESHA CO. CLERK,,DEM,COUNTY CLERK VALERIE DONALDSON,113,4,0,69,40
Desha,HALLEY,DESHA CO. CLERK,,DEM,COUNTY CLERK VALERIE DONALDSON,44,4,0,30,10
Desha,JEFFERSON,DESHA CO. CLERK,,DEM,COUNTY CLERK VALERIE DONALDSON,58,9,1,26,22
Desha,MISSISSIPPI,DESHA CO. CLERK,,DEM,COUNTY CLERK VALERIE DONALDSON,8,7,0,0,1
Desha,MITCHELLVILLE,DESHA CO. CLERK,,DEM,COUNTY CLERK VALERIE DONALDSON,96,0,0,10,86
Desha,RANDOLPH 1,DESHA CO. CLERK,,DEM,COUNTY CLERK VALERIE DONALDSON,194,11,0,85,98
Desha,RANDOLPH 2,DESHA CO. CLERK,,DEM,COUNTY CLERK VALERIE DONALDSON,275,12,0,109,154
Desha,RANDOLPH 3,DESHA CO. CLERK,,DEM,COUNTY CLERK VALERIE DONALDSON,274,16,0,152,106
Desha,RANDOLPH 4,DESHA CO. CLERK,,DEM,COUNTY CLERK VALERIE DONALDSON,366,13,0,175,178
Desha,RANDOLPH RURAL,DESHA CO. CLERK,,DEM,COUNTY CLERK VALERIE DONALDSON,31,0,0,14,17
Desha,REDFORK,DESHA CO. CLERK,,DEM,COUNTY CLERK VALERIE DONALDSON,98,6,1,27,64
Desha,RICHLAND,DESHA CO. CLERK,,DEM,COUNTY CLERK VALERIE DONALDSON,48,2,0,26,20
Desha,SILVERLAKE,DESHA CO. CLERK,,DEM,COUNTY CLERK VALERIE DONALDSON,81,1,0,36,44
Desha,WALNUT LAKE,DESHA CO. CLERK,,DEM,COUNTY CLERK VALERIE DONALDSON,33,2,0,14,17
Desha,BOWIE 1,DESHA CO. CLERK,,REP,SARAH HARDIN,253,1,1,132,119
Desha,BOWIE 2,DESHA CO. CLERK,,REP,SARAH HARDIN,223,2,0,137,84
Desha,BOWIE 3,DESHA CO. CLERK,,REP,SARAH HARDIN,42,2,0,27,13
Desha,BOWIE RURAL,DESHA CO. CLERK,,REP,SARAH HARDIN,28,0,0,17,11
Desha,CLAYTON MCARTHUR,DESHA CO. CLERK,,REP,SARAH HARDIN,38,0,0,24,14
Desha,CLAYTON REED,DESHA CO. CLERK,,REP,SARAH HARDIN,0,0,0,0,0
Desha,CLAYTON TILLAR,DESHA CO. CLERK,,REP,SARAH HARDIN,4,0,0,3,1
Desha,FRANKLIN,DESHA CO. CLERK,,REP,SARAH HARDIN,40,2,0,22,16
Desha,HALLEY,DESHA CO. CLERK,,REP,SARAH HARDIN,26,0,0,19,7
Desha,JEFFERSON,DESHA CO. CLERK,,REP,SARAH HARDIN,13,1,0,5,7
Desha,MISSISSIPPI,DESHA CO. CLERK,,REP,SARAH HARDIN,3,3,0,0,0
Desha,MITCHELLVILLE,DESHA CO. CLERK,,REP,SARAH HARDIN,2,0,0,0,2
Desha,RANDOLPH 1,DESHA CO. CLERK,,REP,SARAH HARDIN,19,1,0,6,12
Desha,RANDOLPH 2,DESHA CO. CLERK,,REP,SARAH HARDIN,21,2,1,6,12
Desha,RANDOLPH 3,DESHA CO. CLERK,,REP,SARAH HARDIN,56,3,0,23,30
Desha,RANDOLPH 4,DESHA CO. CLERK,,REP,SARAH HARDIN,50,2,0,29,19
Desha,RANDOLPH RURAL,DESHA CO. CLERK,,REP,SARAH HARDIN,6,0,0,2,4
Desha,REDFORK,DESHA CO. CLERK,,REP,SARAH HARDIN,64,1,0,16,47
Desha,RICHLAND,DESHA CO. CLERK,,REP,SARAH HARDIN,49,2,1,19,27
Desha,SILVERLAKE,DESHA CO. CLERK,,REP,SARAH HARDIN,40,1,1,14,24
Desha,WALNUT LAKE,DESHA CO. CLERK,,REP,SARAH HARDIN,21,0,0,9,12
Desha,BOWIE 1,DESHA CO CIRCUIT CLERK,,NON,CIRCUIT CLERK KRISTIN N. CHRISTMAS,363,3,1,188,171
Desha,BOWIE 2,DESHA CO CIRCUIT CLERK,,NON,CIRCUIT CLERK KRISTIN N. CHRISTMAS,377,5,1,216,155
Desha,BOWIE 3,DESHA CO CIRCUIT CLERK,,NON,CIRCUIT CLERK KRISTIN N. CHRISTMAS,269,7,1,170,91
Desha,BOWIE RURAL,DESHA CO CIRCUIT CLERK,,NON,CIRCUIT CLERK KRISTIN N. CHRISTMAS,36,1,0,23,12
Desha,CLAYTON MCARTHUR,DESHA CO CIRCUIT CLERK,,NON,CIRCUIT CLERK KRISTIN N. CHRISTMAS,72,2,0,51,19
Desha,CLAYTON REED,DESHA CO CIRCUIT CLERK,,NON,CIRCUIT CLERK KRISTIN N. CHRISTMAS,49,0,0,3,46
Desha,CLAYTON TILLAR,DESHA CO CIRCUIT CLERK,,NON,CIRCUIT CLERK KRISTIN N. CHRISTMAS,6,0,0,4,2
Desha,FRANKLIN,DESHA CO CIRCUIT CLERK,,NON,CIRCUIT CLERK KRISTIN N. CHRISTMAS,133,6,0,81,46
Desha,HALLEY,DESHA CO CIRCUIT CLERK,,NON,CIRCUIT CLERK KRISTIN N. CHRISTMAS,56,3,0,38,15
Desha,JEFFERSON,DESHA CO CIRCUIT CLERK,,NON,CIRCUIT CLERK KRISTIN N. CHRISTMAS,63,9,1,29,24
Desha,MISSISSIPPI,DESHA CO CIRCUIT CLERK,,NON,CIRCUIT CLERK KRISTIN N. CHRISTMAS,10,9,0,0,1
Desha,MITCHELLVILLE,DESHA CO CIRCUIT CLERK,,NON,CIRCUIT CLERK KRISTIN N. CHRISTMAS,89,0,0,9,80
Desha,RANDOLPH 1,DESHA CO CIRCUIT CLERK,,NON,CIRCUIT CLERK KRISTIN N. CHRISTMAS,191,11,0,79,101
Desha,RANDOLPH 2,DESHA CO CIRCUIT CLERK,,NON,CIRCUIT CLERK KRISTIN N. CHRISTMAS,276,13,1,106,156
Desha,RANDOLPH 3,DESHA CO CIRCUIT CLERK,,NON,CIRCUIT CLERK KRISTIN N. CHRISTMAS,276,17,0,141,118
Desha,RANDOLPH 4,DESHA CO CIRCUIT CLERK,,NON,CIRCUIT CLERK KRISTIN N. CHRISTMAS,370,11,0,179,180
Desha,RANDOLPH RURAL,DESHA CO CIRCUIT CLERK,,NON,CIRCUIT CLERK KRISTIN N. CHRISTMAS,33,0,0,15,18
Desha,REDFORK,DESHA CO CIRCUIT CLERK,,NON,CIRCUIT CLERK KRISTIN N. CHRISTMAS,128,6,1,37,84
Desha,RICHLAND,DESHA CO CIRCUIT CLERK,,NON,CIRCUIT CLERK KRISTIN N. CHRISTMAS,81,3,1,40,37
Desha,SILVERLAKE,DESHA CO CIRCUIT CLERK,,NON,CIRCUIT CLERK KRISTIN N. CHRISTMAS,97,2,1,38,56
Desha,WALNUT LAKE,DESHA CO CIRCUIT CLERK,,NON,CIRCUIT CLERK KRISTIN N. CHRISTMAS,47,2,0,19,26
Desha,BOWIE 1,DESHA CO. TREASURER,,REP,SHELBI WALTERS,122,1,0,64,57
Desha,BOWIE 2,DESHA CO. TREASURER,,REP,SHELBI WALTERS,100,2,0,60,38
Desha,BOWIE 3,DESHA CO. TREASURER,,REP,SHELBI WALTERS,22,0,0,16,6
Desha,BOWIE RURAL,DESHA CO. TREASURER,,REP,SHELBI WALTERS,13,0,0,7,6
Desha,CLAYTON MCARTHUR,DESHA CO. TREASURER,,REP,SHELBI WALTERS,12,0,0,8,4
Desha,CLAYTON REED,DESHA CO. TREASURER,,REP,SHELBI WALTERS,2,0,0,0,2
Desha,CLAYTON TILLAR,DESHA CO. TREASURER,,REP,SHELBI WALTERS,3,0,0,2,1
Desha,FRANKLIN,DESHA CO. TREASURER,,REP,SHELBI WALTERS,47,1,0,21,25
Desha,HALLEY,DESHA CO. TREASURER,,REP,SHELBI WALTERS,32,0,0,24,8
Desha,JEFFERSON,DESHA CO. TREASURER,,REP,SHELBI WALTERS,25,2,1,8,14
Desha,MISSISSIPPI,DESHA CO. TREASURER,,REP,SHELBI WALTERS,4,4,0,0,0
Desha,MITCHELLVILLE,DESHA CO. TREASURER,,REP,SHELBI WALTERS,2,0,0,0,2
Desha,RANDOLPH 1,DESHA CO. TREASURER,,REP,SHELBI WALTERS,43,0,0,15,28
Desha,RANDOLPH 2,DESHA CO. TREASURER,,REP,SHELBI WALTERS,32,3,1,13,15
Desha,RANDOLPH 3,DESHA CO. TREASURER,,REP,SHELBI WALTERS,114,5,0,61,48
Desha,RANDOLPH 4,DESHA CO. TREASURER,,REP,SHELBI WALTERS,111,4,0,58,49
Desha,RANDOLPH RURAL,DESHA CO. TREASURER,,REP,SHELBI WALTERS,16,0,0,7,9
Desha,REDFORK,DESHA CO. TREASURER,,REP,SHELBI WALTERS,68,5,0,19,44
Desha,RICHLAND,DESHA CO. TREASURER,,REP,SHELBI WALTERS,32,3,1,11,17
Desha,SILVERLAKE,DESHA CO. TREASURER,,REP,SHELBI WALTERS,62,2,1,25,34
Desha,WALNUT LAKE,DESHA CO. TREASURER,,REP,SHELBI WALTERS,25,1,0,9,15
Desha,BOWIE 1,DESHA CO. TREASURER,,DEM,SHIRLEY SNOW KOZUBSKI,288,2,1,153,132
Desha,BOWIE 2,DESHA CO. TREASURER,,DEM,SHIRLEY SNOW KOZUBSKI,304,3,2,183,116
Desha,BOWIE 3,DESHA CO. TREASURER,,DEM,SHIRLEY SNOW KOZUBSKI,221,8,1,129,83
Desha,BOWIE RURAL,DESHA CO. TREASURER,,DEM,SHIRLEY SNOW KOZUBSKI,24,1,0,18,5
Desha,CLAYTON MCARTHUR,DESHA CO. TREASURER,,DEM,SHIRLEY SNOW KOZUBSKI,62,2,0,44,16
Desha,CLAYTON REED,DESHA CO. TREASURER,,DEM,SHIRLEY SNOW KOZUBSKI,34,0,0,2,32
Desha,CLAYTON TILLAR,DESHA CO. TREASURER,,DEM,SHIRLEY SNOW KOZUBSKI,2,0,0,2,0
Desha,FRANKLIN,DESHA CO. TREASURER,,DEM,SHIRLEY SNOW KOZUBSKI,86,5,0,56,25
Desha,HALLEY,DESHA CO. TREASURER,,DEM,SHIRLEY SNOW KOZUBSKI,36,4,0,24,8
Desha,JEFFERSON,DESHA CO. TREASURER,,DEM,SHIRLEY SNOW KOZUBSKI,37,4,0,20,13
Desha,MISSISSIPPI,DESHA CO. TREASURER,,DEM,SHIRLEY SNOW KOZUBSKI,6,6,0,0,0
Desha,MITCHELLVILLE,DESHA CO. TREASURER,,DEM,SHIRLEY SNOW KOZUBSKI,41,0,0,5,36
Desha,RANDOLPH 1,DESHA CO. TREASURER,,DEM,SHIRLEY SNOW KOZUBSKI,89,7,0,44,38
Desha,RANDOLPH 2,DESHA CO. TREASURER,,DEM,SHIRLEY SNOW KOZUBSKI,107,4,0,41,62
Desha,RANDOLPH 3,DESHA CO. TREASURER,,DEM,SHIRLEY SNOW KOZUBSKI,133,11,0,74,48
Desha,RANDOLPH 4,DESHA CO. TREASURER,,DEM,SHIRLEY SNOW KOZUBSKI,142,11,0,69,62
Desha,RANDOLPH RURAL,DESHA CO. TREASURER,,DEM,SHIRLEY SNOW KOZUBSKI,16,0,0,8,8
Desha,REDFORK,DESHA CO. TREASURER,,DEM,SHIRLEY SNOW KOZUBSKI,85,2,1,21,61
Desha,RICHLAND,DESHA CO. TREASURER,,DEM,SHIRLEY SNOW KOZUBSKI,61,1,0,32,28
Desha,SILVERLAKE,DESHA CO. TREASURER,,DEM,SHIRLEY SNOW KOZUBSKI,40,0,0,19,21
Desha,WALNUT LAKE,DESHA CO. TREASURER,,DEM,SHIRLEY SNOW KOZUBSKI,25,1,0,11,13
Desha,BOWIE 1,DESHA CO. TREASURER,,IND,KIMBERLY CLAY-MITCHELL,18,1,0,9,8
Desha,BOWIE 2,DESHA CO. TREASURER,,IND,KIMBERLY CLAY-MITCHELL,36,1,1,17,17
Desha,BOWIE 3,DESHA CO. TREASURER,,IND,KIMBERLY CLAY-MITCHELL,47,1,1,35,10
Desha,BOWIE RURAL,DESHA CO. TREASURER,,IND,KIMBERLY CLAY-MITCHELL,9,1,3,2,3
Desha,CLAYTON MCARTHUR,DESHA CO. TREASURER,,IND,KIMBERLY CLAY-MITCHELL,14,1,0,7,6
Desha,CLAYTON REED,DESHA CO. TREASURER,,IND,KIMBERLY CLAY-MITCHELL,13,0,0,1,12
Desha,CLAYTON TILLAR,DESHA CO. TREASURER,,IND,KIMBERLY CLAY-MITCHELL,2,0,0,1,1
Desha,FRANKLIN,DESHA CO. TREASURER,,IND,KIMBERLY CLAY-MITCHELL,19,0,0,13,6
Desha,HALLEY,DESHA CO. TREASURER,,IND,KIMBERLY CLAY-MITCHELL,2,0,0,1,1
Desha,JEFFERSON,DESHA CO. TREASURER,,IND,KIMBERLY CLAY-MITCHELL,10,4,0,4,2
Desha,MISSISSIPPI,DESHA CO. TREASURER,,IND,KIMBERLY CLAY-MITCHELL,1,0,0,0,1
Desha,MITCHELLVILLE,DESHA CO. TREASURER,,IND,KIMBERLY CLAY-MITCHELL,55,0,0,5,50
Desha,RANDOLPH 1,DESHA CO. TREASURER,,IND,KIMBERLY CLAY-MITCHELL,84,5,0,33,46
Desha,RANDOLPH 2,DESHA CO. TREASURER,,IND,KIMBERLY CLAY-MITCHELL,160,6,0,62,92
Desha,RANDOLPH 3,DESHA CO. TREASURER,,IND,KIMBERLY CLAY-MITCHELL,82,3,0,38,41
Desha,RANDOLPH 4,DESHA CO. TREASURER,,IND,KIMBERLY CLAY-MITCHELL,165,0,0,78,87
Desha,RANDOLPH RURAL,DESHA CO. TREASURER,,IND,KIMBERLY CLAY-MITCHELL,5,0,0,1,4
Desha,REDFORK,DESHA CO. TREASURER,,IND,KIMBERLY CLAY-MITCHELL,9,1,0,3,5
Desha,RICHLAND,DESHA CO. TREASURER,,IND,KIMBERLY CLAY-MITCHELL,4,0,0,2,2
Desha,SILVERLAKE,DESHA CO. TREASURER,,IND,KIMBERLY CLAY-MITCHELL,17,0,0,5,12
Desha,WALNUT LAKE,DESHA CO. TREASURER,,IND,KIMBERLY CLAY-MITCHELL,4,0,0,2,2
Desha,BOWIE 1,DESHA CO. ASSESSOR,,IND,PAMELA BLISSITT,239,3,1,128,107
Desha,BOWIE 2,DESHA CO. ASSESSOR,,IND,PAMELA BLISSITT,203,3,0,119,81
Desha,BOWIE 3,DESHA CO. ASSESSOR,,IND,PAMELA BLISSITT,75,2,0,48,25
Desha,BOWIE RURAL,DESHA CO. ASSESSOR,,IND,PAMELA BLISSITT,29,2,1,15,11
Desha,CLAYTON MCARTHUR,DESHA CO. ASSESSOR,,IND,PAMELA BLISSITT,48,1,0,32,15
Desha,CLAYTON REED,DESHA CO. ASSESSOR,,IND,PAMELA BLISSITT,5,0,0,0,5
Desha,CLAYTON TILLAR,DESHA CO. ASSESSOR,,IND,PAMELA BLISSITT,3,0,0,2,1
Desha,FRANKLIN,DESHA CO. ASSESSOR,,IND,PAMELA BLISSITT,36,2,0,20,14
Desha,HALLEY,DESHA CO. ASSESSOR,,IND,PAMELA BLISSITT,34,3,0,27,4
Desha,JEFFERSON,DESHA CO. ASSESSOR,,IND,PAMELA BLISSITT,32,3,0,13,16
Desha,MISSISSIPPI,DESHA CO. ASSESSOR,,IND,PAMELA BLISSITT,3,3,0,0,0
Desha,MITCHELLVILLE,DESHA CO. ASSESSOR,,IND,PAMELA BLISSITT,12,0,0,2,10
Desha,RANDOLPH 1,DESHA CO. ASSESSOR,,IND,PAMELA BLISSITT,59,2,0,27,30
Desha,RANDOLPH 2,DESHA CO. ASSESSOR,,IND,PAMELA BLISSITT,49,4,1,23,21
Desha,RANDOLPH 3,DESHA CO. ASSESSOR,,IND,PAMELA BLISSITT,114,5,0,61,48
Desha,RANDOLPH 4,DESHA CO. ASSESSOR,,IND,PAMELA BLISSITT,125,3,0,63,59
Desha,RANDOLPH RURAL,DESHA CO. ASSESSOR,,IND,PAMELA BLISSITT,16,0,0,11,5
Desha,REDFORK,DESHA CO. ASSESSOR,,IND,PAMELA BLISSITT,66,4,0,21,41
Desha,RICHLAND,DESHA CO. ASSESSOR,,IND,PAMELA BLISSITT,48,2,0,23,23
Desha,SILVERLAKE,DESHA CO. ASSESSOR,,IND,PAMELA BLISSITT,66,2,0,26,38
Desha,WALNUT LAKE,DESHA CO. ASSESSOR,,IND,PAMELA BLISSITT,30,2,0,10,18
Desha,BOWIE 1,DESHA CO. ASSESSOR,,DEM,JESSICA FERGUSON,184,1,0,93,90
Desha,BOWIE 2,DESHA CO. ASSESSOR,,DEM,JESSICA FERGUSON,236,3,2,140,91
Desha,BOWIE 3,DESHA CO. ASSESSOR,,DEM,JESSICA FERGUSON,215,7,1,134,73
Desha,BOWIE RURAL,DESHA CO. ASSESSOR,,DEM,JESSICA FERGUSON,15,0,0,12,3
Desha,CLAYTON MCARTHUR,DESHA CO. ASSESSOR,,DEM,JESSICA FERGUSON,41,2,0,28,11
Desha,CLAYTON REED,DESHA CO. ASSESSOR,,DEM,JESSICA FERGUSON,44,0,0,3,41
Desha,CLAYTON TILLAR,DESHA CO. ASSESSOR,,DEM,JESSICA FERGUSON,4,0,0,3,1
Desha,FRANKLIN,DESHA CO. ASSESSOR,,DEM,JESSICA FERGUSON,116,4,0,71,41
Desha,HALLEY,DESHA CO. ASSESSOR,,DEM,JESSICA FERGUSON,34,1,0,20,13
Desha,JEFFERSON,DESHA CO. ASSESSOR,,DEM,JESSICA FERGUSON,42,7,1,21,13
Desha,MISSISSIPPI,DESHA CO. ASSESSOR,,DEM,JESSICA FERGUSON,7,6,0,0,1
Desha,MITCHELLVILLE,DESHA CO. ASSESSOR,,DEM,JESSICA FERGUSON,86,0,0,8,78
Desha,RANDOLPH 1,DESHA CO. ASSESSOR,,DEM,JESSICA FERGUSON,154,10,0,66,78
Desha,RANDOLPH 2,DESHA CO. ASSESSOR,,DEM,JESSICA FERGUSON,245,10,0,89,146
Desha,RANDOLPH 3,DESHA CO. ASSESSOR,,DEM,JESSICA FERGUSON,205,13,0,111,81
Desha,RANDOLPH 4,DESHA CO. ASSESSOR,,DEM,JESSICA FERGUSON,292,13,0,141,138
Desha,RANDOLPH RURAL,DESHA CO. ASSESSOR,,DEM,JESSICA FERGUSON,20,0,0,5,15
Desha,REDFORK,DESHA CO. ASSESSOR,,DEM,JESSICA FERGUSON,87,3,1,20,63
Desha,RICHLAND,DESHA CO. ASSESSOR,,DEM,JESSICA FERGUSON,48,2,1,22,23
Desha,SILVERLAKE,DESHA CO. ASSESSOR,,DEM,JESSICA FERGUSON,52,0,1,22,29
Desha,WALNUT LAKE,DESHA CO. ASSESSOR,,DEM,JESSICA FERGUSON,23,1,0,12,10
Desha,BOWIE 1,DESHA CO. CORONER,,REP,JAMES FREDERICK MATTHEWS,169,2,0,83,84
Desha,BOWIE 2,DESHA CO. CORONER,,REP,JAMES FREDERICK MATTHEWS,127,1,1,72,53
Desha,BOWIE 3,DESHA CO. CORONER,,REP,JAMES FREDERICK MATTHEWS,47,1,0,31,15
Desha,BOWIE RURAL,DESHA CO. CORONER,,REP,JAMES FREDERICK MATTHEWS,22,2,0,13,7
Desha,CLAYTON MCARTHUR,DESHA CO. CORONER,,REP,JAMES FREDERICK MATTHEWS,28,0,0,19,9
Desha,CLAYTON REED,DESHA CO. CORONER,,REP,JAMES FREDERICK MATTHEWS,3,0,0,0,3
Desha,CLAYTON TILLAR,DESHA CO. CORONER,,REP,JAMES FREDERICK MATTHEWS,4,0,0,3,1
Desha,FRANKLIN,DESHA CO. CORONER,,REP,JAMES FREDERICK MATTHEWS,46,0,0,25,21
Desha,HALLEY,DESHA CO. CORONER,,REP,JAMES FREDERICK MATTHEWS,31,2,0,22,7
Desha,JEFFERSON,DESHA CO. CORONER,,REP,JAMES FREDERICK MATTHEWS,32,3,0,10,19
Desha,MISSISSIPPI,DESHA CO. CORONER,,REP,JAMES FREDERICK MATTHEWS,5,5,0,0,0
Desha,MITCHELLVILLE,DESHA CO. CORONER,,REP,JAMES FREDERICK MATTHEWS,9,0,0,0,9
Desha,RANDOLPH 1,DESHA CO. CORONER,,REP,JAMES FREDERICK MATTHEWS,42,1,0,17,24
Desha,RANDOLPH 2,DESHA CO. CORONER,,REP,JAMES FREDERICK MATTHEWS,37,3,1,12,21
Desha,RANDOLPH 3,DESHA CO. CORONER,,REP,JAMES FREDERICK MATTHEWS,112,6,0,54,52
Desha,RANDOLPH 4,DESHA CO. CORONER,,REP,JAMES FREDERICK MATTHEWS,94,6,0,55,33
Desha,RANDOLPH RURAL,DESHA CO. CORONER,,REP,JAMES FREDERICK MATTHEWS,9,0,0,6,3
Desha,REDFORK,DESHA CO. CORONER,,REP,JAMES FREDERICK MATTHEWS,27,1,0,8,18
Desha,RICHLAND,DESHA CO. CORONER,,REP,JAMES FREDERICK MATTHEWS,33,1,1,13,18
Desha,SILVERLAKE,DESHA CO. CORONER,,REP,JAMES FREDERICK MATTHEWS,53,2,1,22,28
Desha,WALNUT LAKE,DESHA CO. CORONER,,REP,JAMES FREDERICK MATTHEWS,23,0,0,8,15
Desha,BOWIE 1,DESHA CO. CORONER,,DEM,BILLY R. BATES,248,2,1,137,108
Desha,BOWIE 2,DESHA CO. CORONER,,DEM,BILLY R. BATES,311,5,2,186,118
Desha,BOWIE 3,DESHA CO. CORONER,,DEM,BILLY R. BATES,242,7,1,151,83
Desha,BOWIE RURAL,DESHA CO. CORONER,,DEM,BILLY R. BATES,20,1,1,12,6
Desha,CLAYTON MCARTHUR,DESHA CO. CORONER,,DEM,BILLY R. BATES,55,3,0,40,12
Desha,CLAYTON REED,DESHA CO. CORONER,,DEM,BILLY R. BATES,47,0,0,3,44
Desha,CLAYTON TILLAR,DESHA CO. CORONER,,DEM,BILLY R. BATES,3,0,0,2,1
Desha,FRANKLIN,DESHA CO. CORONER,,DEM,BILLY R. BATES,103,6,0,64,33
Desha,HALLEY,DESHA CO. CORONER,,DEM,BILLY R. BATES,36,2,0,24,10
Desha,JEFFERSON,DESHA CO. CORONER,,DEM,BILLY R. BATES,39,6,1,22,10
Desha,MISSISSIPPI,DESHA CO. CORONER,,DEM,BILLY R. BATES,4,3,0,0,1
Desha,MITCHELLVILLE,DESHA CO. CORONER,,DEM,BILLY R. BATES,89,0,0,10,79
Desha,RANDOLPH 1,DESHA CO. CORONER,,DEM,BILLY R. BATES,169,11,0,73,85
Desha,RANDOLPH 2,DESHA CO. CORONER,,DEM,BILLY R. BATES,255,11,0,100,144
Desha,RANDOLPH 3,DESHA CO. CORONER,,DEM,BILLY R. BATES,208,12,0,118,78
Desha,RANDOLPH 4,DESHA CO. CORONER,,DEM,BILLY R. BATES,321,10,0,148,163
Desha,RANDOLPH RURAL,DESHA CO. CORONER,,DEM,BILLY R. BATES,27,0,0,10,17
Desha,REDFORK,DESHA CO. CORONER,,DEM,BILLY R. BATES,136,6,1,35,94
Desha,RICHLAND,DESHA CO. CORONER,,DEM,BILLY R. BATES,64,3,0,32,29
Desha,SILVERLAKE,DESHA CO. CORONER,,DEM,BILLY R. BATES,66,0,0,27,39
Desha,WALNUT LAKE,DESHA CO. CORONER,,DEM,BILLY R. BATES,28,1,0,14,13
Desha,BOWIE 1,CITY MCGEHEE MAYOR,,IND,JEFF OWYOUNG,370,0,1,192,177
Desha,BOWIE 2,CITY MCGEHEE MAYOR,,IND,JEFF OWYOUNG,390,0,1,233,156
Desha,BOWIE 3,CITY MCGEHEE MAYOR,,IND,JEFF OWYOUNG,214,0,1,137,76
Desha,BOWIE 3,MCGEHEE W3 P1,,IND,"LEROY ""MANKIE"" HOOD,SR.",183,0,0,126,57
Desha,BOWIE 3,MCGEHEE W3 P1,,IND,JUDY LATTIMORE,94,0,1,54,39
Desha,BOWIE 3,CITY OF MCGEHEE W3 P2,,IND,"MARGARET ""NET"" HOOD",167,0,1,109,57
Desha,BOWIE 3,CITY OF MCGEHEE W3 P2,,IND,CYNTHIA L. SMITH,110,0,1,69,40
Desha,FRANKLIN,AR CITY MAYOR,,IND,DARLENE KING,42,2,0,23,17
Desha,FRANKLIN,AR CITY MAYOR,,IND,"RICHARD ""RICK"" HALES",98,4,0,60,34
Desha,REDFORK,WATSON MAYOR,,IND,HAROLD D. DOUTHIT,62,5,1,8,48
Desha,CLAYTON REED,REED MAYOR,,IND,"GEORGE E. BARNES, SR",46,0,0,3,43
Desha,MITCHELLVILLE,MITCHELLVILLE MAYOR,,IND,CARL GRISWOLD,83,0,0,9,74
Desha,MITCHELLVILLE,MITCHELLVILLE ALDERMAN W2 P1,,IND,"JAMES CONWAY, JR",46,0,0,5,41
Desha,MITCHELLVILLE,MITCHELLVILLE ALDERMAN W2 P1,,IND,DERRICK MCINTYRE,46,0,0,4,42
Desha,RANDOLPH 1,DUMAS MAYOR,,IND,"MAYOR JOHN F. BRIGHAM,JR",62,4,0,30,28
Desha,RANDOLPH 2,DUMAS MAYOR,,IND,"MAYOR JOHN F. BRIGHAM,JR",50,6,1,30,13
Desha,RANDOLPH 3,DUMAS MAYOR,,IND,"MAYOR JOHN F. BRIGHAM,JR",163,13,0,94,56
Desha,RANDOLPH 4,DUMAS MAYOR,,IND,"MAYOR JOHN F. BRIGHAM,JR",130,11,0,72,47
Desha,RANDOLPH 1,DUMAS MAYOR,,IND,FLORA SIMON,96,4,0,44,48
Desha,RANDOLPH 2,DUMAS MAYOR,,IND,FLORA SIMON,147,6,0,59,82
Desha,RANDOLPH 3,DUMAS MAYOR,,IND,FLORA SIMON,68,2,0,31,35
Desha,RANDOLPH 4,DUMAS MAYOR,,IND,FLORA SIMON,156,0,0,71,85
Desha,RANDOLPH 1,DUMAS MAYOR,,IND,ARNELL WASHINGTON,40,3,0,12,25
Desha,RANDOLPH 2,DUMAS MAYOR,,IND,ARNELL WASHINGTON,62,1,0,19,42
Desha,RANDOLPH 3,DUMAS MAYOR,,IND,ARNELL WASHINGTON,36,1,0,20,15
Desha,RANDOLPH 4,DUMAS MAYOR,,IND,ARNELL WASHINGTON,53,2,0,25,26
Desha,RANDOLPH 1,DUMAS MAYOR,,IND,STEVEN OLDNER,21,1,0,8,12
Desha,RANDOLPH 2,DUMAS MAYOR,,IND,STEVEN OLDNER,40,1,0,7,32
Desha,RANDOLPH 3,DUMAS MAYOR,,IND,STEVEN OLDNER,67,3,0,30,34
Desha,RANDOLPH 4,DUMAS MAYOR,,IND,STEVEN OLDNER,82,3,0,36,43
Desha,RANDOLPH 1,DUMAS ALDERMAN W1 P2,,IND,JARED MAY,136,9,0,61,66
Desha,RANDOLPH 2,DUMAS ALDERMAN W1 P2,,IND,JARED MAY,178,8,0,77,93
Desha,RANDOLPH 3,DUMAS ALDERMAN W1 P2,,IND,JARED MAY,138,5,0,74,59
Desha,RANDOLPH 4,DUMAS ALDERMAN W1 P2,,IND,JARED MAY,214,4,0,108,102
Desha,RANDOLPH 1,DUMAS ALDERMAN W1 P2,,IND,T.C. PICKETT,79,3,0,31,45
Desha,RANDOLPH 2,DUMAS ALDERMAN W1 P2,,IND,T.C. PICKETT,116,6,1,35,74
Desha,RANDOLPH 3,DUMAS ALDERMAN W1 P2,,IND,T.C. PICKETT,186,14,0,96,76
Desha,RANDOLPH 4,DUMAS ALDERMAN W1 P2,,IND,T.C. PICKETT,197,11,0,92,94
Desha,RANDOLPH 1,DUMAS ALDERMAN W2 P2,,IND,AMBER BROWN-MADISON,98,7,0,39,52
Desha,RANDOLPH 2,DUMAS ALDERMAN W2 P2,,IND,AMBER BROWN-MADISON,194,6,1,62,125
Desha,RANDOLPH 3,DUMAS ALDERMAN W2 P2,,IND,AMBER BROWN-MADISON,100,5,0,38,57
Desha,RANDOLPH 4,DUMAS ALDERMAN W2 P2,,IND,AMBER BROWN-MADISON,197,1,0,92,104
Desha,RANDOLPH 1,DUMAS ALDERMAN W2 P2,,IND,JOHN OWEN,114,5,0,52,57
Desha,RANDOLPH 2,DUMAS ALDERMAN W2 P2,,IND,JOHN OWEN,92,5,0,47,40
Desha,RANDOLPH 3,DUMAS ALDERMAN W2 P2,,IND,JOHN OWEN,221,13,0,132,76
Desha,RANDOLPH 4,DUMAS ALDERMAN W2 P2,,IND,JOHN OWEN,214,14,0,109,91
Desha,RANDOLPH 1,DUMAS ALDERMAN W4 P2,,IND,LONZELL DODDS,102,6,0,50,46
Desha,RANDOLPH 2,DUMAS ALDERMAN W4 P2,,IND,LONZELL DODDS,164,6,0,63,95
Desha,RANDOLPH 3,DUMAS ALDERMAN W4 P2,,IND,LONZELL DODDS,111,3,0,52,56
Desha,RANDOLPH 4,DUMAS ALDERMAN W4 P2,,IND,LONZELL DODDS,180,6,0,88,86
Desha,RANDOLPH 1,DUMAS ALDERMAN W4 P2,,IND,KENNETH R. DANIELS,116,6,0,44,66
Desha,RANDOLPH 2,DUMAS ALDERMAN W4 P2,,IND,KENNETH R. DANIELS,132,6,1,50,75
Desha,RANDOLPH 3,DUMAS ALDERMAN W4 P2,,IND,KENNETH R. DANIELS,214,15,0,120,79
Desha,RANDOLPH 4,DUMAS ALDERMAN W4 P2,,IND,KENNETH R. DANIELS,238,9,0,115,114
Desha,CLAYTON TILLAR,TILLAR MAYOR,,IND,LEMUEL OVERTON,5,0,0,4,1
Desha,FRANKLIN,ORDINANCE 2018-6 ARKANSAS,,NON,FOR,69,2,0,42,25
Desha,FRANKLIN,ORDINANCE 2018-6 ARKANSAS,,NON,AGAINST,68,4,0,40,24
Desha,BOWIE 1,Issue No. 2: A Constitutional Amendment Adding as a Qualification to Vote that a Voter Present Certain Valid Photographic Identification When Casting a Ballot In Person or Casting and Absentee Ballot,,NON,FOR,353,3,1,178,171
Desha,BOWIE 2,Issue No. 2: A Constitutional Amendment Adding as a Qualification to Vote that a Voter Present Certain Valid Photographic Identification When Casting a Ballot In Person or Casting and Absentee Ballot,,NON,FOR,367,5,1,223,138
Desha,BOWIE 3,Issue No. 2: A Constitutional Amendment Adding as a Qualification to Vote that a Voter Present Certain Valid Photographic Identification When Casting a Ballot In Person or Casting and Absentee Ballot,,NON,FOR,240,6,1,154,79
Desha,BOWIE RURAL,Issue No. 2: A Constitutional Amendment Adding as a Qualification to Vote that a Voter Present Certain Valid Photographic Identification When Casting a Ballot In Person or Casting and Absentee Ballot,,NON,FOR,38,6,0,20,12
Desha,CLAYTON MCARTHUR,Issue No. 2: A Constitutional Amendment Adding as a Qualification to Vote that a Voter Present Certain Valid Photographic Identification When Casting a Ballot In Person or Casting and Absentee Ballot,,NON,FOR,62,1,0,41,20
Desha,CLAYTON REED,Issue No. 2: A Constitutional Amendment Adding as a Qualification to Vote that a Voter Present Certain Valid Photographic Identification When Casting a Ballot In Person or Casting and Absentee Ballot,,NON,FOR,29,0,0,2,27
Desha,CLAYTON TILLAR,Issue No. 2: A Constitutional Amendment Adding as a Qualification to Vote that a Voter Present Certain Valid Photographic Identification When Casting a Ballot In Person or Casting and Absentee Ballot,,NON,FOR,4,0,0,3,1
Desha,FRANKLIN,Issue No. 2: A Constitutional Amendment Adding as a Qualification to Vote that a Voter Present Certain Valid Photographic Identification When Casting a Ballot In Person or Casting and Absentee Ballot,,NON,FOR,118,2,0,72,44
Desha,HALLEY,Issue No. 2: A Constitutional Amendment Adding as a Qualification to Vote that a Voter Present Certain Valid Photographic Identification When Casting a Ballot In Person or Casting and Absentee Ballot,,NON,FOR,52,1,0,39,12
Desha,JEFFERSON,Issue No. 2: A Constitutional Amendment Adding as a Qualification to Vote that a Voter Present Certain Valid Photographic Identification When Casting a Ballot In Person or Casting and Absentee Ballot,,NON,FOR,62,9,1,27,25
Desha,MISSISSIPPI,Issue No. 2: A Constitutional Amendment Adding as a Qualification to Vote that a Voter Present Certain Valid Photographic Identification When Casting a Ballot In Person or Casting and Absentee Ballot,,NON,FOR,10,9,0,0,1
Desha,MITCHELLVILLE,Issue No. 2: A Constitutional Amendment Adding as a Qualification to Vote that a Voter Present Certain Valid Photographic Identification When Casting a Ballot In Person or Casting and Absentee Ballot,,NON,FOR,57,0,0,7,50
Desha,RANDOLPH 1,Issue No. 2: A Constitutional Amendment Adding as a Qualification to Vote that a Voter Present Certain Valid Photographic Identification When Casting a Ballot In Person or Casting and Absentee Ballot,,NON,FOR,149,9,0,64,76
Desha,RANDOLPH 2,Issue No. 2: A Constitutional Amendment Adding as a Qualification to Vote that a Voter Present Certain Valid Photographic Identification When Casting a Ballot In Person or Casting and Absentee Ballot,,NON,FOR,179,11,1,64,103
Desha,RANDOLPH 3,Issue No. 2: A Constitutional Amendment Adding as a Qualification to Vote that a Voter Present Certain Valid Photographic Identification When Casting a Ballot In Person or Casting and Absentee Ballot,,NON,FOR,242,16,0,126,100
Desha,RANDOLPH 4,Issue No. 2: A Constitutional Amendment Adding as a Qualification to Vote that a Voter Present Certain Valid Photographic Identification When Casting a Ballot In Person or Casting and Absentee Ballot,,NON,FOR,325,13,0,169,143
Desha,RANDOLPH RURAL,Issue No. 2: A Constitutional Amendment Adding as a Qualification to Vote that a Voter Present Certain Valid Photographic Identification When Casting a Ballot In Person or Casting and Absentee Ballot,,NON,FOR,32,0,0,14,18
Desha,REDFORK,Issue No. 2: A Constitutional Amendment Adding as a Qualification to Vote that a Voter Present Certain Valid Photographic Identification When Casting a Ballot In Person or Casting and Absentee Ballot,,NON,FOR,121,6,1,33,81
Desha,RICHLAND,Issue No. 2: A Constitutional Amendment Adding as a Qualification to Vote that a Voter Present Certain Valid Photographic Identification When Casting a Ballot In Person or Casting and Absentee Ballot,,NON,FOR,75,2,1,37,35
Desha,SILVERLAKE,Issue No. 2: A Constitutional Amendment Adding as a Qualification to Vote that a Voter Present Certain Valid Photographic Identification When Casting a Ballot In Person or Casting and Absentee Ballot,,NON,FOR,95,2,1,40,52
Desha,WALNUT LAKE,Issue No. 2: A Constitutional Amendment Adding as a Qualification to Vote that a Voter Present Certain Valid Photographic Identification When Casting a Ballot In Person or Casting and Absentee Ballot,,NON,FOR,46,2,0,19,25
Desha,BOWIE 1,Issue No. 2: A Constitutional Amendment Adding as a Qualification to Vote that a Voter Present Certain Valid Photographic Identification When Casting a Ballot In Person or Casting and Absentee Ballot,,NON,AGAINST,63,0,0,41,22
Desha,BOWIE 2,Issue No. 2: A Constitutional Amendment Adding as a Qualification to Vote that a Voter Present Certain Valid Photographic Identification When Casting a Ballot In Person or Casting and Absentee Ballot,,NON,AGAINST,69,1,2,34,32
Desha,BOWIE 3,Issue No. 2: A Constitutional Amendment Adding as a Qualification to Vote that a Voter Present Certain Valid Photographic Identification When Casting a Ballot In Person or Casting and Absentee Ballot,,NON,AGAINST,51,1,1,32,17
Desha,BOWIE RURAL,Issue No. 2: A Constitutional Amendment Adding as a Qualification to Vote that a Voter Present Certain Valid Photographic Identification When Casting a Ballot In Person or Casting and Absentee Ballot,,NON,AGAINST,8,1,3,2,2
Desha,CLAYTON MCARTHUR,Issue No. 2: A Constitutional Amendment Adding as a Qualification to Vote that a Voter Present Certain Valid Photographic Identification When Casting a Ballot In Person or Casting and Absentee Ballot,,NON,AGAINST,24,2,0,18,4
Desha,CLAYTON REED,Issue No. 2: A Constitutional Amendment Adding as a Qualification to Vote that a Voter Present Certain Valid Photographic Identification When Casting a Ballot In Person or Casting and Absentee Ballot,,NON,AGAINST,19,0,0,1,18
Desha,CLAYTON TILLAR,Issue No. 2: A Constitutional Amendment Adding as a Qualification to Vote that a Voter Present Certain Valid Photographic Identification When Casting a Ballot In Person or Casting and Absentee Ballot,,NON,AGAINST,3,0,0,2,1
Desha,FRANKLIN,Issue No. 2: A Constitutional Amendment Adding as a Qualification to Vote that a Voter Present Certain Valid Photographic Identification When Casting a Ballot In Person or Casting and Absentee Ballot,,NON,AGAINST,30,4,0,16,10
Desha,HALLEY,Issue No. 2: A Constitutional Amendment Adding as a Qualification to Vote that a Voter Present Certain Valid Photographic Identification When Casting a Ballot In Person or Casting and Absentee Ballot,,NON,AGAINST,16,3,0,8,5
Desha,JEFFERSON,Issue No. 2: A Constitutional Amendment Adding as a Qualification to Vote that a Voter Present Certain Valid Photographic Identification When Casting a Ballot In Person or Casting and Absentee Ballot,,NON,AGAINST,7,0,0,3,4
Desha,MISSISSIPPI,Issue No. 2: A Constitutional Amendment Adding as a Qualification to Vote that a Voter Present Certain Valid Photographic Identification When Casting a Ballot In Person or Casting and Absentee Ballot,,NON,AGAINST,0,0,0,0,0
Desha,MITCHELLVILLE,Issue No. 2: A Constitutional Amendment Adding as a Qualification to Vote that a Voter Present Certain Valid Photographic Identification When Casting a Ballot In Person or Casting and Absentee Ballot,,NON,AGAINST,35,0,0,3,32
Desha,RANDOLPH 1,Issue No. 2: A Constitutional Amendment Adding as a Qualification to Vote that a Voter Present Certain Valid Photographic Identification When Casting a Ballot In Person or Casting and Absentee Ballot,,NON,AGAINST,64,2,0,27,35
Desha,RANDOLPH 2,Issue No. 2: A Constitutional Amendment Adding as a Qualification to Vote that a Voter Present Certain Valid Photographic Identification When Casting a Ballot In Person or Casting and Absentee Ballot,,NON,AGAINST,107,2,0,42,63
Desha,RANDOLPH 3,Issue No. 2: A Constitutional Amendment Adding as a Qualification to Vote that a Voter Present Certain Valid Photographic Identification When Casting a Ballot In Person or Casting and Absentee Ballot,,NON,AGAINST,73,2,0,39,32
Desha,RANDOLPH 4,Issue No. 2: A Constitutional Amendment Adding as a Qualification to Vote that a Voter Present Certain Valid Photographic Identification When Casting a Ballot In Person or Casting and Absentee Ballot,,NON,AGAINST,86,1,0,32,53
Desha,RANDOLPH RURAL,Issue No. 2: A Constitutional Amendment Adding as a Qualification to Vote that a Voter Present Certain Valid Photographic Identification When Casting a Ballot In Person or Casting and Absentee Ballot,,NON,AGAINST,5,0,0,2,3
Desha,REDFORK,Issue No. 2: A Constitutional Amendment Adding as a Qualification to Vote that a Voter Present Certain Valid Photographic Identification When Casting a Ballot In Person or Casting and Absentee Ballot,,NON,AGAINST,34,2,0,9,23
Desha,RICHLAND,Issue No. 2: A Constitutional Amendment Adding as a Qualification to Vote that a Voter Present Certain Valid Photographic Identification When Casting a Ballot In Person or Casting and Absentee Ballot,,NON,AGAINST,20,2,0,8,10
Desha,SILVERLAKE,Issue No. 2: A Constitutional Amendment Adding as a Qualification to Vote that a Voter Present Certain Valid Photographic Identification When Casting a Ballot In Person or Casting and Absentee Ballot,,NON,AGAINST,21,0,0,6,15
Desha,WALNUT LAKE,Issue No. 2: A Constitutional Amendment Adding as a Qualification to Vote that a Voter Present Certain Valid Photographic Identification When Casting a Ballot In Person or Casting and Absentee Ballot,,NON,AGAINST,6,0,0,3,3
Desha,BOWIE 1,Issue No. 4: An Amendment to Require Four Licenses to be Issued for Casino Gaming at Casinos, One Each in Crittenden (to Southland Racing Corporation),NON,FOR,235,3,0,108,124
Desha,BOWIE 2,Issue No. 4: An Amendment to Require Four Licenses to be Issued for Casino Gaming at Casinos, One Each in Crittenden (to Southland Racing Corporation),NON,FOR,280,4,1,157,118
Desha,BOWIE 3,Issue No. 4: An Amendment to Require Four Licenses to be Issued for Casino Gaming at Casinos, One Each in Crittenden (to Southland Racing Corporation),NON,FOR,222,6,1,137,78
Desha,BOWIE RURAL,Issue No. 4: An Amendment to Require Four Licenses to be Issued for Casino Gaming at Casinos, One Each in Crittenden (to Southland Racing Corporation),NON,FOR,28,6,1,10,11
Desha,CLAYTON MCARTHUR,Issue No. 4: An Amendment to Require Four Licenses to be Issued for Casino Gaming at Casinos, One Each in Crittenden (to Southland Racing Corporation),NON,FOR,49,3,0,28,18
Desha,CLAYTON REED,Issue No. 4: An Amendment to Require Four Licenses to be Issued for Casino Gaming at Casinos, One Each in Crittenden (to Southland Racing Corporation),NON,FOR,37,0,0,3,34
Desha,CLAYTON TILLAR,Issue No. 4: An Amendment to Require Four Licenses to be Issued for Casino Gaming at Casinos, One Each in Crittenden (to Southland Racing Corporation),NON,FOR,2,0,0,0,2
Desha,FRANKLIN,Issue No. 4: An Amendment to Require Four Licenses to be Issued for Casino Gaming at Casinos, One Each in Crittenden (to Southland Racing Corporation),NON,FOR,102,5,0,63,34
Desha,HALLEY,Issue No. 4: An Amendment to Require Four Licenses to be Issued for Casino Gaming at Casinos, One Each in Crittenden (to Southland Racing Corporation),NON,FOR,33,1,0,22,10
Desha,JEFFERSON,Issue No. 4: An Amendment to Require Four Licenses to be Issued for Casino Gaming at Casinos, One Each in Crittenden (to Southland Racing Corporation),NON,FOR,38,5,1,16,16
Desha,MISSISSIPPI,Issue No. 4: An Amendment to Require Four Licenses to be Issued for Casino Gaming at Casinos, One Each in Crittenden (to Southland Racing Corporation),NON,FOR,6,5,0,0,1
Desha,MITCHELLVILLE,Issue No. 4: An Amendment to Require Four Licenses to be Issued for Casino Gaming at Casinos, One Each in Crittenden (to Southland Racing Corporation),NON,FOR,57,0,0,9,48
Desha,RANDOLPH 1,Issue No. 4: An Amendment to Require Four Licenses to be Issued for Casino Gaming at Casinos, One Each in Crittenden (to Southland Racing Corporation),NON,FOR,124,6,0,48,70
Desha,RANDOLPH 2,Issue No. 4: An Amendment to Require Four Licenses to be Issued for Casino Gaming at Casinos, One Each in Crittenden (to Southland Racing Corporation),NON,FOR,179,6,0,62,111
Desha,RANDOLPH 3,Issue No. 4: An Amendment to Require Four Licenses to be Issued for Casino Gaming at Casinos, One Each in Crittenden (to Southland Racing Corporation),NON,FOR,179,7,0,77,95
Desha,RANDOLPH 4,Issue No. 4: An Amendment to Require Four Licenses to be Issued for Casino Gaming at Casinos, One Each in Crittenden (to Southland Racing Corporation),NON,FOR,267,6,0,125,136
Desha,RANDOLPH RURAL,Issue No. 4: An Amendment to Require Four Licenses to be Issued for Casino Gaming at Casinos, One Each in Crittenden (to Southland Racing Corporation),NON,FOR,22,0,0,10,12
Desha,REDFORK,Issue No. 4: An Amendment to Require Four Licenses to be Issued for Casino Gaming at Casinos, One Each in Crittenden (to Southland Racing Corporation),NON,FOR,93,5,1,25,62
Desha,RICHLAND,Issue No. 4: An Amendment to Require Four Licenses to be Issued for Casino Gaming at Casinos, One Each in Crittenden (to Southland Racing Corporation),NON,FOR,49,1,1,24,23
Desha,SILVERLAKE,Issue No. 4: An Amendment to Require Four Licenses to be Issued for Casino Gaming at Casinos, One Each in Crittenden (to Southland Racing Corporation),NON,FOR,62,1,1,26,34
Desha,WALNUT LAKE,Issue No. 4: An Amendment to Require Four Licenses to be Issued for Casino Gaming at Casinos, One Each in Crittenden (to Southland Racing Corporation),NON,FOR,16,0,0,8,8
Desha,BOWIE 1,Issue No. 4: An Amendment to Require Four Licenses to be Issued for Casino Gaming at Casinos, One Each in Crittenden (to Southland Racing Corporation),NON,AGAINST,187,0,1,115,71
Desha,BOWIE 2,Issue No. 4: An Amendment to Require Four Licenses to be Issued for Casino Gaming at Casinos, One Each in Crittenden (to Southland Racing Corporation),NON,AGAINST,158,2,2,104,50
Desha,BOWIE 3,Issue No. 4: An Amendment to Require Four Licenses to be Issued for Casino Gaming at Casinos, One Each in Crittenden (to Southland Racing Corporation),NON,AGAINST,73,3,1,50,19
Desha,BOWIE RURAL,Issue No. 4: An Amendment to Require Four Licenses to be Issued for Casino Gaming at Casinos, One Each in Crittenden (to Southland Racing Corporation),NON,AGAINST,23,3,2,15,3
Desha,CLAYTON MCARTHUR,Issue No. 4: An Amendment to Require Four Licenses to be Issued for Casino Gaming at Casinos, One Each in Crittenden (to Southland Racing Corporation),NON,AGAINST,36,0,0,29,7
Desha,CLAYTON REED,Issue No. 4: An Amendment to Require Four Licenses to be Issued for Casino Gaming at Casinos, One Each in Crittenden (to Southland Racing Corporation),NON,AGAINST,13,0,0,0,13
Desha,CLAYTON TILLAR,Issue No. 4: An Amendment to Require Four Licenses to be Issued for Casino Gaming at Casinos, One Each in Crittenden (to Southland Racing Corporation),NON,AGAINST,5,0,0,5,0
Desha,FRANKLIN,Issue No. 4: An Amendment to Require Four Licenses to be Issued for Casino Gaming at Casinos, One Each in Crittenden (to Southland Racing Corporation),NON,AGAINST,48,1,0,26,21
Desha,HALLEY,Issue No. 4: An Amendment to Require Four Licenses to be Issued for Casino Gaming at Casinos, One Each in Crittenden (to Southland Racing Corporation),NON,AGAINST,36,3,0,26,7
Desha,JEFFERSON,Issue No. 4: An Amendment to Require Four Licenses to be Issued for Casino Gaming at Casinos, One Each in Crittenden (to Southland Racing Corporation),NON,AGAINST,33,4,0,16,13
Desha,MISSISSIPPI,Issue No. 4: An Amendment to Require Four Licenses to be Issued for Casino Gaming at Casinos, One Each in Crittenden (to Southland Racing Corporation),NON,AGAINST,5,5,0,0,0
Desha,MITCHELLVILLE,Issue No. 4: An Amendment to Require Four Licenses to be Issued for Casino Gaming at Casinos, One Each in Crittenden (to Southland Racing Corporation),NON,AGAINST,39,0,0,1,38
Desha,RANDOLPH 1,Issue No. 4: An Amendment to Require Four Licenses to be Issued for Casino Gaming at Casinos, One Each in Crittenden (to Southland Racing Corporation),NON,AGAINST,89,5,0,43,41
Desha,RANDOLPH 2,Issue No. 4: An Amendment to Require Four Licenses to be Issued for Casino Gaming at Casinos, One Each in Crittenden (to Southland Racing Corporation),NON,AGAINST,116,7,1,52,56
Desha,RANDOLPH 3,Issue No. 4: An Amendment to Require Four Licenses to be Issued for Casino Gaming at Casinos, One Each in Crittenden (to Southland Racing Corporation),NON,AGAINST,146,9,0,95,42
Desha,RANDOLPH 4,Issue No. 4: An Amendment to Require Four Licenses to be Issued for Casino Gaming at Casinos, One Each in Crittenden (to Southland Racing Corporation),NON,AGAINST,144,7,0,77,60
Desha,RANDOLPH RURAL,Issue No. 4: An Amendment to Require Four Licenses to be Issued for Casino Gaming at Casinos, One Each in Crittenden (to Southland Racing Corporation),NON,AGAINST,15,0,0,6,9
Desha,REDFORK,Issue No. 4: An Amendment to Require Four Licenses to be Issued for Casino Gaming at Casinos, One Each in Crittenden (to Southland Racing Corporation),NON,AGAINST,71,3,0,18,50
Desha,RICHLAND,Issue No. 4: An Amendment to Require Four Licenses to be Issued for Casino Gaming at Casinos, One Each in Crittenden (to Southland Racing Corporation),NON,AGAINST,44,3,0,19,22
Desha,SILVERLAKE,Issue No. 4: An Amendment to Require Four Licenses to be Issued for Casino Gaming at Casinos, One Each in Crittenden (to Southland Racing Corporation),NON,AGAINST,57,1,0,22,34
Desha,WALNUT LAKE,Issue No. 4: An Amendment to Require Four Licenses to be Issued for Casino Gaming at Casinos, One Each in Crittenden (to Southland Racing Corporation),NON,AGAINST,38,2,0,14,22
Desha,BOWIE 1,Issue No. 5: An Act to Increase the Arkansas Minimum Wage,,NON,FOR,293,2,0,152,139
Desha,BOWIE 2,Issue No. 5: An Act to Increase the Arkansas Minimum Wage,,NON,FOR,355,4,3,205,143
Desha,BOWIE 3,Issue No. 5: An Act to Increase the Arkansas Minimum Wage,,NON,FOR,281,8,2,177,94
Desha,BOWIE RURAL,Issue No. 5: An Act to Increase the Arkansas Minimum Wage,,NON,FOR,35,8,0,16,11
Desha,CLAYTON MCARTHUR,Issue No. 5: An Act to Increase the Arkansas Minimum Wage,,NON,FOR,68,3,0,46,19
Desha,CLAYTON REED,Issue No. 5: An Act to Increase the Arkansas Minimum Wage,,NON,FOR,48,0,0,3,45
Desha,CLAYTON TILLAR,Issue No. 5: An Act to Increase the Arkansas Minimum Wage,,NON,FOR,4,0,0,2,2
Desha,FRANKLIN,Issue No. 5: An Act to Increase the Arkansas Minimum Wage,,NON,FOR,120,1,0,73,46
Desha,HALLEY,Issue No. 5: An Act to Increase the Arkansas Minimum Wage,,NON,FOR,40,2,0,25,13
Desha,JEFFERSON,Issue No. 5: An Act to Increase the Arkansas Minimum Wage,,NON,FOR,41,4,1,21,15
Desha,MISSISSIPPI,Issue No. 5: An Act to Increase the Arkansas Minimum Wage,,NON,FOR,6,5,0,0,1
Desha,MITCHELLVILLE,Issue No. 5: An Act to Increase the Arkansas Minimum Wage,,NON,FOR,92,0,0,10,82
Desha,RANDOLPH 1,Issue No. 5: An Act to Increase the Arkansas Minimum Wage,,NON,FOR,173,12,0,74,87
Desha,RANDOLPH 2,Issue No. 5: An Act to Increase the Arkansas Minimum Wage,,NON,FOR,266,11,1,101,153
Desha,RANDOLPH 3,Issue No. 5: An Act to Increase the Arkansas Minimum Wage,,NON,FOR,247,13,0,123,111
Desha,RANDOLPH 4,Issue No. 5: An Act to Increase the Arkansas Minimum Wage,,NON,FOR,336,10,0,163,163
Desha,RANDOLPH RURAL,Issue No. 5: An Act to Increase the Arkansas Minimum Wage,,NON,FOR,25,0,0,8,17
Desha,REDFORK,Issue No. 5: An Act to Increase the Arkansas Minimum Wage,,NON,FOR,114,6,1,25,82
Desha,RICHLAND,Issue No. 5: An Act to Increase the Arkansas Minimum Wage,,NON,FOR,55,4,0,27,24
Desha,SILVERLAKE,Issue No. 5: An Act to Increase the Arkansas Minimum Wage,,NON,FOR,89,2,0,38,49
Desha,WALNUT LAKE,Issue No. 5: An Act to Increase the Arkansas Minimum Wage,,NON,FOR,27,2,0,13,12
Desha,BOWIE 1,Issue No. 5: An Act to Increase the Arkansas Minimum Wage,,NON,AGAINST,131,1,1,73,56
Desha,BOWIE 2,Issue No. 5: An Act to Increase the Arkansas Minimum Wage,,NON,AGAINST,84,2,0,57,25
Desha,BOWIE 3,Issue No. 5: An Act to Increase the Arkansas Minimum Wage,,NON,AGAINST,16,0,0,11,5
Desha,BOWIE RURAL,Issue No. 5: An Act to Increase the Arkansas Minimum Wage,,NON,AGAINST,11,0,0,8,3
Desha,CLAYTON MCARTHUR,Issue No. 5: An Act to Increase the Arkansas Minimum Wage,,NON,AGAINST,19,0,0,13,6
Desha,CLAYTON REED,Issue No. 5: An Act to Increase the Arkansas Minimum Wage,,NON,AGAINST,2,0,0,0,2
Desha,CLAYTON TILLAR,Issue No. 5: An Act to Increase the Arkansas Minimum Wage,,NON,AGAINST,3,0,0,3,0
Desha,FRANKLIN,Issue No. 5: An Act to Increase the Arkansas Minimum Wage,,NON,AGAINST,31,5,0,18,8
Desha,HALLEY,Issue No. 5: An Act to Increase the Arkansas Minimum Wage,,NON,AGAINST,28,2,0,22,4
Desha,JEFFERSON,Issue No. 5: An Act to Increase the Arkansas Minimum Wage,,NON,AGAINST,32,5,0,13,14
Desha,MISSISSIPPI,Issue No. 5: An Act to Increase the Arkansas Minimum Wage,,NON,AGAINST,4,4,0,0,0
Desha,MITCHELLVILLE,Issue No. 5: An Act to Increase the Arkansas Minimum Wage,,NON,AGAINST,4,0,0,0,4
Desha,RANDOLPH 1,Issue No. 5: An Act to Increase the Arkansas Minimum Wage,,NON,AGAINST,40,0,0,17,23
Desha,RANDOLPH 2,Issue No. 5: An Act to Increase the Arkansas Minimum Wage,,NON,AGAINST,33,2,0,15,16
Desha,RANDOLPH 3,Issue No. 5: An Act to Increase the Arkansas Minimum Wage,,NON,AGAINST,79,4,0,50,25
Desha,RANDOLPH 4,Issue No. 5: An Act to Increase the Arkansas Minimum Wage,,NON,AGAINST,81,5,0,42,34
Desha,RANDOLPH RURAL,Issue No. 5: An Act to Increase the Arkansas Minimum Wage,,NON,AGAINST,12,0,0,8,4
Desha,REDFORK,Issue No. 5: An Act to Increase the Arkansas Minimum Wage,,NON,AGAINST,47,2,0,17,28
Desha,RICHLAND,Issue No. 5: An Act to Increase the Arkansas Minimum Wage,,NON,AGAINST,41,0,1,18,22
Desha,SILVERLAKE,Issue No. 5: An Act to Increase the Arkansas Minimum Wage,,NON,AGAINST,28,0,1,8,19
Desha,WALNUT LAKE,Issue No. 5: An Act to Increase the Arkansas Minimum Wage,,NON,AGAINST,27,0,0,9,18
