county,precinct,office,district,party,candidate,votes,election_day,early_voting,absentee
St Francis,Hughes,U.S. House,1,LIB,Elvis Presley,16,15,1,0
St Francis,Heth/Blackfish,U.S. House,1,LIB,Elvis Presley,1,1,0,0
St Francis,Widener,U.S. House,1,LIB,Elvis Presley,5,5,0,0
St Francis,Madison,U.S. House,1,LIB,Elvis Presley,3,2,1,0
St Francis,Bonair,U.S. House,1,LIB,Elvis Presley,8,4,4,0
St Francis,Newcastle/Parrott,U.S. House,1,LIB,Elvis Presley,14,9,5,0
St Francis,Colt,U.S. House,1,LIB,Elvis Presley,5,5,0,0
St Francis,Caldwell,U.S. House,1,LIB,Elvis Presley,2,2,0,0
St Francis,Forrest City Country West,U.S. House,1,LIB,Elvis Presley,1,0,1,0
St Francis,Palestine,U.S. House,1,LIB,Elvis Presley,5,2,3,0
St Francis,Wheatley,U.S. House,1,LIB,Elvis Presley,5,5,0,0
St Francis,FC Ward 1,U.S. House,1,LIB,Elvis Presley,16,5,10,1
St Francis,FC Ward 2,U.S. House,1,LIB,Elvis Presley,18,3,14,1
St Francis,FC Ward 3,U.S. House,1,LIB,Elvis Presley,16,9,7,0
St Francis,FC Ward 4,U.S. House,1,LIB,Elvis Presley,14,7,7,0
St Francis,Hughes,U.S. House,1,DEM,Chintan Desai,327,237,58,32
St Francis,Heth/Blackfish,U.S. House,1,DEM,Chintan Desai,43,33,10,0
St Francis,Widener,U.S. House,1,DEM,Chintan Desai,66,58,8,0
St Francis,Madison,U.S. House,1,DEM,Chintan Desai,191,117,68,6
St Francis,Bonair,U.S. House,1,DEM,Chintan Desai,65,25,40,0
St Francis,Newcastle/Parrott,U.S. House,1,DEM,Chintan Desai,113,44,67,2
St Francis,Colt,U.S. House,1,DEM,Chintan Desai,153,95,57,1
St Francis,Caldwell,U.S. House,1,DEM,Chintan Desai,51,23,22,6
St Francis,Forrest City Country West,U.S. House,1,DEM,Chintan Desai,60,7,49,4
St Francis,Palestine,U.S. House,1,DEM,Chintan Desai,128,69,53,6
St Francis,Wheatley,U.S. House,1,DEM,Chintan Desai,39,30,9,0
St Francis,FC Ward 1,U.S. House,1,DEM,Chintan Desai,486,164,301,21
St Francis,FC Ward 2,U.S. House,1,DEM,Chintan Desai,577,180,351,46
St Francis,FC Ward 3,U.S. House,1,DEM,Chintan Desai,397,126,240,31
St Francis,FC Ward 4,U.S. House,1,DEM,Chintan Desai,342,110,217,15
St Francis,Hughes,U.S. House,1,REP,Congressman Rick Crawford,159,121,31,7
St Francis,Heth/Blackfish,U.S. House,1,REP,Congressman Rick Crawford,79,68,11,0
St Francis,Widener,U.S. House,1,REP,Congressman Rick Crawford,57,39,17,1
St Francis,Madison,U.S. House,1,REP,Congressman Rick Crawford,34,23,8,3
St Francis,Bonair,U.S. House,1,REP,Congressman Rick Crawford,212,116,95,1
St Francis,Newcastle/Parrott,U.S. House,1,REP,Congressman Rick Crawford,549,311,235,3
St Francis,Colt,U.S. House,1,REP,Congressman Rick Crawford,230,149,77,4
St Francis,Caldwell,U.S. House,1,REP,Congressman Rick Crawford,148,97,50,1
St Francis,Forrest City Country West,U.S. House,1,REP,Congressman Rick Crawford,54,22,32,0
St Francis,Palestine,U.S. House,1,REP,Congressman Rick Crawford,264,187,73,4
St Francis,Wheatley,U.S. House,1,REP,Congressman Rick Crawford,80,69,11,0
St Francis,FC Ward 1,U.S. House,1,REP,Congressman Rick Crawford,45,16,27,2
St Francis,FC Ward 2,U.S. House,1,REP,Congressman Rick Crawford,79,23,54,2
St Francis,FC Ward 3,U.S. House,1,REP,Congressman Rick Crawford,327,93,220,14
St Francis,FC Ward 4,U.S. House,1,REP,Congressman Rick Crawford,270,75,190,5
St Francis,Hughes,Governor,,DEM,Jared K. Henderson,335,243,60,32
St Francis,Heth/Blackfish,Governor,,DEM,Jared K. Henderson,42,32,10,0
St Francis,Widener,Governor,,DEM,Jared K. Henderson,68,59,9,0
St Francis,Madison,Governor,,DEM,Jared K. Henderson,190,118,65,7
St Francis,Bonair,Governor,,DEM,Jared K. Henderson,66,27,39,0
St Francis,Newcastle/Parrott,Governor,,DEM,Jared K. Henderson,112,45,64,3
St Francis,Colt,Governor,,DEM,Jared K. Henderson,145,88,56,1
St Francis,Caldwell,Governor,,DEM,Jared K. Henderson,46,20,20,6
St Francis,Forrest City Country West,Governor,,DEM,Jared K. Henderson,61,6,51,4
St Francis,Palestine,Governor,,DEM,Jared K. Henderson,133,70,56,7
St Francis,Wheatley,Governor,,DEM,Jared K. Henderson,38,29,9,0
St Francis,FC Ward 1,Governor,,DEM,Jared K. Henderson,487,161,305,21
St Francis,FC Ward 2,Governor,,DEM,Jared K. Henderson,565,176,345,44
St Francis,FC Ward 3,Governor,,DEM,Jared K. Henderson,402,131,239,32
St Francis,FC Ward 4,Governor,,DEM,Jared K. Henderson,329,100,214,15
St Francis,Hughes,Governor,,LIB,Mark West,18,16,1,1
St Francis,Heth/Blackfish,Governor,,LIB,Mark West,2,2,0,0
St Francis,Widener,Governor,,LIB,Mark West,2,2,0,0
St Francis,Madison,Governor,,LIB,Mark West,6,2,4,0
St Francis,Bonair,Governor,,LIB,Mark West,8,4,4,0
St Francis,Newcastle/Parrott,Governor,,LIB,Mark West,16,11,5,0
St Francis,Colt,Governor,,LIB,Mark West,8,8,0,0
St Francis,Caldwell,Governor,,LIB,Mark West,5,4,1,0
St Francis,Forrest City Country West,Governor,,LIB,Mark West,1,1,0,0
St Francis,Palestine,Governor,,LIB,Mark West,7,3,4,0
St Francis,Wheatley,Governor,,LIB,Mark West,3,3,0,0
St Francis,FC Ward 1,Governor,,LIB,Mark West,12,4,8,0
St Francis,FC Ward 2,Governor,,LIB,Mark West,17,5,12,0
St Francis,FC Ward 3,Governor,,LIB,Mark West,15,10,5,0
St Francis,FC Ward 4,Governor,,LIB,Mark West,12,8,4,0
St Francis,Hughes,Governor,,REP,Governor Asa Hutchinson,145,110,29,6
St Francis,Heth/Blackfish,Governor,,REP,Governor Asa Hutchinson,78,67,11,0
St Francis,Widener,Governor,,REP,Governor Asa Hutchinson,62,44,17,1
St Francis,Madison,Governor,,REP,Governor Asa Hutchinson,37,26,9,2
St Francis,Bonair,Governor,,REP,Governor Asa Hutchinson,214,116,97,1
St Francis,Newcastle/Parrott,Governor,,REP,Governor Asa Hutchinson,548,307,239,2
St Francis,Colt,Governor,,REP,Governor Asa Hutchinson,242,154,84,4
St Francis,Caldwell,Governor,,REP,Governor Asa Hutchinson,151,98,52,1
St Francis,Forrest City Country West,Governor,,REP,Governor Asa Hutchinson,54,22,32,0
St Francis,Palestine,Governor,,REP,Governor Asa Hutchinson,260,186,71,3
St Francis,Wheatley,Governor,,REP,Governor Asa Hutchinson,84,72,12,0
St Francis,FC Ward 1,Governor,,REP,Governor Asa Hutchinson,62,22,38,2
St Francis,FC Ward 2,Governor,,REP,Governor Asa Hutchinson,98,26,67,5
St Francis,FC Ward 3,Governor,,REP,Governor Asa Hutchinson,334,91,229,14
St Francis,FC Ward 4,Governor,,REP,Governor Asa Hutchinson,291,83,203,5
St Francis,Hughes,Lieutenant Governor,,LIB,Frank Gilbert,7,6,1,0
St Francis,Heth/Blackfish,Lieutenant Governor,,LIB,Frank Gilbert,0,0,0,0
St Francis,Widener,Lieutenant Governor,,LIB,Frank Gilbert,5,3,2,0
St Francis,Madison,Lieutenant Governor,,LIB,Frank Gilbert,7,5,2,0
St Francis,Bonair,Lieutenant Governor,,LIB,Frank Gilbert,7,4,3,0
St Francis,Newcastle/Parrott,Lieutenant Governor,,LIB,Frank Gilbert,15,9,6,0
St Francis,Colt,Lieutenant Governor,,LIB,Frank Gilbert,12,11,1,0
St Francis,Caldwell,Lieutenant Governor,,LIB,Frank Gilbert,5,4,1,0
St Francis,Forrest City Country West,Lieutenant Governor,,LIB,Frank Gilbert,2,1,1,0
St Francis,Palestine,Lieutenant Governor,,LIB,Frank Gilbert,7,5,2,0
St Francis,Wheatley,Lieutenant Governor,,LIB,Frank Gilbert,6,5,1,0
St Francis,FC Ward 1,Lieutenant Governor,,LIB,Frank Gilbert,17,5,12,0
St Francis,FC Ward 2,Lieutenant Governor,,LIB,Frank Gilbert,9,2,7,0
St Francis,FC Ward 3,Lieutenant Governor,,LIB,Frank Gilbert,21,11,10,0
St Francis,FC Ward 4,Lieutenant Governor,,LIB,Frank Gilbert,12,5,6,1
St Francis,Hughes,Lieutenant Governor,,REP,Lt. Governor Tim Griffin,151,118,27,6
St Francis,Heth/Blackfish,Lieutenant Governor,,REP,Lt. Governor Tim Griffin,77,65,12,0
St Francis,Widener,Lieutenant Governor,,REP,Lt. Governor Tim Griffin,60,44,15,1
St Francis,Madison,Lieutenant Governor,,REP,Lt. Governor Tim Griffin,32,21,9,2
St Francis,Bonair,Lieutenant Governor,,REP,Lt. Governor Tim Griffin,213,115,97,1
St Francis,Newcastle/Parrott,Lieutenant Governor,,REP,Lt. Governor Tim Griffin,556,317,236,3
St Francis,Colt,Lieutenant Governor,,REP,Lt. Governor Tim Griffin,237,152,81,4
St Francis,Caldwell,Lieutenant Governor,,REP,Lt. Governor Tim Griffin,150,97,52,1
St Francis,Forrest City Country West,Lieutenant Governor,,REP,Lt. Governor Tim Griffin,52,22,30,0
St Francis,Palestine,Lieutenant Governor,,REP,Lt. Governor Tim Griffin,259,186,70,3
St Francis,Wheatley,Lieutenant Governor,,REP,Lt. Governor Tim Griffin,81,70,11,0
St Francis,FC Ward 1,Lieutenant Governor,,REP,Lt. Governor Tim Griffin,48,18,28,2
St Francis,FC Ward 2,Lieutenant Governor,,REP,Lt. Governor Tim Griffin,70,21,47,2
St Francis,FC Ward 3,Lieutenant Governor,,REP,Lt. Governor Tim Griffin,333,97,221,15
St Francis,FC Ward 4,Lieutenant Governor,,REP,Lt. Governor Tim Griffin,281,78,199,4
St Francis,Hughes,Lieutenant Governor,,DEM,Anthony Bland,340,246,62,32
St Francis,Heth/Blackfish,Lieutenant Governor,,DEM,Anthony Bland,45,36,9,0
St Francis,Widener,Lieutenant Governor,,DEM,Anthony Bland,67,58,9,0
St Francis,Madison,Lieutenant Governor,,DEM,Anthony Bland,190,116,67,7
St Francis,Bonair,Lieutenant Governor,,DEM,Anthony Bland,64,25,39,0
St Francis,Newcastle/Parrott,Lieutenant Governor,,DEM,Anthony Bland,109,41,66,2
St Francis,Colt,Lieutenant Governor,,DEM,Anthony Bland,144,85,58,1
St Francis,Caldwell,Lieutenant Governor,,DEM,Anthony Bland,46,21,19,6
St Francis,Forrest City Country West,Lieutenant Governor,,DEM,Anthony Bland,63,6,53,4
St Francis,Palestine,Lieutenant Governor,,DEM,Anthony Bland,135,70,58,7
St Francis,Wheatley,Lieutenant Governor,,DEM,Anthony Bland,38,29,9,0
St Francis,FC Ward 1,Lieutenant Governor,,DEM,Anthony Bland,489,163,304,22
St Francis,FC Ward 2,Lieutenant Governor,,DEM,Anthony Bland,594,183,364,47
St Francis,FC Ward 3,Lieutenant Governor,,DEM,Anthony Bland,396,124,241,31
St Francis,FC Ward 4,Lieutenant Governor,,DEM,Anthony Bland,337,110,212,15
St Francis,Hughes,Attorney General,,DEM,Mike Lee,352,254,65,33
St Francis,Heth/Blackfish,Attorney General,,DEM,Mike Lee,50,40,10,0
St Francis,Widener,Attorney General,,DEM,Mike Lee,69,59,10,0
St Francis,Madison,Attorney General,,DEM,Mike Lee,198,124,67,7
St Francis,Bonair,Attorney General,,DEM,Mike Lee,72,27,45,0
St Francis,Newcastle/Parrott,Attorney General,,DEM,Mike Lee,123,52,69,2
St Francis,Colt,Attorney General,,DEM,Mike Lee,158,94,63,1
St Francis,Caldwell,Attorney General,,DEM,Mike Lee,48,22,20,6
St Francis,Forrest City Country West,Attorney General,,DEM,Mike Lee,57,6,47,4
St Francis,Palestine,Attorney General,,DEM,Mike Lee,139,74,58,7
St Francis,Wheatley,Attorney General,,DEM,Mike Lee,40,31,9,0
St Francis,FC Ward 1,Attorney General,,DEM,Mike Lee,504,169,313,22
St Francis,FC Ward 2,Attorney General,,DEM,Mike Lee,594,187,362,45
St Francis,FC Ward 3,Attorney General,,DEM,Mike Lee,406,137,238,31
St Francis,FC Ward 4,Attorney General,,DEM,Mike Lee,347,110,222,15
St Francis,Hughes,Attorney General,,REP,Attorney General Leslie Rutledge,140,109,25,6
St Francis,Heth/Blackfish,Attorney General,,REP,Attorney General Leslie Rutledge,71,60,11,0
St Francis,Widener,Attorney General,,REP,Attorney General Leslie Rutledge,58,43,14,1
St Francis,Madison,Attorney General,,REP,Attorney General Leslie Rutledge,26,15,9,2
St Francis,Bonair,Attorney General,,REP,Attorney General Leslie Rutledge,211,118,92,1
St Francis,Newcastle/Parrott,Attorney General,,REP,Attorney General Leslie Rutledge,547,310,234,3
St Francis,Colt,Attorney General,,REP,Attorney General Leslie Rutledge,238,156,78,4
St Francis,Caldwell,Attorney General,,REP,Attorney General Leslie Rutledge,154,101,52,1
St Francis,Forrest City Country West,Attorney General,,REP,Attorney General Leslie Rutledge,56,23,33,0
St Francis,Palestine,Attorney General,,REP,Attorney General Leslie Rutledge,260,185,72,3
St Francis,Wheatley,Attorney General,,REP,Attorney General Leslie Rutledge,80,68,12,0
St Francis,FC Ward 1,Attorney General,,REP,Attorney General Leslie Rutledge,43,15,26,2
St Francis,FC Ward 2,Attorney General,,REP,Attorney General Leslie Rutledge,71,18,50,3
St Francis,FC Ward 3,Attorney General,,REP,Attorney General Leslie Rutledge,326,90,221,15
St Francis,FC Ward 4,Attorney General,,REP,Attorney General Leslie Rutledge,269,77,188,4
St Francis,Hughes,Attorney General,,LIB,Kerry Hicks,9,9,0,0
St Francis,Heth/Blackfish,Attorney General,,LIB,Kerry Hicks,2,2,0,0
St Francis,Widener,Attorney General,,LIB,Kerry Hicks,3,2,1,0
St Francis,Madison,Attorney General,,LIB,Kerry Hicks,5,4,1,0
St Francis,Bonair,Attorney General,,LIB,Kerry Hicks,6,3,3,0
St Francis,Newcastle/Parrott,Attorney General,,LIB,Kerry Hicks,12,6,6,0
St Francis,Colt,Attorney General,,LIB,Kerry Hicks,2,2,0,0
St Francis,Caldwell,Attorney General,,LIB,Kerry Hicks,1,0,1,0
St Francis,Forrest City Country West,Attorney General,,LIB,Kerry Hicks,0,0,0,0
St Francis,Palestine,Attorney General,,LIB,Kerry Hicks,3,1,2,0
St Francis,Wheatley,Attorney General,,LIB,Kerry Hicks,5,5,0,0
St Francis,FC Ward 1,Attorney General,,LIB,Kerry Hicks,13,4,9,0
St Francis,FC Ward 2,Attorney General,,LIB,Kerry Hicks,18,4,14,0
St Francis,FC Ward 3,Attorney General,,LIB,Kerry Hicks,15,5,10,0
St Francis,FC Ward 4,Attorney General,,LIB,Kerry Hicks,11,5,5,1
St Francis,Hughes,Secretary of State,,DEM,Susan Inman,337,248,59,30
St Francis,Heth/Blackfish,Secretary of State,,DEM,Susan Inman,48,38,10,0
St Francis,Widener,Secretary of State,,DEM,Susan Inman,68,58,10,0
St Francis,Madison,Secretary of State,,DEM,Susan Inman,200,126,68,6
St Francis,Bonair,Secretary of State,,DEM,Susan Inman,77,31,46,0
St Francis,Newcastle/Parrott,Secretary of State,,DEM,Susan Inman,125,51,72,2
St Francis,Colt,Secretary of State,,DEM,Susan Inman,160,93,66,1
St Francis,Caldwell,Secretary of State,,DEM,Susan Inman,49,22,21,6
St Francis,Forrest City Country West,Secretary of State,,DEM,Susan Inman,58,6,48,4
St Francis,Palestine,Secretary of State,,DEM,Susan Inman,137,71,59,7
St Francis,Wheatley,Secretary of State,,DEM,Susan Inman,40,30,10,0
St Francis,FC Ward 1,Secretary of State,,DEM,Susan Inman,504,169,313,22
St Francis,FC Ward 2,Secretary of State,,DEM,Susan Inman,598,183,368,47
St Francis,FC Ward 3,Secretary of State,,DEM,Susan Inman,426,139,254,33
St Francis,FC Ward 4,Secretary of State,,DEM,Susan Inman,367,117,236,14
St Francis,Hughes,Secretary of State,,REP,John Thurston Commissioner of State Lands,143,111,27,5
St Francis,Heth/Blackfish,Secretary of State,,REP,John Thurston Commissioner of State Lands,74,63,11,0
St Francis,Widener,Secretary of State,,REP,John Thurston Commissioner of State Lands,57,42,14,1
St Francis,Madison,Secretary of State,,REP,John Thurston Commissioner of State Lands,23,14,7,2
St Francis,Bonair,Secretary of State,,REP,John Thurston Commissioner of State Lands,211,118,92,1
St Francis,Newcastle/Parrott,Secretary of State,,REP,John Thurston Commissioner of State Lands,551,313,236,2
St Francis,Colt,Secretary of State,,REP,John Thurston Commissioner of State Lands,232,153,75,4
St Francis,Caldwell,Secretary of State,,REP,John Thurston Commissioner of State Lands,153,100,52,1
St Francis,Forrest City Country West,Secretary of State,,REP,John Thurston Commissioner of State Lands,57,23,34,0
St Francis,Palestine,Secretary of State,,REP,John Thurston Commissioner of State Lands,261,186,72,3
St Francis,Wheatley,Secretary of State,,REP,John Thurston Commissioner of State Lands,80,69,11,0
St Francis,FC Ward 1,Secretary of State,,REP,John Thurston Commissioner of State Lands,42,16,24,2
St Francis,FC Ward 2,Secretary of State,,REP,John Thurston Commissioner of State Lands,61,19,40,2
St Francis,FC Ward 3,Secretary of State,,REP,John Thurston Commissioner of State Lands,298,83,202,13
St Francis,FC Ward 4,Secretary of State,,REP,John Thurston Commissioner of State Lands,253,70,179,4
St Francis,Hughes,Secretary of State,,LIB,Christopher Olson,20,13,4,3
St Francis,Heth/Blackfish,Secretary of State,,LIB,Christopher Olson,1,1,0,0
St Francis,Widener,Secretary of State,,LIB,Christopher Olson,5,3,2,0
St Francis,Madison,Secretary of State,,LIB,Christopher Olson,6,4,2,0
St Francis,Bonair,Secretary of State,,LIB,Christopher Olson,4,2,2,0
St Francis,Newcastle/Parrott,Secretary of State,,LIB,Christopher Olson,6,3,2,1
St Francis,Colt,Secretary of State,,LIB,Christopher Olson,2,2,0,0
St Francis,Caldwell,Secretary of State,,LIB,Christopher Olson,2,2,0,0
St Francis,Forrest City Country West,Secretary of State,,LIB,Christopher Olson,0,0,0,0
St Francis,Palestine,Secretary of State,,LIB,Christopher Olson,4,2,2,0
St Francis,Wheatley,Secretary of State,,LIB,Christopher Olson,5,5,0,0
St Francis,FC Ward 1,Secretary of State,,LIB,Christopher Olson,17,3,14,0
St Francis,FC Ward 2,Secretary of State,,LIB,Christopher Olson,25,5,20,0
St Francis,FC Ward 3,Secretary of State,,LIB,Christopher Olson,20,9,11,0
St Francis,FC Ward 4,Secretary of State,,LIB,Christopher Olson,11,5,5,1
St Francis,Hughes,State Treasurer,,REP,Treasurer of State Dennis Milligan,189,148,34,7
St Francis,Heth/Blackfish,State Treasurer,,REP,Treasurer of State Dennis Milligan,86,73,13,0
St Francis,Widener,State Treasurer,,REP,Treasurer of State Dennis Milligan,67,48,18,1
St Francis,Madison,State Treasurer,,REP,Treasurer of State Dennis Milligan,68,39,27,2
St Francis,Bonair,State Treasurer,,REP,Treasurer of State Dennis Milligan,230,123,106,1
St Francis,Newcastle/Parrott,State Treasurer,,REP,Treasurer of State Dennis Milligan,579,332,244,3
St Francis,Colt,State Treasurer,,REP,Treasurer of State Dennis Milligan,263,169,89,5
St Francis,Caldwell,State Treasurer,,REP,Treasurer of State Dennis Milligan,156,103,52,1
St Francis,Forrest City Country West,State Treasurer,,REP,Treasurer of State Dennis Milligan,61,25,36,0
St Francis,Palestine,State Treasurer,,REP,Treasurer of State Dennis Milligan,276,194,79,3
St Francis,Wheatley,State Treasurer,,REP,Treasurer of State Dennis Milligan,95,83,12,0
St Francis,FC Ward 1,State Treasurer,,REP,Treasurer of State Dennis Milligan,115,34,73,8
St Francis,FC Ward 2,State Treasurer,,REP,Treasurer of State Dennis Milligan,176,52,100,24
St Francis,FC Ward 3,State Treasurer,,REP,Treasurer of State Dennis Milligan,405,119,265,21
St Francis,FC Ward 4,State Treasurer,,REP,Treasurer of State Dennis Milligan,332,94,230,8
St Francis,Hughes,State Treasurer,,LIB,Ashley Ewald,280,198,53,29
St Francis,Heth/Blackfish,State Treasurer,,LIB,Ashley Ewald,31,23,8,0
St Francis,Widener,State Treasurer,,LIB,Ashley Ewald,48,41,7,0
St Francis,Madison,State Treasurer,,LIB,Ashley Ewald,131,83,42,6
St Francis,Bonair,State Treasurer,,LIB,Ashley Ewald,52,24,28,0
St Francis,Newcastle/Parrott,State Treasurer,,LIB,Ashley Ewald,86,28,56,2
St Francis,Colt,State Treasurer,,LIB,Ashley Ewald,109,68,41,0
St Francis,Caldwell,State Treasurer,,LIB,Ashley Ewald,42,19,17,6
St Francis,Forrest City Country West,State Treasurer,,LIB,Ashley Ewald,43,4,35,4
St Francis,Palestine,State Treasurer,,LIB,Ashley Ewald,97,54,37,6
St Francis,Wheatley,State Treasurer,,LIB,Ashley Ewald,22,16,6,0
St Francis,FC Ward 1,State Treasurer,,LIB,Ashley Ewald,358,132,212,14
St Francis,FC Ward 2,State Treasurer,,LIB,Ashley Ewald,442,134,286,22
St Francis,FC Ward 3,State Treasurer,,LIB,Ashley Ewald,300,101,178,21
St Francis,FC Ward 4,State Treasurer,,LIB,Ashley Ewald,264,92,161,11
St Francis,Hughes,Auditor of State,,REP,Auditor Andrea Lea,189,148,34,7
St Francis,Heth/Blackfish,Auditor of State,,REP,Auditor Andrea Lea,84,72,12,0
St Francis,Widener,Auditor of State,,REP,Auditor Andrea Lea,61,44,16,1
St Francis,Madison,Auditor of State,,REP,Auditor Andrea Lea,69,42,24,3
St Francis,Bonair,Auditor of State,,REP,Auditor Andrea Lea,231,122,108,1
St Francis,Newcastle/Parrott,Auditor of State,,REP,Auditor Andrea Lea,584,334,247,3
St Francis,Colt,Auditor of State,,REP,Auditor Andrea Lea,269,177,87,5
St Francis,Caldwell,Auditor of State,,REP,Auditor Andrea Lea,158,104,53,1
St Francis,Forrest City Country West,Auditor of State,,REP,Auditor Andrea Lea,62,27,35,0
St Francis,Palestine,Auditor of State,,REP,Auditor Andrea Lea,278,197,78,3
St Francis,Wheatley,Auditor of State,,REP,Auditor Andrea Lea,94,81,13,0
St Francis,FC Ward 1,Auditor of State,,REP,Auditor Andrea Lea,131,42,80,9
St Francis,FC Ward 2,Auditor of State,,REP,Auditor Andrea Lea,179,47,111,21
St Francis,FC Ward 3,Auditor of State,,REP,Auditor Andrea Lea,427,126,274,27
St Francis,FC Ward 4,Auditor of State,,REP,Auditor Andrea Lea,355,101,246,8
St Francis,Hughes,Auditor of State,,LIB,David E. Dinwiddie,277,195,53,29
St Francis,Heth/Blackfish,Auditor of State,,LIB,David E. Dinwiddie,33,24,9,0
St Francis,Widener,Auditor of State,,LIB,David E. Dinwiddie,51,43,8,0
St Francis,Madison,Auditor of State,,LIB,David E. Dinwiddie,130,81,44,5
St Francis,Bonair,Auditor of State,,LIB,David E. Dinwiddie,52,26,26,0
St Francis,Newcastle/Parrott,Auditor of State,,LIB,David E. Dinwiddie,80,25,53,2
St Francis,Colt,Auditor of State,,LIB,David E. Dinwiddie,102,59,43,0
St Francis,Caldwell,Auditor of State,,LIB,David E. Dinwiddie,38,17,15,6
St Francis,Forrest City Country West,Auditor of State,,LIB,David E. Dinwiddie,42,2,36,4
St Francis,Palestine,Auditor of State,,LIB,David E. Dinwiddie,98,53,39,6
St Francis,Wheatley,Auditor of State,,LIB,David E. Dinwiddie,21,17,4,0
St Francis,FC Ward 1,Auditor of State,,LIB,David E. Dinwiddie,343,123,206,14
St Francis,FC Ward 2,Auditor of State,,LIB,David E. Dinwiddie,441,141,275,25
St Francis,FC Ward 3,Auditor of State,,LIB,David E. Dinwiddie,280,92,172,16
St Francis,FC Ward 4,Auditor of State,,LIB,David E. Dinwiddie,241,84,146,11
St Francis,Hughes,Commissioner of State Lands,,LIB,T.J. Campbell,12,9,3,0
St Francis,Heth/Blackfish,Commissioner of State Lands,,LIB,T.J. Campbell,1,1,0,0
St Francis,Widener,Commissioner of State Lands,,LIB,T.J. Campbell,4,4,0,0
St Francis,Madison,Commissioner of State Lands,,LIB,T.J. Campbell,5,5,0,0
St Francis,Bonair,Commissioner of State Lands,,LIB,T.J. Campbell,8,1,6,1
St Francis,Newcastle/Parrott,Commissioner of State Lands,,LIB,T.J. Campbell,12,7,5,0
St Francis,Colt,Commissioner of State Lands,,LIB,T.J. Campbell,6,6,0,0
St Francis,Caldwell,Commissioner of State Lands,,LIB,T.J. Campbell,5,2,3,0
St Francis,Forrest City Country West,Commissioner of State Lands,,LIB,T.J. Campbell,1,1,0,0
St Francis,Palestine,Commissioner of State Lands,,LIB,T.J. Campbell,4,1,3,0
St Francis,Wheatley,Commissioner of State Lands,,LIB,T.J. Campbell,1,1,0,0
St Francis,FC Ward 1,Commissioner of State Lands,,LIB,T.J. Campbell,26,9,17,0
St Francis,FC Ward 2,Commissioner of State Lands,,LIB,T.J. Campbell,21,7,14,0
St Francis,FC Ward 3,Commissioner of State Lands,,LIB,T.J. Campbell,26,10,16,0
St Francis,FC Ward 4,Commissioner of State Lands,,LIB,T.J. Campbell,13,5,7,1
St Francis,Hughes,Commissioner of State Lands,,REP,Tommy Land,137,108,24,5
St Francis,Heth/Blackfish,Commissioner of State Lands,,REP,Tommy Land,77,65,12,0
St Francis,Widener,Commissioner of State Lands,,REP,Tommy Land,52,37,14,1
St Francis,Madison,Commissioner of State Lands,,REP,Tommy Land,25,16,7,2
St Francis,Bonair,Commissioner of State Lands,,REP,Tommy Land,204,117,87,0
St Francis,Newcastle/Parrott,Commissioner of State Lands,,REP,Tommy Land,544,311,230,3
St Francis,Colt,Commissioner of State Lands,,REP,Tommy Land,236,154,78,4
St Francis,Caldwell,Commissioner of State Lands,,REP,Tommy Land,147,96,50,1
St Francis,Forrest City Country West,Commissioner of State Lands,,REP,Tommy Land,54,21,33,0
St Francis,Palestine,Commissioner of State Lands,,REP,Tommy Land,256,184,69,3
St Francis,Wheatley,Commissioner of State Lands,,REP,Tommy Land,82,71,11,0
St Francis,FC Ward 1,Commissioner of State Lands,,REP,Tommy Land,24,8,15,1
St Francis,FC Ward 2,Commissioner of State Lands,,REP,Tommy Land,61,21,38,2
St Francis,FC Ward 3,Commissioner of State Lands,,REP,Tommy Land,299,86,201,12
St Francis,FC Ward 4,Commissioner of State Lands,,REP,Tommy Land,256,71,181,4
St Francis,Hughes,Commissioner of State Lands,,DEM,Larry Williams,352,256,62,34
St Francis,Heth/Blackfish,Commissioner of State Lands,,DEM,Larry Williams,46,37,9,0
St Francis,Widener,Commissioner of State Lands,,DEM,Larry Williams,73,62,11,0
St Francis,Madison,Commissioner of State Lands,,DEM,Larry Williams,200,122,71,7
St Francis,Bonair,Commissioner of State Lands,,DEM,Larry Williams,78,31,47,0
St Francis,Newcastle/Parrott,Commissioner of State Lands,,DEM,Larry Williams,121,47,72,2
St Francis,Colt,Commissioner of State Lands,,DEM,Larry Williams,155,90,64,1
St Francis,Caldwell,Commissioner of State Lands,,DEM,Larry Williams,51,25,20,6
St Francis,Forrest City Country West,Commissioner of State Lands,,DEM,Larry Williams,61,7,50,4
St Francis,Palestine,Commissioner of State Lands,,DEM,Larry Williams,140,74,59,7
St Francis,Wheatley,Commissioner of State Lands,,DEM,Larry Williams,42,32,10,0
St Francis,FC Ward 1,Commissioner of State Lands,,DEM,Larry Williams,516,173,320,23
St Francis,FC Ward 2,Commissioner of State Lands,,DEM,Larry Williams,604,183,374,47
St Francis,FC Ward 3,Commissioner of State Lands,,DEM,Larry Williams,418,135,250,33
St Francis,FC Ward 4,Commissioner of State Lands,,DEM,Larry Williams,361,117,229,15
St Francis,Widener,State Representative,49,REP,Representative Steve Hollowell,0,0,0,0
St Francis,Bonair,State Representative,49,REP,Representative Steve Hollowell,166,109,56,1
St Francis,Newcastle/Parrott,State Representative,49,REP,Representative Steve Hollowell,538,307,229,2
St Francis,Colt,State Representative,49,REP,Representative Steve Hollowell,229,154,71,4
St Francis,Caldwell,State Representative,49,REP,Representative Steve Hollowell,152,100,51,1
St Francis,Forrest City Country West,State Representative,49,REP,Representative Steve Hollowell,52,21,31,0
St Francis,Palestine,State Representative,49,REP,Representative Steve Hollowell,264,190,71,3
St Francis,Wheatley,State Representative,49,REP,Representative Steve Hollowell,84,73,11,0
St Francis,FC Ward 1,State Representative,49,REP,Representative Steve Hollowell,4,2,2,0
St Francis,FC Ward 2,State Representative,49,REP,Representative Steve Hollowell,19,5,14,0
St Francis,FC Ward 3,State Representative,49,REP,Representative Steve Hollowell,293,88,190,15
St Francis,FC Ward 4,State Representative,49,REP,Representative Steve Hollowell,107,18,88,1
St Francis,Widener,State Representative,49,DEM,"Howard (Jr.) Smith, II",0,0,0,0
St Francis,Bonair,State Representative,49,DEM,"Howard (Jr.) Smith, II",64,25,39,0
St Francis,Newcastle/Parrott,State Representative,49,DEM,"Howard (Jr.) Smith, II",140,56,81,3
St Francis,Colt,State Representative,49,DEM,"Howard (Jr.) Smith, II",167,96,70,1
St Francis,Caldwell,State Representative,49,DEM,"Howard (Jr.) Smith, II",52,24,22,6
St Francis,Forrest City Country West,State Representative,49,DEM,"Howard (Jr.) Smith, II",63,8,51,4
St Francis,Palestine,State Representative,49,DEM,"Howard (Jr.) Smith, II",138,71,60,7
St Francis,Wheatley,State Representative,49,DEM,"Howard (Jr.) Smith, II",39,30,9,0
St Francis,FC Ward 1,State Representative,49,DEM,"Howard (Jr.) Smith, II",54,24,25,5
St Francis,FC Ward 2,State Representative,49,DEM,"Howard (Jr.) Smith, II",131,42,82,7
St Francis,FC Ward 3,State Representative,49,DEM,"Howard (Jr.) Smith, II",307,86,198,23
St Francis,FC Ward 4,State Representative,49,DEM,"Howard (Jr.) Smith, II",42,6,36,0
St Francis,Hughes,State Supreme Court Associate Justice Position 3,,NON,State Supreme Court Justice Courtney Goodson,264,195,46,23
St Francis,Heth/Blackfish,State Supreme Court Associate Justice Position 3,,NON,State Supreme Court Justice Courtney Goodson,63,50,13,0
St Francis,Widener,State Supreme Court Associate Justice Position 3,,NON,State Supreme Court Justice Courtney Goodson,58,43,14,1
St Francis,Madison,State Supreme Court Associate Justice Position 3,,NON,State Supreme Court Justice Courtney Goodson,107,75,31,1
St Francis,Bonair,State Supreme Court Associate Justice Position 3,,NON,State Supreme Court Justice Courtney Goodson,168,85,82,1
St Francis,Newcastle/Parrott,State Supreme Court Associate Justice Position 3,,NON,State Supreme Court Justice Courtney Goodson,369,189,179,1
St Francis,Colt,State Supreme Court Associate Justice Position 3,,NON,State Supreme Court Justice Courtney Goodson,194,111,78,5
St Francis,Caldwell,State Supreme Court Associate Justice Position 3,,NON,State Supreme Court Justice Courtney Goodson,112,68,42,2
St Francis,Forrest City Country West,State Supreme Court Associate Justice Position 3,,NON,State Supreme Court Justice Courtney Goodson,48,11,34,3
St Francis,Palestine,State Supreme Court Associate Justice Position 3,,NON,State Supreme Court Justice Courtney Goodson,206,142,58,6
St Francis,Wheatley,State Supreme Court Associate Justice Position 3,,NON,State Supreme Court Justice Courtney Goodson,74,64,10,0
St Francis,FC Ward 1,State Supreme Court Associate Justice Position 3,,NON,State Supreme Court Justice Courtney Goodson,260,93,149,18
St Francis,FC Ward 2,State Supreme Court Associate Justice Position 3,,NON,State Supreme Court Justice Courtney Goodson,373,111,223,39
St Francis,FC Ward 3,State Supreme Court Associate Justice Position 3,,NON,State Supreme Court Justice Courtney Goodson,440,137,270,33
St Francis,FC Ward 4,State Supreme Court Associate Justice Position 3,,NON,State Supreme Court Justice Courtney Goodson,394,116,262,16
St Francis,Hughes,State Supreme Court Associate Justice Position 3,,NON,David Sterling,174,132,30,12
St Francis,Heth/Blackfish,State Supreme Court Associate Justice Position 3,,NON,David Sterling,46,41,5,0
St Francis,Widener,State Supreme Court Associate Justice Position 3,,NON,David Sterling,51,41,10,0
St Francis,Madison,State Supreme Court Associate Justice Position 3,,NON,David Sterling,80,43,36,1
St Francis,Bonair,State Supreme Court Associate Justice Position 3,,NON,David Sterling,94,51,43,0
St Francis,Newcastle/Parrott,State Supreme Court Associate Justice Position 3,,NON,David Sterling,270,157,109,4
St Francis,Colt,State Supreme Court Associate Justice Position 3,,NON,David Sterling,151,102,49,0
St Francis,Caldwell,State Supreme Court Associate Justice Position 3,,NON,David Sterling,72,42,25,5
St Francis,Forrest City Country West,State Supreme Court Associate Justice Position 3,,NON,David Sterling,45,15,29,1
St Francis,Palestine,State Supreme Court Associate Justice Position 3,,NON,David Sterling,146,92,52,2
St Francis,Wheatley,State Supreme Court Associate Justice Position 3,,NON,David Sterling,41,34,7,0
St Francis,FC Ward 1,State Supreme Court Associate Justice Position 3,,NON,David Sterling,204,64,135,5
St Francis,FC Ward 2,State Supreme Court Associate Justice Position 3,,NON,David Sterling,222,75,142,5
St Francis,FC Ward 3,State Supreme Court Associate Justice Position 3,,NON,David Sterling,250,75,163,12
St Francis,FC Ward 4,State Supreme Court Associate Justice Position 3,,NON,David Sterling,196,68,125,3
St Francis,Hughes,Circuit Clerk,,NON,Bette Green,470,355,82,33
St Francis,Heth/Blackfish,Circuit Clerk,,NON,Bette Green,118,98,20,0
St Francis,Widener,Circuit Clerk,,NON,Bette Green,122,95,26,1
St Francis,Madison,Circuit Clerk,,NON,Bette Green,213,130,74,9
St Francis,Bonair,Circuit Clerk,,NON,Bette Green,280,147,132,1
St Francis,Newcastle/Parrott,Circuit Clerk,,NON,Bette Green,657,355,298,4
St Francis,Colt,Circuit Clerk,,NON,Bette Green,370,233,132,5
St Francis,Caldwell,Circuit Clerk,,NON,Bette Green,197,119,71,7
St Francis,Forrest City Country West,Circuit Clerk,,NON,Bette Green,108,28,78,2
St Francis,Palestine,Circuit Clerk,,NON,Bette Green,385,249,126,10
St Francis,Wheatley,Circuit Clerk,,NON,Bette Green,117,97,20,0
St Francis,FC Ward 1,Circuit Clerk,,NON,Bette Green,530,182,327,21
St Francis,FC Ward 2,Circuit Clerk,,NON,Bette Green,656,198,411,47
St Francis,FC Ward 3,Circuit Clerk,,NON,Bette Green,730,226,459,45
St Francis,FC Ward 4,Circuit Clerk,,NON,Bette Green,615,188,409,18
St Francis,FC Ward 1,Mayor Forrest City,,NON,Henry E. Peacock,110,43,66,1
St Francis,FC Ward 2,Mayor Forrest City,,NON,Henry E. Peacock,70,33,35,2
St Francis,FC Ward 3,Mayor Forrest City,,NON,Henry E. Peacock,33,17,16,0
St Francis,FC Ward 4,Mayor Forrest City,,NON,Henry E. Peacock,55,21,34,0
St Francis,FC Ward 1,Mayor Forrest City,,NON,Cedric Williams,242,82,157,3
St Francis,FC Ward 2,Mayor Forrest City,,NON,Cedric Williams,306,91,205,10
St Francis,FC Ward 3,Mayor Forrest City,,NON,Cedric Williams,306,94,203,9
St Francis,FC Ward 4,Mayor Forrest City,,NON,Cedric Williams,247,84,161,2
St Francis,FC Ward 1,Mayor Forrest City,,NON,Tim Astin,10,2,8,0
St Francis,FC Ward 2,Mayor Forrest City,,NON,Tim Astin,21,5,16,0
St Francis,FC Ward 3,Mayor Forrest City,,NON,Tim Astin,95,31,57,7
St Francis,FC Ward 4,Mayor Forrest City,,NON,Tim Astin,87,30,53,4
St Francis,FC Ward 1,Mayor Forrest City,,NON,Larry Bryant,202,60,123,19
St Francis,FC Ward 2,Mayor Forrest City,,NON,Larry Bryant,257,74,146,37
St Francis,FC Ward 3,Mayor Forrest City,,NON,Larry Bryant,123,34,71,18
St Francis,FC Ward 4,Mayor Forrest City,,NON,Larry Bryant,106,24,70,12
St Francis,FC Ward 1,Mayor Forrest City,,NON,Christopher Oswalt,21,7,13,1
St Francis,FC Ward 2,Mayor Forrest City,,NON,Christopher Oswalt,45,9,36,0
St Francis,FC Ward 3,Mayor Forrest City,,NON,Christopher Oswalt,199,58,130,11
St Francis,FC Ward 4,Mayor Forrest City,,NON,Christopher Oswalt,144,37,105,2
St Francis,FC Ward 1,ALDERMAN WARD 1 POS 1 FORREST CITY,,NON,Jim Bailey,254,74,166,14
St Francis,FC Ward 1,ALDERMAN WARD 1 POS 1 FORREST CITY,,NON,Ronald Williams,308,114,185,9
St Francis,FC Ward 2,ALDERMAN WARD 2 POS 1 FORREST CITY,,NON,Ardelia Echols,331,116,201,14
St Francis,FC Ward 2,ALDERMAN WARD 2 POS 1 FORREST CITY,,NON,Jason Evansingston,342,89,218,35
St Francis,FC Ward 3,ALDERMAN WARD 3 POS 1 FORREST CITY,,NON,Justin Reeves,449,134,287,28
St Francis,FC Ward 3,ALDERMAN WARD 3 POS 1 FORREST CITY,,NON,Frank Shaw,295,96,183,16
St Francis,FC Ward 4,ALDERMAN WARD 4 POS 1 FORREST CITY,,NON,Ronald Sayles,207,58,137,12
St Francis,FC Ward 4,ALDERMAN WARD 4 POS 1 FORREST CITY,,NON,Dena Poteat,415,132,275,8
St Francis,Newcastle/Parrott,JP DIST 4,,NON,Luther Lieblong,355,188,162,5
St Francis,Caldwell,JP DIST 4,,NON,Luther Lieblong,39,21,18,0
St Francis,FC Ward 2,JP DIST 4,,NON,Luther Lieblong,7,0,7,0
St Francis,Newcastle/Parrott,JP DIST 4,,NON,David Coleman,196,129,67,0
St Francis,Caldwell,JP DIST 4,,NON,David Coleman,30,19,11,0
St Francis,FC Ward 2,JP DIST 4,,NON,David Coleman,1,0,1,0
St Francis,Palestine,MAYOR PALESTINE,,NON,Billy Shafer,130,90,38,2
St Francis,Colt,MAYOR COLT,,NON,Randy Hefner,84,58,25,1
St Francis,Colt,ALDERMAN COLT W 1,,NON,Ronnie Jarrett,63,45,18,0
St Francis,Colt,ALDERMAN COLT W 1,,NON,Charles J. Ward,35,27,8,0
St Francis,Caldwell,MAYOR CALDWELL,,NON,Kevin Middlebrook,101,66,30,5
St Francis,Madison,MAYOR MADISON,,NON,Yvonne L. Davis,8,7,1,0
St Francis,Madison,MAYOR MADISON,,NON,Roy L. Winfrey,106,70,36,0
St Francis,Madison,MAYOR MADISON,,NON,Bobby Hardrick SR,101,57,37,7
St Francis,Madison,MAYOR MADISON,,NON,Barbara Malone,17,14,3,0
St Francis,Widener,WIDENER MAYOR,,NON,Arvin Billingsley,53,48,5,0
St Francis,Widener,Alderman Widener Pos 5,,NON,David Green,43,38,5,0
St Francis,Widener,Alderman Widener Pos 5,,NON,Virgil McKenzie,22,19,3,0
St Francis,Wheatley,MAYOR WHEATLEY,,NON,Larry Nash,98,81,17,0
St Francis,Hughes,MAYOR HUGHES,,NON,Lincoln Barnett,339,252,59,28
St Francis,Hughes,MAYOR HUGHES,,NON,Grady Collum,135,100,22,13
St Francis,Hughes,ALDERMAN HUGHES WARD 1 POS 2,,NON,Rudolph Robinson,313,230,54,29
St Francis,Hughes,ALDERMAN HUGHES WARD 1 POS 2,,NON,Dennis Babb Sr.,154,116,26,12
St Francis,Hughes,ALDERMAN HUGHES WARD 2 POS 1,,NON,James Reece,29,19,6,4
St Francis,Hughes,ALDERMAN HUGHES WARD 2 POS 1,,NON,Irene Combs,97,60,25,12
St Francis,Hughes,ALDERMAN HUGHES WARD 2 POS 1,,NON,Tracy McDonald,51,42,4,5
St Francis,Hughes,ALDERMAN HUGHES WARD 2 POS 2,,NON,Jesse White,334,244,60,30
St Francis,Hughes,ALDERMAN HUGHES WARD 2 POS 2,,NON,Thomas Beene,138,106,21,11
St Francis,Hughes,ALDERMAN HUGHES WARD 3 POS 1,,NON,Dovie Wolf,66,54,7,5
St Francis,Hughes,ALDERMAN HUGHES WARD 3 POS 1,,NON,Earnestine Jackson,94,65,21,8
St Francis,Hughes,ALDERMAN HUGHES WARD 3 POS 2,,NON,Mary Ann Davis,204,159,29,16
St Francis,Hughes,ALDERMAN HUGHES WARD 3 POS 2,,NON,Sheryl Owens,264,187,52,25
St Francis,Hughes,Issue No. 2: A Constitutional Amendment Adding as a Qualification to Vote that a Voter Present Certain Valid Photographic Identification When Casting a Ballot In Person or Casting and Absentee Ballot,,NON,FOR,395,307,65,23
St Francis,Heth/Blackfish,Issue No. 2: A Constitutional Amendment Adding as a Qualification to Vote that a Voter Present Certain Valid Photographic Identification When Casting a Ballot In Person or Casting and Absentee Ballot,,NON,FOR,100,80,20,0
St Francis,Widener,Issue No. 2: A Constitutional Amendment Adding as a Qualification to Vote that a Voter Present Certain Valid Photographic Identification When Casting a Ballot In Person or Casting and Absentee Ballot,,NON,FOR,89,71,17,1
St Francis,Madison,Issue No. 2: A Constitutional Amendment Adding as a Qualification to Vote that a Voter Present Certain Valid Photographic Identification When Casting a Ballot In Person or Casting and Absentee Ballot,,NON,FOR,156,100,48,8
St Francis,Bonair,Issue No. 2: A Constitutional Amendment Adding as a Qualification to Vote that a Voter Present Certain Valid Photographic Identification When Casting a Ballot In Person or Casting and Absentee Ballot,,NON,FOR,238,124,114,0
St Francis,Newcastle/Parrott,Issue No. 2: A Constitutional Amendment Adding as a Qualification to Vote that a Voter Present Certain Valid Photographic Identification When Casting a Ballot In Person or Casting and Absentee Ballot,,NON,FOR,611,329,279,3
St Francis,Colt,Issue No. 2: A Constitutional Amendment Adding as a Qualification to Vote that a Voter Present Certain Valid Photographic Identification When Casting a Ballot In Person or Casting and Absentee Ballot,,NON,FOR,309,205,100,4
St Francis,Caldwell,Issue No. 2: A Constitutional Amendment Adding as a Qualification to Vote that a Voter Present Certain Valid Photographic Identification When Casting a Ballot In Person or Casting and Absentee Ballot,,NON,FOR,163,101,59,3
St Francis,Forrest City Country West,Issue No. 2: A Constitutional Amendment Adding as a Qualification to Vote that a Voter Present Certain Valid Photographic Identification When Casting a Ballot In Person or Casting and Absentee Ballot,,NON,FOR,80,24,55,1
St Francis,Palestine,Issue No. 2: A Constitutional Amendment Adding as a Qualification to Vote that a Voter Present Certain Valid Photographic Identification When Casting a Ballot In Person or Casting and Absentee Ballot,,NON,FOR,316,208,105,3
St Francis,Wheatley,Issue No. 2: A Constitutional Amendment Adding as a Qualification to Vote that a Voter Present Certain Valid Photographic Identification When Casting a Ballot In Person or Casting and Absentee Ballot,,NON,FOR,104,88,16,0
St Francis,FC Ward 1,Issue No. 2: A Constitutional Amendment Adding as a Qualification to Vote that a Voter Present Certain Valid Photographic Identification When Casting a Ballot In Person or Casting and Absentee Ballot,,NON,FOR,338,130,203,5
St Francis,FC Ward 2,Issue No. 2: A Constitutional Amendment Adding as a Qualification to Vote that a Voter Present Certain Valid Photographic Identification When Casting a Ballot In Person or Casting and Absentee Ballot,,NON,FOR,430,151,269,10
St Francis,FC Ward 3,Issue No. 2: A Constitutional Amendment Adding as a Qualification to Vote that a Voter Present Certain Valid Photographic Identification When Casting a Ballot In Person or Casting and Absentee Ballot,,NON,FOR,561,186,359,16
St Francis,FC Ward 4,Issue No. 2: A Constitutional Amendment Adding as a Qualification to Vote that a Voter Present Certain Valid Photographic Identification When Casting a Ballot In Person or Casting and Absentee Ballot,,NON,FOR,495,166,321,8
St Francis,Hughes,Issue No. 2: A Constitutional Amendment Adding as a Qualification to Vote that a Voter Present Certain Valid Photographic Identification When Casting a Ballot In Person or Casting and Absentee Ballot,,NON,AGAINST,98,62,23,13
St Francis,Heth/Blackfish,Issue No. 2: A Constitutional Amendment Adding as a Qualification to Vote that a Voter Present Certain Valid Photographic Identification When Casting a Ballot In Person or Casting and Absentee Ballot,,NON,AGAINST,23,22,1,0
St Francis,Widener,Issue No. 2: A Constitutional Amendment Adding as a Qualification to Vote that a Voter Present Certain Valid Photographic Identification When Casting a Ballot In Person or Casting and Absentee Ballot,,NON,AGAINST,38,29,9,0
St Francis,Madison,Issue No. 2: A Constitutional Amendment Adding as a Qualification to Vote that a Voter Present Certain Valid Photographic Identification When Casting a Ballot In Person or Casting and Absentee Ballot,,NON,AGAINST,76,43,32,1
St Francis,Bonair,Issue No. 2: A Constitutional Amendment Adding as a Qualification to Vote that a Voter Present Certain Valid Photographic Identification When Casting a Ballot In Person or Casting and Absentee Ballot,,NON,AGAINST,47,22,24,1
St Francis,Newcastle/Parrott,Issue No. 2: A Constitutional Amendment Adding as a Qualification to Vote that a Voter Present Certain Valid Photographic Identification When Casting a Ballot In Person or Casting and Absentee Ballot,,NON,AGAINST,64,35,27,2
St Francis,Colt,Issue No. 2: A Constitutional Amendment Adding as a Qualification to Vote that a Voter Present Certain Valid Photographic Identification When Casting a Ballot In Person or Casting and Absentee Ballot,,NON,AGAINST,88,47,40,1
St Francis,Caldwell,Issue No. 2: A Constitutional Amendment Adding as a Qualification to Vote that a Voter Present Certain Valid Photographic Identification When Casting a Ballot In Person or Casting and Absentee Ballot,,NON,AGAINST,39,22,13,4
St Francis,Forrest City Country West,Issue No. 2: A Constitutional Amendment Adding as a Qualification to Vote that a Voter Present Certain Valid Photographic Identification When Casting a Ballot In Person or Casting and Absentee Ballot,,NON,AGAINST,33,5,25,3
St Francis,Palestine,Issue No. 2: A Constitutional Amendment Adding as a Qualification to Vote that a Voter Present Certain Valid Photographic Identification When Casting a Ballot In Person or Casting and Absentee Ballot,,NON,AGAINST,80,49,24,7
St Francis,Wheatley,Issue No. 2: A Constitutional Amendment Adding as a Qualification to Vote that a Voter Present Certain Valid Photographic Identification When Casting a Ballot In Person or Casting and Absentee Ballot,,NON,AGAINST,19,15,4,0
St Francis,FC Ward 1,Issue No. 2: A Constitutional Amendment Adding as a Qualification to Vote that a Voter Present Certain Valid Photographic Identification When Casting a Ballot In Person or Casting and Absentee Ballot,,NON,AGAINST,218,55,144,19
St Francis,FC Ward 2,Issue No. 2: A Constitutional Amendment Adding as a Qualification to Vote that a Voter Present Certain Valid Photographic Identification When Casting a Ballot In Person or Casting and Absentee Ballot,,NON,AGAINST,254,58,157,39
St Francis,FC Ward 3,Issue No. 2: A Constitutional Amendment Adding as a Qualification to Vote that a Voter Present Certain Valid Photographic Identification When Casting a Ballot In Person or Casting and Absentee Ballot,,NON,AGAINST,186,45,113,28
St Francis,FC Ward 4,Issue No. 2: A Constitutional Amendment Adding as a Qualification to Vote that a Voter Present Certain Valid Photographic Identification When Casting a Ballot In Person or Casting and Absentee Ballot,,NON,AGAINST,138,27,99,12
St Francis,Hughes,Issue No. 4: An Amendment to Require Four Licenses to be Issued for Casino Gaming at Casinos, One Each in Crittenden (to Southland Racing Corporation),NON,FOR,353,262,66,25
St Francis,Heth/Blackfish,Issue No. 4: An Amendment to Require Four Licenses to be Issued for Casino Gaming at Casinos, One Each in Crittenden (to Southland Racing Corporation),NON,FOR,76,60,16,0
St Francis,Widener,Issue No. 4: An Amendment to Require Four Licenses to be Issued for Casino Gaming at Casinos, One Each in Crittenden (to Southland Racing Corporation),NON,FOR,70,61,9,0
St Francis,Madison,Issue No. 4: An Amendment to Require Four Licenses to be Issued for Casino Gaming at Casinos, One Each in Crittenden (to Southland Racing Corporation),NON,FOR,157,102,50,5
St Francis,Bonair,Issue No. 4: An Amendment to Require Four Licenses to be Issued for Casino Gaming at Casinos, One Each in Crittenden (to Southland Racing Corporation),NON,FOR,160,89,70,1
St Francis,Newcastle/Parrott,Issue No. 4: An Amendment to Require Four Licenses to be Issued for Casino Gaming at Casinos, One Each in Crittenden (to Southland Racing Corporation),NON,FOR,328,168,157,3
St Francis,Colt,Issue No. 4: An Amendment to Require Four Licenses to be Issued for Casino Gaming at Casinos, One Each in Crittenden (to Southland Racing Corporation),NON,FOR,178,120,56,2
St Francis,Caldwell,Issue No. 4: An Amendment to Require Four Licenses to be Issued for Casino Gaming at Casinos, One Each in Crittenden (to Southland Racing Corporation),NON,FOR,94,55,33,6
St Francis,Forrest City Country West,Issue No. 4: An Amendment to Require Four Licenses to be Issued for Casino Gaming at Casinos, One Each in Crittenden (to Southland Racing Corporation),NON,FOR,56,18,37,1
St Francis,Palestine,Issue No. 4: An Amendment to Require Four Licenses to be Issued for Casino Gaming at Casinos, One Each in Crittenden (to Southland Racing Corporation),NON,FOR,232,157,69,6
St Francis,Wheatley,Issue No. 4: An Amendment to Require Four Licenses to be Issued for Casino Gaming at Casinos, One Each in Crittenden (to Southland Racing Corporation),NON,FOR,60,50,10,0
St Francis,FC Ward 1,Issue No. 4: An Amendment to Require Four Licenses to be Issued for Casino Gaming at Casinos, One Each in Crittenden (to Southland Racing Corporation),NON,FOR,370,134,218,18
St Francis,FC Ward 2,Issue No. 4: An Amendment to Require Four Licenses to be Issued for Casino Gaming at Casinos, One Each in Crittenden (to Southland Racing Corporation),NON,FOR,462,150,288,24
St Francis,FC Ward 3,Issue No. 4: An Amendment to Require Four Licenses to be Issued for Casino Gaming at Casinos, One Each in Crittenden (to Southland Racing Corporation),NON,FOR,461,153,286,22
St Francis,FC Ward 4,Issue No. 4: An Amendment to Require Four Licenses to be Issued for Casino Gaming at Casinos, One Each in Crittenden (to Southland Racing Corporation),NON,FOR,376,124,244,8
St Francis,Hughes,Issue No. 4: An Amendment to Require Four Licenses to be Issued for Casino Gaming at Casinos, One Each in Crittenden (to Southland Racing Corporation),NON,AGAINST,143,108,22,13
St Francis,Heth/Blackfish,Issue No. 4: An Amendment to Require Four Licenses to be Issued for Casino Gaming at Casinos, One Each in Crittenden (to Southland Racing Corporation),NON,AGAINST,46,41,5,0
St Francis,Widener,Issue No. 4: An Amendment to Require Four Licenses to be Issued for Casino Gaming at Casinos, One Each in Crittenden (to Southland Racing Corporation),NON,AGAINST,58,42,15,1
St Francis,Madison,Issue No. 4: An Amendment to Require Four Licenses to be Issued for Casino Gaming at Casinos, One Each in Crittenden (to Southland Racing Corporation),NON,AGAINST,73,41,28,4
St Francis,Bonair,Issue No. 4: An Amendment to Require Four Licenses to be Issued for Casino Gaming at Casinos, One Each in Crittenden (to Southland Racing Corporation),NON,AGAINST,127,59,68,0
St Francis,Newcastle/Parrott,Issue No. 4: An Amendment to Require Four Licenses to be Issued for Casino Gaming at Casinos, One Each in Crittenden (to Southland Racing Corporation),NON,AGAINST,347,194,151,2
St Francis,Colt,Issue No. 4: An Amendment to Require Four Licenses to be Issued for Casino Gaming at Casinos, One Each in Crittenden (to Southland Racing Corporation),NON,AGAINST,222,134,85,3
St Francis,Caldwell,Issue No. 4: An Amendment to Require Four Licenses to be Issued for Casino Gaming at Casinos, One Each in Crittenden (to Southland Racing Corporation),NON,AGAINST,107,67,39,1
St Francis,Forrest City Country West,Issue No. 4: An Amendment to Require Four Licenses to be Issued for Casino Gaming at Casinos, One Each in Crittenden (to Southland Racing Corporation),NON,AGAINST,59,11,45,3
St Francis,Palestine,Issue No. 4: An Amendment to Require Four Licenses to be Issued for Casino Gaming at Casinos, One Each in Crittenden (to Southland Racing Corporation),NON,AGAINST,167,101,62,4
St Francis,Wheatley,Issue No. 4: An Amendment to Require Four Licenses to be Issued for Casino Gaming at Casinos, One Each in Crittenden (to Southland Racing Corporation),NON,AGAINST,64,54,10,0
St Francis,FC Ward 1,Issue No. 4: An Amendment to Require Four Licenses to be Issued for Casino Gaming at Casinos, One Each in Crittenden (to Southland Racing Corporation),NON,AGAINST,193,55,133,5
St Francis,FC Ward 2,Issue No. 4: An Amendment to Require Four Licenses to be Issued for Casino Gaming at Casinos, One Each in Crittenden (to Southland Racing Corporation),NON,AGAINST,229,60,144,25
St Francis,FC Ward 3,Issue No. 4: An Amendment to Require Four Licenses to be Issued for Casino Gaming at Casinos, One Each in Crittenden (to Southland Racing Corporation),NON,AGAINST,287,77,186,24
St Francis,FC Ward 4,Issue No. 4: An Amendment to Require Four Licenses to be Issued for Casino Gaming at Casinos, One Each in Crittenden (to Southland Racing Corporation),NON,AGAINST,256,69,176,11
St Francis,Hughes,Issue No. 5: An Act to Increase the Arkansas Minimum Wage,,NON,FOR,416,304,77,35
St Francis,Heth/Blackfish,Issue No. 5: An Act to Increase the Arkansas Minimum Wage,,NON,FOR,93,74,19,0
St Francis,Widener,Issue No. 5: An Act to Increase the Arkansas Minimum Wage,,NON,FOR,104,84,19,1
St Francis,Madison,Issue No. 5: An Act to Increase the Arkansas Minimum Wage,,NON,FOR,205,131,66,8
St Francis,Bonair,Issue No. 5: An Act to Increase the Arkansas Minimum Wage,,NON,FOR,178,80,97,1
St Francis,Newcastle/Parrott,Issue No. 5: An Act to Increase the Arkansas Minimum Wage,,NON,FOR,397,206,186,5
St Francis,Colt,Issue No. 5: An Act to Increase the Arkansas Minimum Wage,,NON,FOR,283,171,108,4
St Francis,Caldwell,Issue No. 5: An Act to Increase the Arkansas Minimum Wage,,NON,FOR,124,71,47,6
St Francis,Forrest City Country West,Issue No. 5: An Act to Increase the Arkansas Minimum Wage,,NON,FOR,88,20,64,4
St Francis,Palestine,Issue No. 5: An Act to Increase the Arkansas Minimum Wage,,NON,FOR,271,173,90,8
St Francis,Wheatley,Issue No. 5: An Act to Increase the Arkansas Minimum Wage,,NON,FOR,88,73,15,0
St Francis,FC Ward 1,Issue No. 5: An Act to Increase the Arkansas Minimum Wage,,NON,FOR,528,182,323,23
St Francis,FC Ward 2,Issue No. 5: An Act to Increase the Arkansas Minimum Wage,,NON,FOR,629,191,392,46
St Francis,FC Ward 3,Issue No. 5: An Act to Increase the Arkansas Minimum Wage,,NON,FOR,549,170,343,36
St Francis,FC Ward 4,Issue No. 5: An Act to Increase the Arkansas Minimum Wage,,NON,FOR,487,152,316,19
St Francis,Hughes,Issue No. 5: An Act to Increase the Arkansas Minimum Wage,,NON,AGAINST,84,71,11,2
St Francis,Heth/Blackfish,Issue No. 5: An Act to Increase the Arkansas Minimum Wage,,NON,AGAINST,31,29,2,0
St Francis,Widener,Issue No. 5: An Act to Increase the Arkansas Minimum Wage,,NON,AGAINST,24,19,5,0
St Francis,Madison,Issue No. 5: An Act to Increase the Arkansas Minimum Wage,,NON,AGAINST,27,15,11,1
St Francis,Bonair,Issue No. 5: An Act to Increase the Arkansas Minimum Wage,,NON,AGAINST,109,68,41,0
St Francis,Newcastle/Parrott,Issue No. 5: An Act to Increase the Arkansas Minimum Wage,,NON,AGAINST,280,159,121,0
St Francis,Colt,Issue No. 5: An Act to Increase the Arkansas Minimum Wage,,NON,AGAINST,117,83,33,1
St Francis,Caldwell,Issue No. 5: An Act to Increase the Arkansas Minimum Wage,,NON,AGAINST,78,52,25,1
St Francis,Forrest City Country West,Issue No. 5: An Act to Increase the Arkansas Minimum Wage,,NON,AGAINST,25,9,16,0
St Francis,Palestine,Issue No. 5: An Act to Increase the Arkansas Minimum Wage,,NON,AGAINST,128,86,40,2
St Francis,Wheatley,Issue No. 5: An Act to Increase the Arkansas Minimum Wage,,NON,AGAINST,35,30,5,0
St Francis,FC Ward 1,Issue No. 5: An Act to Increase the Arkansas Minimum Wage,,NON,AGAINST,41,10,30,1
St Francis,FC Ward 2,Issue No. 5: An Act to Increase the Arkansas Minimum Wage,,NON,AGAINST,59,18,38,3
St Francis,FC Ward 3,Issue No. 5: An Act to Increase the Arkansas Minimum Wage,,NON,AGAINST,200,59,131,10
St Francis,FC Ward 4,Issue No. 5: An Act to Increase the Arkansas Minimum Wage,,NON,AGAINST,146,42,103,1
