county,precinct,office,district,party,candidate,votes,absentee,provisional,early_voting,election_day
Chicot,Carlton 1 & 2,U.S. House,1,Rep,Congressman Rick Crawford,144,6,0,90,48
Chicot,Carlton 3,U.S. House,1,Rep,Congressman Rick Crawford,195,9,0,112,74
Chicot,Carlton Rural,U.S. House,1,Rep,Congressman Rick Crawford,699,28,0,441,230
Chicot,Planters 1,U.S. House,1,Rep,Congressman Rick Crawford,32,4,0,17,11
Chicot,Planters 2,U.S. House,1,Rep,Congressman Rick Crawford,27,2,0,10,15
Chicot,Planters 3,U.S. House,1,Rep,Congressman Rick Crawford,9,0,0,1,8
Chicot,Planters 4,U.S. House,1,Rep,Congressman Rick Crawford,11,3,0,4,4
Chicot,Planters Rural,U.S. House,1,Rep,Congressman Rick Crawford,214,12,0,110,92
Chicot,Bowie 1,U.S. House,1,Rep,Congressman Rick Crawford,29,0,0,6,23
Chicot,Bowie 2,U.S. House,1,Rep,Congressman Rick Crawford,59,7,0,13,39
Chicot,Bowie 3,U.S. House,1,Rep,Congressman Rick Crawford,61,8,0,11,42
Chicot,Bowie Rural,U.S. House,1,Rep,Congressman Rick Crawford,57,2,0,25,30
Chicot,Carlton 1 & 2,U.S. House,1,Dem,Chintan Desai,371,21,0,184,166
Chicot,Carlton 3,U.S. House,1,Dem,Chintan Desai,190,16,0,70,104
Chicot,Carlton Rural,U.S. House,1,Dem,Chintan Desai,141,8,0,60,73
Chicot,Planters 1,U.S. House,1,Dem,Chintan Desai,104,3,0,39,62
Chicot,Planters 2,U.S. House,1,Dem,Chintan Desai,150,6,0,41,103
Chicot,Planters 3,U.S. House,1,Dem,Chintan Desai,154,3,0,48,103
Chicot,Planters 4,U.S. House,1,Dem,Chintan Desai,159,4,0,40,115
Chicot,Planters Rural,U.S. House,1,Dem,Chintan Desai,107,3,0,42,62
Chicot,Bowie 1,U.S. House,1,Dem,Chintan Desai,155,6,0,27,122
Chicot,Bowie 2,U.S. House,1,Dem,Chintan Desai,206,10,0,37,159
Chicot,Bowie 3,U.S. House,1,Dem,Chintan Desai,176,12,0,25,139
Chicot,Bowie Rural,U.S. House,1,Dem,Chintan Desai,16,0,0,5,11
Chicot,Carlton 1 & 2,U.S. House,1,Lib,Elvis Presley,10,1,0,7,2
Chicot,Carlton 3,U.S. House,1,Lib,Elvis Presley,15,3,0,5,7
Chicot,Carlton Rural,U.S. House,1,Lib,Elvis Presley,9,1,0,6,2
Chicot,Planters 1,U.S. House,1,Lib,Elvis Presley,1,0,0,1,0
Chicot,Planters 2,U.S. House,1,Lib,Elvis Presley,3,0,0,1,2
Chicot,Planters 3,U.S. House,1,Lib,Elvis Presley,5,0,0,2,3
Chicot,Planters 4,U.S. House,1,Lib,Elvis Presley,0,0,0,0,0
Chicot,Planters Rural,U.S. House,1,Lib,Elvis Presley,3,0,0,1,2
Chicot,Bowie 1,U.S. House,1,Lib,Elvis Presley,7,0,0,1,6
Chicot,Bowie 2,U.S. House,1,Lib,Elvis Presley,3,1,0,0,2
Chicot,Bowie 3,U.S. House,1,Lib,Elvis Presley,5,0,0,0,5
Chicot,Bowie Rural,U.S. House,1,Lib,Elvis Presley,0,0,0,0,0
Chicot,Carlton 1 & 2,Governor,,Rep,Governor Asa Hutchinson,152,8,0,92,52
Chicot,Carlton 3,Governor,,Rep,Governor Asa Hutchinson,208,9,0,121,78
Chicot,Carlton Rural,Governor,,Rep,Governor Asa Hutchinson,698,23,0,446,229
Chicot,Planters 1,Governor,,Rep,Governor Asa Hutchinson,40,4,0,22,14
Chicot,Planters 2,Governor,,Rep,Governor Asa Hutchinson,36,4,0,13,19
Chicot,Planters 3,Governor,,Rep,Governor Asa Hutchinson,14,0,0,4,10
Chicot,Planters 4,Governor,,Rep,Governor Asa Hutchinson,16,3,0,9,4
Chicot,Planters Rural,Governor,,Rep,Governor Asa Hutchinson,224,12,0,115,97
Chicot,Bowie 1,Governor,,Rep,Governor Asa Hutchinson,38,0,0,6,32
Chicot,Bowie 2,Governor,,Rep,Governor Asa Hutchinson,72,7,0,14,51
Chicot,Bowie 3,Governor,,Rep,Governor Asa Hutchinson,85,10,0,16,59
Chicot,Bowie Rural,Governor,,Rep,Governor Asa Hutchinson,55,2,0,23,30
Chicot,Carlton 1 & 2,Governor,,Dem,Jared K. Henderson,366,21,0,186,159
Chicot,Carlton 3,Governor,,Dem,Jared K. Henderson,183,17,0,63,103
Chicot,Carlton Rural,Governor,,Dem,Jared K. Henderson,145,12,0,59,74
Chicot,Planters 1,Governor,,Dem,Jared K. Henderson,95,3,0,35,57
Chicot,Planters 2,Governor,,Dem,Jared K. Henderson,142,4,0,38,100
Chicot,Planters 3,Governor,,Dem,Jared K. Henderson,147,3,0,46,98
Chicot,Planters 4,Governor,,Dem,Jared K. Henderson,156,5,0,37,114
Chicot,Planters Rural,Governor,,Dem,Jared K. Henderson,103,3,0,38,62
Chicot,Bowie 1,Governor,,Dem,Jared K. Henderson,154,6,0,27,121
Chicot,Bowie 2,Governor,,Dem,Jared K. Henderson,194,10,0,35,149
Chicot,Bowie 3,Governor,,Dem,Jared K. Henderson,156,9,0,20,127
Chicot,Bowie Rural,Governor,,Dem,Jared K. Henderson,16,0,0,6,10
Chicot,Carlton 1 & 2,Governor,,Lib,Mark West,5,0,0,3,2
Chicot,Carlton 3,Governor,,Lib,Mark West,15,0,0,8,7
Chicot,Carlton Rural,Governor,,Lib,Mark West,9,1,0,5,3
Chicot,Planters 1,Governor,,Lib,Mark West,0,0,0,0,0
Chicot,Planters 2,Governor,,Lib,Mark West,2,0,0,0,2
Chicot,Planters 3,Governor,,Lib,Mark West,7,0,0,0,7
Chicot,Planters 4,Governor,,Lib,Mark West,2,0,0,0,2
Chicot,Planters Rural,Governor,,Lib,Mark West,3,0,0,1,2
Chicot,Bowie 1,Governor,,Lib,Mark West,2,0,0,0,2
Chicot,Bowie 2,Governor,,Lib,Mark West,5,1,0,1,3
Chicot,Bowie 3,Governor,,Lib,Mark West,5,1,0,0,4
Chicot,Bowie Rural,Governor,,Lib,Mark West,1,0,0,1,0
Chicot,Carlton 1 & 2,Lieutenant Governor,,Rep,Lt. Governor Tim Griffin,134,7,0,87,40
Chicot,Carlton 3,Lieutenant Governor,,Rep,Lt. Governor Tim Griffin,200,9,0,115,76
Chicot,Carlton Rural,Lieutenant Governor,,Rep,Lt. Governor Tim Griffin,700,27,0,444,229
Chicot,Planters 1,Lieutenant Governor,,Rep,Lt. Governor Tim Griffin,32,4,0,18,10
Chicot,Planters 2,Lieutenant Governor,,Rep,Lt. Governor Tim Griffin,26,2,0,11,13
Chicot,Planters 3,Lieutenant Governor,,Rep,Lt. Governor Tim Griffin,7,0,0,1,6
Chicot,Planters 4,Lieutenant Governor,,Rep,Lt. Governor Tim Griffin,7,3,0,3,1
Chicot,Planters Rural,Lieutenant Governor,,Rep,Lt. Governor Tim Griffin,217,12,0,111,94
Chicot,Bowie 1,Lieutenant Governor,,Rep,Lt. Governor Tim Griffin,24,0,0,5,19
Chicot,Bowie 2,Lieutenant Governor,,Rep,Lt. Governor Tim Griffin,60,6,0,13,41
Chicot,Bowie 3,Lieutenant Governor,,Rep,Lt. Governor Tim Griffin,72,8,0,14,50
Chicot,Bowie Rural,Lieutenant Governor,,Rep,Lt. Governor Tim Griffin,58,2,0,25,31
Chicot,Carlton 1 & 2,Lieutenant Governor,,Dem,Anthony Bland,383,20,0,190,173
Chicot,Carlton 3,Lieutenant Governor,,Dem,Anthony Bland,189,15,0,69,105
Chicot,Carlton Rural,Lieutenant Governor,,Dem,Anthony Bland,143,9,0,59,75
Chicot,Planters 1,Lieutenant Governor,,Dem,Anthony Bland,104,3,0,38,63
Chicot,Planters 2,Lieutenant Governor,,Dem,Anthony Bland,152,6,0,41,105
Chicot,Planters 3,Lieutenant Governor,,Dem,Anthony Bland,154,3,0,48,103
Chicot,Planters 4,Lieutenant Governor,,Dem,Anthony Bland,165,5,0,43,117
Chicot,Planters Rural,Lieutenant Governor,,Dem,Anthony Bland,106,3,0,41,62
Chicot,Bowie 1,Lieutenant Governor,,Dem,Anthony Bland,169,5,0,28,136
Chicot,Bowie 2,Lieutenant Governor,,Dem,Anthony Bland,207,11,0,36,160
Chicot,Bowie 3,Lieutenant Governor,,Dem,Anthony Bland,168,11,0,22,135
Chicot,Bowie Rural,Lieutenant Governor,,Dem,Anthony Bland,15,0,0,5,10
Chicot,Carlton 1 & 2,Lieutenant Governor,,Lib,Frank Gilbert,9,1,0,5,3
Chicot,Carlton 3,Lieutenant Governor,,Lib,Frank Gilbert,12,4,0,2,6
Chicot,Carlton Rural,Lieutenant Governor,,Lib,Frank Gilbert,7,0,0,6,1
Chicot,Planters 1,Lieutenant Governor,,Lib,Frank Gilbert,0,0,0,0,0
Chicot,Planters 2,Lieutenant Governor,,Lib,Frank Gilbert,3,0,0,1,2
Chicot,Planters 3,Lieutenant Governor,,Lib,Frank Gilbert,7,0,0,1,6
Chicot,Planters 4,Lieutenant Governor,,Lib,Frank Gilbert,2,0,0,0,2
Chicot,Planters Rural,Lieutenant Governor,,Lib,Frank Gilbert,2,0,0,0,2
Chicot,Bowie 1,Lieutenant Governor,,Lib,Frank Gilbert,2,1,0,0,1
Chicot,Bowie 2,Lieutenant Governor,,Lib,Frank Gilbert,1,1,0,0,0
Chicot,Bowie 3,Lieutenant Governor,,Lib,Frank Gilbert,3,1,0,0,2
Chicot,Bowie Rural,Lieutenant Governor,,Lib,Frank Gilbert,0,0,0,0,0
Chicot,Carlton 1 & 2,Attorney General,,Rep,Attorney General Leslie Rutledge,135,7,0,91,37
Chicot,Carlton 3,Attorney General,,Rep,Attorney General Leslie Rutledge,202,8,0,115,79
Chicot,Carlton Rural,Attorney General,,Rep,Attorney General Leslie Rutledge,688,27,0,436,225
Chicot,Planters 1,Attorney General,,Rep,Attorney General Leslie Rutledge,32,4,0,17,11
Chicot,Planters 2,Attorney General,,Rep,Attorney General Leslie Rutledge,28,2,0,11,15
Chicot,Planters 3,Attorney General,,Rep,Attorney General Leslie Rutledge,6,0,0,0,6
Chicot,Planters 4,Attorney General,,Rep,Attorney General Leslie Rutledge,10,3,0,4,3
Chicot,Planters Rural,Attorney General,,Rep,Attorney General Leslie Rutledge,214,12,0,108,94
Chicot,Bowie 1,Attorney General,,Rep,Attorney General Leslie Rutledge,26,0,0,5,21
Chicot,Bowie 2,Attorney General,,Rep,Attorney General Leslie Rutledge,60,7,0,12,41
Chicot,Bowie 3,Attorney General,,Rep,Attorney General Leslie Rutledge,64,8,0,13,43
Chicot,Bowie Rural,Attorney General,,Rep,Attorney General Leslie Rutledge,58,2,0,25,31
Chicot,Carlton 1 & 2,Attorney General,,Dem,Mike Lee,383,20,0,185,178
Chicot,Carlton 3,Attorney General,,Dem,Mike Lee,192,18,0,70,104
Chicot,Carlton Rural,Attorney General,,Dem,Mike Lee,155,10,0,67,78
Chicot,Planters 1,Attorney General,,Dem,Mike Lee,102,3,0,38,61
Chicot,Planters 2,Attorney General,,Dem,Mike Lee,149,6,0,40,103
Chicot,Planters 3,Attorney General,,Dem,Mike Lee,158,3,0,51,104
Chicot,Planters 4,Attorney General,,Dem,Mike Lee,162,5,0,42,115
Chicot,Planters Rural,Attorney General,,Dem,Mike Lee,110,3,0,44,63
Chicot,Bowie 1,Attorney General,,Dem,Mike Lee,168,5,0,30,133
Chicot,Bowie 2,Attorney General,,Dem,Mike Lee,206,9,0,37,160
Chicot,Bowie 3,Attorney General,,Dem,Mike Lee,177,11,0,23,143
Chicot,Bowie Rural,Attorney General,,Dem,Mike Lee,14,0,0,4,10
Chicot,Carlton 1 & 2,Attorney General,,Lib,Kerry Hicks,6,0,0,2,4
Chicot,Carlton 3,Attorney General,,Lib,Kerry Hicks,11,2,0,5,4
Chicot,Carlton Rural,Attorney General,,Lib,Kerry Hicks,9,0,0,7,2
Chicot,Planters 1,Attorney General,,Lib,Kerry Hicks,1,0,0,0,1
Chicot,Planters 2,Attorney General,,Lib,Kerry Hicks,5,0,0,1,4
Chicot,Planters 3,Attorney General,,Lib,Kerry Hicks,5,0,0,1,4
Chicot,Planters 4,Attorney General,,Lib,Kerry Hicks,2,0,0,0,2
Chicot,Planters Rural,Attorney General,,Lib,Kerry Hicks,1,0,0,0,1
Chicot,Bowie 1,Attorney General,,Lib,Kerry Hicks,2,1,0,0,1
Chicot,Bowie 2,Attorney General,,Lib,Kerry Hicks,3,1,0,1,1
Chicot,Bowie 3,Attorney General,,Lib,Kerry Hicks,2,1,0,0,1
Chicot,Bowie Rural,Attorney General,,Lib,Kerry Hicks,1,0,0,1,0
Chicot,Carlton 1 & 2,Secretary of State,,Rep,John Thurston Commissioner of State Lands,126,4,0,83,39
Chicot,Carlton 3,Secretary of State,,Rep,John Thurston Commissioner of State Lands,193,10,0,110,73
Chicot,Carlton Rural,Secretary of State,,Rep,John Thurston Commissioner of State Lands,686,26,0,434,226
Chicot,Planters 1,Secretary of State,,Rep,John Thurston Commissioner of State Lands,28,4,0,16,8
Chicot,Planters 2,Secretary of State,,Rep,John Thurston Commissioner of State Lands,27,2,0,12,13
Chicot,Planters 3,Secretary of State,,Rep,John Thurston Commissioner of State Lands,9,0,0,1,8
Chicot,Planters 4,Secretary of State,,Rep,John Thurston Commissioner of State Lands,13,3,0,4,6
Chicot,Planters Rural,Secretary of State,,Rep,John Thurston Commissioner of State Lands,212,13,0,110,89
Chicot,Bowie 1,Secretary of State,,Rep,John Thurston Commissioner of State Lands,20,0,0,4,16
Chicot,Bowie 2,Secretary of State,,Rep,John Thurston Commissioner of State Lands,53,6,0,12,35
Chicot,Bowie 3,Secretary of State,,Rep,John Thurston Commissioner of State Lands,67,7,0,14,46
Chicot,Bowie Rural,Secretary of State,,Rep,John Thurston Commissioner of State Lands,55,2,0,24,29
Chicot,Carlton 1 & 2,Secretary of State,,Dem,Susan Inman,394,24,0,194,176
Chicot,Carlton 3,Secretary of State,,Dem,Susan Inman,200,18,0,71,111
Chicot,Carlton Rural,Secretary of State,,Dem,Susan Inman,157,11,0,71,75
Chicot,Planters 1,Secretary of State,,Dem,Susan Inman,110,3,0,42,65
Chicot,Planters 2,Secretary of State,,Dem,Susan Inman,155,6,0,40,109
Chicot,Planters 3,Secretary of State,,Dem,Susan Inman,159,3,0,50,106
Chicot,Planters 4,Secretary of State,,Dem,Susan Inman,161,5,0,42,114
Chicot,Planters Rural,Secretary of State,,Dem,Susan Inman,107,2,0,40,65
Chicot,Bowie 1,Secretary of State,,Dem,Susan Inman,172,5,0,30,137
Chicot,Bowie 2,Secretary of State,,Dem,Susan Inman,214,11,0,36,167
Chicot,Bowie 3,Secretary of State,,Dem,Susan Inman,174,11,0,22,141
Chicot,Bowie Rural,Secretary of State,,Dem,Susan Inman,17,0,0,6,11
Chicot,Carlton 1 & 2,Secretary of State,,Lib,Christopher Olson,8,0,0,5,3
Chicot,Carlton 3,Secretary of State,,Lib,Christopher Olson,7,0,0,3,4
Chicot,Carlton Rural,Secretary of State,,Lib,Christopher Olson,9,0,0,5,4
Chicot,Planters 1,Secretary of State,,Lib,Christopher Olson,0,0,0,0,0
Chicot,Planters 2,Secretary of State,,Lib,Christopher Olson,3,0,0,1,2
Chicot,Planters 3,Secretary of State,,Lib,Christopher Olson,2,0,0,0,2
Chicot,Planters 4,Secretary of State,,Lib,Christopher Olson,1,0,0,0,1
Chicot,Planters Rural,Secretary of State,,Lib,Christopher Olson,4,0,0,2,2
Chicot,Bowie 1,Secretary of State,,Lib,Christopher Olson,2,1,0,0,1
Chicot,Bowie 2,Secretary of State,,Lib,Christopher Olson,5,1,0,2,2
Chicot,Bowie 3,Secretary of State,,Lib,Christopher Olson,1,1,0,0,0
Chicot,Bowie Rural,Secretary of State,,Lib,Christopher Olson,0,0,0,0,0
Chicot,Carlton 1 & 2,State Treasurer,,Rep,Treasurer of State Dennis Milligan,190,8,0,122,60
Chicot,Carlton 3,State Treasurer,,Rep,Treasurer of State Dennis Milligan,239,15,0,131,93
Chicot,Carlton Rural,State Treasurer,,Rep,Treasurer of State Dennis Milligan,739,29,0,462,248
Chicot,Planters 1,State Treasurer,,Rep,Treasurer of State Dennis Milligan,50,4,0,30,16
Chicot,Planters 2,State Treasurer,,Rep,Treasurer of State Dennis Milligan,39,5,0,12,22
Chicot,Planters 3,State Treasurer,,Rep,Treasurer of State Dennis Milligan,31,0,0,8,23
Chicot,Planters 4,State Treasurer,,Rep,Treasurer of State Dennis Milligan,32,5,0,7,20
Chicot,Planters Rural,State Treasurer,,Rep,Treasurer of State Dennis Milligan,229,13,0,119,97
Chicot,Bowie 1,State Treasurer,,Rep,Treasurer of State Dennis Milligan,39,0,0,8,31
Chicot,Bowie 2,State Treasurer,,Rep,Treasurer of State Dennis Milligan,81,8,0,17,56
Chicot,Bowie 3,State Treasurer,,Rep,Treasurer of State Dennis Milligan,86,8,0,19,59
Chicot,Bowie Rural,State Treasurer,,Rep,Treasurer of State Dennis Milligan,61,2,0,26,33
Chicot,Carlton 1 & 2,State Treasurer,,Lib,Ashley Ewald,315,19,0,146,150
Chicot,Carlton 3,State Treasurer,,Lib,Ashley Ewald,152,12,0,53,87
Chicot,Carlton Rural,State Treasurer,,Lib,Ashley Ewald,103,6,0,46,51
Chicot,Planters 1,State Treasurer,,Lib,Ashley Ewald,80,3,0,25,52
Chicot,Planters 2,State Treasurer,,Lib,Ashley Ewald,130,3,0,39,88
Chicot,Planters 3,State Treasurer,,Lib,Ashley Ewald,125,3,0,40,82
Chicot,Planters 4,State Treasurer,,Lib,Ashley Ewald,125,2,0,37,86
Chicot,Planters Rural,State Treasurer,,Lib,Ashley Ewald,82,2,0,30,50
Chicot,Bowie 1,State Treasurer,,Lib,Ashley Ewald,145,6,0,25,114
Chicot,Bowie 2,State Treasurer,,Lib,Ashley Ewald,181,9,0,30,142
Chicot,Bowie 3,State Treasurer,,Lib,Ashley Ewald,143,8,0,16,119
Chicot,Bowie Rural,State Treasurer,,Lib,Ashley Ewald,10,0,0,3,7
Chicot,Carlton 1 & 2,Auditor of State,,Rep,Auditor Andrea Lea,187,8,0,120,59
Chicot,Carlton 3,Auditor of State,,Rep,Auditor Andrea Lea,251,15,0,137,99
Chicot,Carlton Rural,Auditor of State,,Rep,Auditor Andrea Lea,731,30,0,460,241
Chicot,Planters 1,Auditor of State,,Rep,Auditor Andrea Lea,54,5,0,32,17
Chicot,Planters 2,Auditor of State,,Rep,Auditor Andrea Lea,39,4,0,12,23
Chicot,Planters 3,Auditor of State,,Rep,Auditor Andrea Lea,33,0,0,8,25
Chicot,Planters 4,Auditor of State,,Rep,Auditor Andrea Lea,29,4,0,7,18
Chicot,Planters Rural,Auditor of State,,Rep,Auditor Andrea Lea,228,13,0,118,97
Chicot,Bowie 1,Auditor of State,,Rep,Auditor Andrea Lea,43,0,0,9,34
Chicot,Bowie 2,Auditor of State,,Rep,Auditor Andrea Lea,84,9,0,18,57
Chicot,Bowie 3,Auditor of State,,Rep,Auditor Andrea Lea,89,8,0,19,62
Chicot,Bowie Rural,Auditor of State,,Rep,Auditor Andrea Lea,60,2,0,26,32
Chicot,Carlton 1 & 2,Auditor of State,,Lib,David E. Dinwiddie,312,19,0,146,147
Chicot,Carlton 3,Auditor of State,,Lib,David E. Dinwiddie,138,12,0,45,81
Chicot,Carlton Rural,Auditor of State,,Lib,David E. Dinwiddie,102,5,0,44,53
Chicot,Planters 1,Auditor of State,,Lib,David E. Dinwiddie,73,2,0,24,47
Chicot,Planters 2,Auditor of State,,Lib,David E. Dinwiddie,128,3,0,39,86
Chicot,Planters 3,Auditor of State,,Lib,David E. Dinwiddie,126,3,0,41,82
Chicot,Planters 4,Auditor of State,,Lib,David E. Dinwiddie,127,2,0,37,88
Chicot,Planters Rural,Auditor of State,,Lib,David E. Dinwiddie,84,2,0,30,52
Chicot,Bowie 1,Auditor of State,,Lib,David E. Dinwiddie,140,6,0,22,112
Chicot,Bowie 2,Auditor of State,,Lib,David E. Dinwiddie,173,7,0,31,135
Chicot,Bowie 3,Auditor of State,,Lib,David E. Dinwiddie,138,7,0,15,116
Chicot,Bowie Rural,Auditor of State,,Lib,David E. Dinwiddie,10,0,0,3,7
Chicot,Carlton 1 & 2,Commissioner of State Lands,,Rep,Tommy Land,116,6,0,75,35
Chicot,Carlton 3,Commissioner of State Lands,,Rep,Tommy Land,191,6,0,110,75
Chicot,Carlton Rural,Commissioner of State Lands,,Rep,Tommy Land,677,25,0,432,220
Chicot,Planters 1,Commissioner of State Lands,,Rep,Tommy Land,27,4,0,14,9
Chicot,Planters 2,Commissioner of State Lands,,Rep,Tommy Land,29,2,0,10,17
Chicot,Planters 3,Commissioner of State Lands,,Rep,Tommy Land,8,0,0,0,8
Chicot,Planters 4,Commissioner of State Lands,,Rep,Tommy Land,7,3,0,3,1
Chicot,Planters Rural,Commissioner of State Lands,,Rep,Tommy Land,206,12,0,104,90
Chicot,Bowie 1,Commissioner of State Lands,,Rep,Tommy Land,21,0,0,4,17
Chicot,Bowie 2,Commissioner of State Lands,,Rep,Tommy Land,47,6,0,11,30
Chicot,Bowie 3,Commissioner of State Lands,,Rep,Tommy Land,56,6,0,13,37
Chicot,Bowie Rural,Commissioner of State Lands,,Rep,Tommy Land,55,2,0,24,29
Chicot,Carlton 1 & 2,Commissioner of State Lands,,Dem,Larry Williams,396,23,0,196,177
Chicot,Carlton 3,Commissioner of State Lands,,Dem,Larry Williams,202,19,0,75,108
Chicot,Carlton Rural,Commissioner of State Lands,,Dem,Larry Williams,164,12,0,71,81
Chicot,Planters 1,Commissioner of State Lands,,Dem,Larry Williams,108,3,0,42,63
Chicot,Planters 2,Commissioner of State Lands,,Dem,Larry Williams,150,6,0,40,104
Chicot,Planters 3,Commissioner of State Lands,,Dem,Larry Williams,157,3,0,48,106
Chicot,Planters 4,Commissioner of State Lands,,Dem,Larry Williams,167,5,0,42,120
Chicot,Planters Rural,Commissioner of State Lands,,Dem,Larry Williams,111,3,0,44,64
Chicot,Bowie 1,Commissioner of State Lands,,Dem,Larry Williams,167,6,0,28,133
Chicot,Bowie 2,Commissioner of State Lands,,Dem,Larry Williams,216,9,0,38,169
Chicot,Bowie 3,Commissioner of State Lands,,Dem,Larry Williams,181,12,0,23,146
Chicot,Bowie Rural,Commissioner of State Lands,,Dem,Larry Williams,18,0,0,6,12
Chicot,Carlton 1 & 2,Commissioner of State Lands,,Lib,T.J. Campbell,10,0,0,8,2
Chicot,Carlton 3,Commissioner of State Lands,,Lib,T.J. Campbell,12,3,0,4,5
Chicot,Carlton Rural,Commissioner of State Lands,,Lib,T.J. Campbell,9,0,0,7,2
Chicot,Planters 1,Commissioner of State Lands,,Lib,T.J. Campbell,2,0,0,1,1
Chicot,Planters 2,Commissioner of State Lands,,Lib,T.J. Campbell,4,0,0,2,2
Chicot,Planters 3,Commissioner of State Lands,,Lib,T.J. Campbell,1,0,0,0,1
Chicot,Planters 4,Commissioner of State Lands,,Lib,T.J. Campbell,1,0,0,1,0
Chicot,Planters Rural,Commissioner of State Lands,,Lib,T.J. Campbell,6,0,0,3,3
Chicot,Bowie 1,Commissioner of State Lands,,Lib,T.J. Campbell,4,0,0,1,3
Chicot,Bowie 2,Commissioner of State Lands,,Lib,T.J. Campbell,6,2,0,1,3
Chicot,Bowie 3,Commissioner of State Lands,,Lib,T.J. Campbell,3,0,0,0,3
Chicot,Bowie Rural,Commissioner of State Lands,,Lib,T.J. Campbell,0,0,0,0,0
Chicot,Carlton 1 & 2,State Representative,11,Rep,"Ricky E. Lattimore, Sr.",86,3,0,56,27
Chicot,Carlton 3,State Representative,11,Rep,"Ricky E. Lattimore, Sr.",113,5,0,63,45
Chicot,Carlton Rural,State Representative,11,Rep,"Ricky E. Lattimore, Sr.",410,10,0,266,134
Chicot,Planters 1,State Representative,11,Rep,"Ricky E. Lattimore, Sr.",21,3,0,11,7
Chicot,Planters 2,State Representative,11,Rep,"Ricky E. Lattimore, Sr.",22,0,0,8,14
Chicot,Planters 3,State Representative,11,Rep,"Ricky E. Lattimore, Sr.",5,0,0,0,5
Chicot,Planters 4,State Representative,11,Rep,"Ricky E. Lattimore, Sr.",5,1,0,1,3
Chicot,Planters Rural,State Representative,11,Rep,"Ricky E. Lattimore, Sr.",131,9,0,63,59
Chicot,Bowie 1,State Representative,11,Rep,"Ricky E. Lattimore, Sr.",37,1,0,7,29
Chicot,Bowie 2,State Representative,11,Rep,"Ricky E. Lattimore, Sr.",30,1,0,5,24
Chicot,Bowie 3,State Representative,11,Rep,"Ricky E. Lattimore, Sr.",32,4,0,7,21
Chicot,Bowie Rural,State Representative,11,Rep,"Ricky E. Lattimore, Sr.",18,0,0,4,14
Chicot,Carlton 1 & 2,State Representative,11,Dem,Don Glover,331,19,0,161,151
Chicot,Carlton 3,State Representative,11,Dem,Don Glover,159,15,0,57,87
Chicot,Carlton Rural,State Representative,11,Dem,Don Glover,127,9,0,57,61
Chicot,Planters 1,State Representative,11,Dem,Don Glover,100,3,0,38,59
Chicot,Planters 2,State Representative,11,Dem,Don Glover,143,6,0,38,99
Chicot,Planters 3,State Representative,11,Dem,Don Glover,156,3,0,49,104
Chicot,Planters 4,State Representative,11,Dem,Don Glover,157,5,0,41,111
Chicot,Planters Rural,State Representative,11,Dem,Don Glover,102,2,0,37,63
Chicot,Bowie 1,State Representative,11,Dem,Don Glover,143,5,0,25,113
Chicot,Bowie 2,State Representative,11,Dem,Don Glover,191,14,0,35,142
Chicot,Bowie 3,State Representative,11,Dem,Don Glover,160,13,0,21,126
Chicot,Bowie Rural,State Representative,11,Dem,Don Glover,19,1,0,10,8
Chicot,Carlton 1 & 2,State Representative,11,Ind,Representative Mark McElroy,109,7,0,64,38
Chicot,Carlton 3,State Representative,11,Ind,Representative Mark McElroy,129,7,0,68,54
Chicot,Carlton Rural,State Representative,11,Ind,Representative Mark McElroy,314,17,0,187,110
Chicot,Planters 1,State Representative,11,Ind,Representative Mark McElroy,15,1,0,9,5
Chicot,Planters 2,State Representative,11,Ind,Representative Mark McElroy,14,2,0,6,6
Chicot,Planters 3,State Representative,11,Ind,Representative Mark McElroy,8,0,0,1,7
Chicot,Planters 4,State Representative,11,Ind,Representative Mark McElroy,11,2,0,4,5
Chicot,Planters Rural,State Representative,11,Ind,Representative Mark McElroy,91,4,0,53,34
Chicot,Bowie 1,State Representative,11,Ind,Representative Mark McElroy,15,0,0,2,13
Chicot,Bowie 2,State Representative,11,Ind,Representative Mark McElroy,53,3,0,10,40
Chicot,Bowie 3,State Representative,11,Ind,Representative Mark McElroy,55,4,0,7,44
Chicot,Bowie Rural,State Representative,11,Ind,Representative Mark McElroy,36,0,0,17,19
Chicot,Carlton 1 & 2,State Supreme Court Associate Justice Position 3,,NON,State Supreme Court Justice Courtney Goodson,274,12,0,161,101
Chicot,Carlton 3,State Supreme Court Associate Justice Position 3,,NON,State Supreme Court Justice Courtney Goodson,254,17,0,134,103
Chicot,Carlton Rural,State Supreme Court Associate Justice Position 3,,NON,State Supreme Court Justice Courtney Goodson,566,27,0,336,203
Chicot,Planters 1,State Supreme Court Associate Justice Position 3,,NON,State Supreme Court Justice Courtney Goodson,76,4,0,37,35
Chicot,Planters 2,State Supreme Court Associate Justice Position 3,,NON,State Supreme Court Justice Courtney Goodson,89,4,0,34,51
Chicot,Planters 3,State Supreme Court Associate Justice Position 3,,NON,State Supreme Court Justice Courtney Goodson,84,3,0,23,58
Chicot,Planters 4,State Supreme Court Associate Justice Position 3,,NON,State Supreme Court Justice Courtney Goodson,83,2,0,20,61
Chicot,Planters Rural,State Supreme Court Associate Justice Position 3,,NON,State Supreme Court Justice Courtney Goodson,204,10,0,105,89
Chicot,Bowie 1,State Supreme Court Associate Justice Position 3,,NON,State Supreme Court Justice Courtney Goodson,112,6,0,15,91
Chicot,Bowie 2,State Supreme Court Associate Justice Position 3,,NON,State Supreme Court Justice Courtney Goodson,138,9,0,25,104
Chicot,Bowie 3,State Supreme Court Associate Justice Position 3,,NON,State Supreme Court Justice Courtney Goodson,136,10,0,20,106
Chicot,Bowie Rural,State Supreme Court Associate Justice Position 3,,NON,State Supreme Court Justice Courtney Goodson,51,2,0,23,26
Chicot,Carlton 1 & 2,State Supreme Court Associate Justice Position 3,,NON,David Sterling,218,15,0,100,103
Chicot,Carlton 3,State Supreme Court Associate Justice Position 3,,NON,David Sterling,132,10,0,52,70
Chicot,Carlton Rural,State Supreme Court Associate Justice Position 3,,NON,David Sterling,241,8,0,148,85
Chicot,Planters 1,State Supreme Court Associate Justice Position 3,,NON,David Sterling,50,3,0,19,28
Chicot,Planters 2,State Supreme Court Associate Justice Position 3,,NON,David Sterling,73,3,0,16,54
Chicot,Planters 3,State Supreme Court Associate Justice Position 3,,NON,David Sterling,61,0,0,20,41
Chicot,Planters 4,State Supreme Court Associate Justice Position 3,,NON,David Sterling,71,4,0,24,43
Chicot,Planters Rural,State Supreme Court Associate Justice Position 3,,NON,David Sterling,96,4,0,41,51
Chicot,Bowie 1,State Supreme Court Associate Justice Position 3,,NON,David Sterling,66,0,0,15,51
Chicot,Bowie 2,State Supreme Court Associate Justice Position 3,,NON,David Sterling,120,8,0,23,89
Chicot,Bowie 3,State Supreme Court Associate Justice Position 3,,NON,David Sterling,96,6,0,13,77
Chicot,Bowie Rural,State Supreme Court Associate Justice Position 3,,NON,David Sterling,20,0,0,6,14
Chicot,Carlton 1 & 2,Sheriff,,Dem,Ronald Nichols,360,14,0,197,149
Chicot,Carlton 3,Sheriff,,Dem,Ronald Nichols,312,14,0,161,137
Chicot,Carlton Rural,Sheriff,,Dem,Ronald Nichols,742,35,0,446,261
Chicot,Planters 1,Sheriff,,Dem,Ronald Nichols,130,7,0,53,70
Chicot,Planters 2,Sheriff,,Dem,Ronald Nichols,163,7,0,44,112
Chicot,Planters 3,Sheriff,,Dem,Ronald Nichols,153,2,0,45,106
Chicot,Planters 4,Sheriff,,Dem,Ronald Nichols,152,5,0,44,103
Chicot,Planters Rural,Sheriff,,Dem,Ronald Nichols,304,14,0,143,147
Chicot,Bowie 1,Sheriff,,Dem,Ronald Nichols,145,4,0,22,119
Chicot,Bowie 2,Sheriff,,Dem,Ronald Nichols,206,13,0,35,158
Chicot,Bowie 3,Sheriff,,Dem,Ronald Nichols,184,12,0,28,144
Chicot,Bowie Rural,Sheriff,,Dem,Ronald Nichols,57,2,0,20,35
Chicot,Carlton 1 & 2,Sheriff,,Ind,Dwight W Bruce,169,15,0,84,70
Chicot,Carlton 3,Sheriff,,Ind,Dwight W Bruce,95,12,0,29,54
Chicot,Carlton Rural,Sheriff,,Ind,Dwight W Bruce,92,2,0,51,39
Chicot,Planters 1,Sheriff,,Ind,Dwight W Bruce,7,0,0,5,2
Chicot,Planters 2,Sheriff,,Ind,Dwight W Bruce,15,1,0,8,6
Chicot,Planters 3,Sheriff,,Ind,Dwight W Bruce,16,1,0,5,10
Chicot,Planters 4,Sheriff,,Ind,Dwight W Bruce,19,2,0,2,15
Chicot,Planters Rural,Sheriff,,Ind,Dwight W Bruce,19,1,0,8,10
Chicot,Bowie 1,Sheriff,,Ind,Dwight W Bruce,48,2,0,10,36
Chicot,Bowie 2,Sheriff,,Ind,Dwight W Bruce,61,4,0,12,45
Chicot,Bowie 3,Sheriff,,Ind,Dwight W Bruce,57,8,0,7,42
Chicot,Bowie Rural,Sheriff,,Ind,Dwight W Bruce,16,0,0,11,5
Chicot,Carlton 1 & 2,Mayor Lake Village Lake Village,,Ind,Beulah Jean Johnson,9,1,0,2,6
Chicot,Carlton 3,Mayor Lake Village Lake Village,,Ind,Beulah Jean Johnson,13,1,0,8,4
Chicot,Carlton 1 & 2,Mayor Lake Village Lake Village,,Ind,"Johnny F Redmon, Jr.",129,11,0,59,59
Chicot,Carlton 3,Mayor Lake Village Lake Village,,Ind,"Johnny F Redmon, Jr.",69,2,0,30,37
Chicot,Carlton 1 & 2,Mayor Lake Village Lake Village,,Ind,Joe Dan Yee,237,12,0,144,81
Chicot,Carlton 3,Mayor Lake Village Lake Village,,Ind,Joe Dan Yee,241,13,0,122,106
Chicot,Carlton 1 & 2,Mayor Lake Village Lake Village,,Ind,Marylan Colbert,101,4,0,52,45
Chicot,Carlton 3,Mayor Lake Village Lake Village,,Ind,Marylan Colbert,32,10,0,7,15
Chicot,Carlton 1 & 2,Mayor Lake Village Lake Village,,Ind,W. Stacey Gillison,54,1,0,27,26
Chicot,Carlton 3,Mayor Lake Village Lake Village,,Ind,W. Stacey Gillison,57,1,0,28,28
Chicot,Carlton 1 & 2,City Clerk Lake Village Lake Village,,Ind,Deborah Oswalt,317,17,0,160,140
Chicot,Carlton 3,City Clerk Lake Village Lake Village,,Ind,Deborah Oswalt,264,22,0,124,118
Chicot,Carlton 1 & 2,City Clerk Lake Village Lake Village,,Ind,Jordyn Williams,174,7,0,107,60
Chicot,Carlton 3,City Clerk Lake Village Lake Village,,Ind,Jordyn Williams,130,4,0,63,63
Chicot,Carlton 1 & 2,City Council/Alderman  Lake Village W1 P2 Lake Vi,,Ind,Antonio (Tony) Rucker,301,19,0,148,134
Chicot,Carlton 3,City Council/Alderman  Lake Village W1 P2 Lake Vi,,Ind,Antonio (Tony) Rucker,147,14,0,57,76
Chicot,Carlton 1 & 2,City Council/Alderman  Lake Village W1 P2 Lake Vi,,Ind,"Sam E ""Sammy"" Angel II",227,10,0,133,84
Chicot,Carlton 3,City Council/Alderman  Lake Village W1 P2 Lake Vi,,Ind,"Sam E ""Sammy"" Angel II",264,14,0,135,115
Chicot,Carlton 1 & 2,City Council/Alderman Lake Village W3 P2 Lake Vil,,Ind,Adrian Wilson-Clark,378,23,0,179,176
Chicot,Carlton 3,City Council/Alderman Lake Village W3 P2 Lake Vil,,Ind,Adrian Wilson-Clark,201,18,0,71,112
Chicot,Carlton 1 & 2,City Council/Alderman Lake Village W3 P2 Lake Vil,,Ind,Carli Edwards,132,2,0,93,37
Chicot,Carlton 3,City Council/Alderman Lake Village W3 P2 Lake Vil,,Ind,Carli Edwards,180,7,0,103,70
Chicot,Carlton 1 & 2,City Council/Alderman Lake Village W3 P2 Lake Vil,,Ind,Ruth O'Loughlin,20,4,0,10,6
Chicot,Carlton 3,City Council/Alderman Lake Village W3 P2 Lake Vil,,Ind,Ruth O'Loughlin,27,3,0,14,10
Chicot,Bowie 1,Mayor Dermott Dermott,,Ind,Clinton Hampton,30,2,0,2,26
Chicot,Bowie 2,Mayor Dermott Dermott,,Ind,Clinton Hampton,34,2,0,4,28
Chicot,Bowie 3,Mayor Dermott Dermott,,Ind,Clinton Hampton,28,8,0,0,20
Chicot,Bowie 1,Mayor Dermott Dermott,,Ind,Walter Donald,106,4,0,23,79
Chicot,Bowie 2,Mayor Dermott Dermott,,Ind,Walter Donald,160,13,0,38,109
Chicot,Bowie 3,Mayor Dermott Dermott,,Ind,Walter Donald,150,8,0,25,117
Chicot,Bowie 1,Mayor Dermott Dermott,,Ind,Edmond Lee Shelton,59,0,0,9,50
Chicot,Bowie 2,Mayor Dermott Dermott,,Ind,Edmond Lee Shelton,80,3,0,8,69
Chicot,Bowie 3,Mayor Dermott Dermott,,Ind,Edmond Lee Shelton,64,3,0,9,52
Chicot,Bowie 1,City Clerk Dermott Dermott,,Ind,"Kristen ""Janae"" Bailey",110,3,0,18,89
Chicot,Bowie 2,City Clerk Dermott Dermott,,Ind,"Kristen ""Janae"" Bailey",138,6,0,26,106
Chicot,Bowie 3,City Clerk Dermott Dermott,,Ind,"Kristen ""Janae"" Bailey",127,13,0,13,101
Chicot,Bowie 1,City Clerk Dermott Dermott,,Ind,Evelyn Wimbley,84,3,0,15,66
Chicot,Bowie 2,City Clerk Dermott Dermott,,Ind,Evelyn Wimbley,127,11,0,22,94
Chicot,Bowie 3,City Clerk Dermott Dermott,,Ind,Evelyn Wimbley,108,4,0,19,85
Chicot,Bowie 1,City Council/Alderman Dermott W1 P2 Dermott,,Ind,Curtis Graham,78,5,0,11,62
Chicot,Bowie 2,City Council/Alderman Dermott W1 P2 Dermott,,Ind,Curtis Graham,123,9,0,24,90
Chicot,Bowie 3,City Council/Alderman Dermott W1 P2 Dermott,,Ind,Curtis Graham,108,14,0,13,81
Chicot,Bowie 1,City Council/Alderman Dermott W1 P2 Dermott,,Ind,Anthony L. Scott,110,1,0,21,88
Chicot,Bowie 2,City Council/Alderman Dermott W1 P2 Dermott,,Ind,Anthony L. Scott,143,8,0,26,109
Chicot,Bowie 3,City Council/Alderman Dermott W1 P2 Dermott,,Ind,Anthony L. Scott,131,5,0,20,106
Chicot,Bowie 1,City Council/Alderman Dermott W2 P1 Dermott,,Ind,Helen King,118,3,0,19,96
Chicot,Bowie 2,City Council/Alderman Dermott W2 P1 Dermott,,Ind,Helen King,166,14,0,27,125
Chicot,Bowie 3,City Council/Alderman Dermott W2 P1 Dermott,,Ind,Helen King,160,17,0,24,119
Chicot,Bowie 1,City Council/Alderman Dermott W2 P1 Dermott,,Ind,Pamela Esters,76,3,0,14,59
Chicot,Bowie 2,City Council/Alderman Dermott W2 P1 Dermott,,Ind,Pamela Esters,104,4,0,22,78
Chicot,Bowie 3,City Council/Alderman Dermott W2 P1 Dermott,,Ind,Pamela Esters,83,3,0,8,72
Chicot,Bowie 1,City Council/Alderman Dermott W3 P2 Dermott,,Ind,Robin Hawkins-Cook,113,5,0,23,85
Chicot,Bowie 2,City Council/Alderman Dermott W3 P2 Dermott,,Ind,Robin Hawkins-Cook,139,6,0,29,104
Chicot,Bowie 3,City Council/Alderman Dermott W3 P2 Dermott,,Ind,Robin Hawkins-Cook,135,11,0,15,109
Chicot,Bowie 1,City Council/Alderman Dermott W3 P2 Dermott,,Ind,Julia Wimberly Harden,80,1,0,10,69
Chicot,Bowie 2,City Council/Alderman Dermott W3 P2 Dermott,,Ind,Julia Wimberly Harden,131,11,0,20,100
Chicot,Bowie 3,City Council/Alderman Dermott W3 P2 Dermott,,Ind,Julia Wimberly Harden,104,8,0,15,81
Chicot,Planters 1,Mayor Eudora Eudora,,Ind,Johnathan Raphael Patrick,40,3,0,21,16
Chicot,Planters 2,Mayor Eudora Eudora,,Ind,Johnathan Raphael Patrick,52,7,0,16,29
Chicot,Planters 3,Mayor Eudora Eudora,,Ind,Johnathan Raphael Patrick,33,0,0,8,25
Chicot,Planters 4,Mayor Eudora Eudora,,Ind,Johnathan Raphael Patrick,35,4,0,16,15
Chicot,Planters 1,Mayor Eudora Eudora,,Ind,Travis L Collins,72,3,0,23,46
Chicot,Planters 2,Mayor Eudora Eudora,,Ind,Travis L Collins,102,1,0,27,74
Chicot,Planters 3,Mayor Eudora Eudora,,Ind,Travis L Collins,119,3,0,34,82
Chicot,Planters 4,Mayor Eudora Eudora,,Ind,Travis L Collins,123,4,0,23,96
Chicot,Planters 1,Mayor Eudora Eudora,,Ind,George E Kincade,7,0,0,3,4
Chicot,Planters 2,Mayor Eudora Eudora,,Ind,George E Kincade,8,0,0,1,7
Chicot,Planters 3,Mayor Eudora Eudora,,Ind,George E Kincade,9,0,0,5,4
Chicot,Planters 4,Mayor Eudora Eudora,,Ind,George E Kincade,8,0,0,3,5
Chicot,Planters 1,Mayor Eudora Eudora,,Ind,Frank Farris,3,0,0,1,2
Chicot,Planters 2,Mayor Eudora Eudora,,Ind,Frank Farris,6,0,0,3,3
Chicot,Planters 3,Mayor Eudora Eudora,,Ind,Frank Farris,1,0,0,1,0
Chicot,Planters 4,Mayor Eudora Eudora,,Ind,Frank Farris,1,0,0,0,1
Chicot,Planters 1,Mayor Eudora Eudora,,Ind,Kayla M Pitts,13,1,0,8,4
Chicot,Planters 2,Mayor Eudora Eudora,,Ind,Kayla M Pitts,12,0,0,5,7
Chicot,Planters 3,Mayor Eudora Eudora,,Ind,Kayla M Pitts,7,0,0,2,5
Chicot,Planters 4,Mayor Eudora Eudora,,Ind,Kayla M Pitts,6,0,0,3,3
Chicot,Carlton 1 & 2,Circuit Clerk,,Dem,Josephine Taylor-Griffin,486,22,0,260,204
Chicot,Carlton 3,Circuit Clerk,,Dem,Josephine Taylor-Griffin,383,27,0,180,176
Chicot,Carlton Rural,Circuit Clerk,,Dem,Josephine Taylor-Griffin,733,34,0,435,264
Chicot,Planters 1,Circuit Clerk,,Dem,Josephine Taylor-Griffin,123,7,0,51,65
Chicot,Planters 2,Circuit Clerk,,Dem,Josephine Taylor-Griffin,166,7,0,51,108
Chicot,Planters 3,Circuit Clerk,,Dem,Josephine Taylor-Griffin,153,2,0,42,109
Chicot,Planters 4,Circuit Clerk,,Dem,Josephine Taylor-Griffin,164,8,0,44,112
Chicot,Planters Rural,Circuit Clerk,,Dem,Josephine Taylor-Griffin,281,14,0,132,135
Chicot,Bowie 1,Circuit Clerk,,Dem,Josephine Taylor-Griffin,187,6,0,32,149
Chicot,Bowie 2,Circuit Clerk,,Dem,Josephine Taylor-Griffin,258,18,0,46,194
Chicot,Bowie 3,Circuit Clerk,,Dem,Josephine Taylor-Griffin,225,18,0,29,178
Chicot,Bowie Rural,Circuit Clerk,,Dem,Josephine Taylor-Griffin,65,2,0,25,38
Chicot,Carlton 1 & 2,Issue No. 2: A Constitutional Amendment Adding as a Qualification to Vote that a Voter Present Certain Valid Photographic Identification When Casting a Ballot In Person or Casting and Absentee Ballot,,NON,FOR,356,14,0,203,139
Chicot,Carlton 3,Issue No. 2: A Constitutional Amendment Adding as a Qualification to Vote that a Voter Present Certain Valid Photographic Identification When Casting a Ballot In Person or Casting and Absentee Ballot,,NON,FOR,320,23,0,143,154
Chicot,Carlton Rural,Issue No. 2: A Constitutional Amendment Adding as a Qualification to Vote that a Voter Present Certain Valid Photographic Identification When Casting a Ballot In Person or Casting and Absentee Ballot,,NON,FOR,742,31,0,446,265
Chicot,Planters 1,Issue No. 2: A Constitutional Amendment Adding as a Qualification to Vote that a Voter Present Certain Valid Photographic Identification When Casting a Ballot In Person or Casting and Absentee Ballot,,NON,FOR,92,5,0,34,53
Chicot,Planters 2,Issue No. 2: A Constitutional Amendment Adding as a Qualification to Vote that a Voter Present Certain Valid Photographic Identification When Casting a Ballot In Person or Casting and Absentee Ballot,,NON,FOR,126,4,0,32,90
Chicot,Planters 3,Issue No. 2: A Constitutional Amendment Adding as a Qualification to Vote that a Voter Present Certain Valid Photographic Identification When Casting a Ballot In Person or Casting and Absentee Ballot,,NON,FOR,110,0,0,31,79
Chicot,Planters 4,Issue No. 2: A Constitutional Amendment Adding as a Qualification to Vote that a Voter Present Certain Valid Photographic Identification When Casting a Ballot In Person or Casting and Absentee Ballot,,NON,FOR,117,3,0,31,83
Chicot,Planters Rural,Issue No. 2: A Constitutional Amendment Adding as a Qualification to Vote that a Voter Present Certain Valid Photographic Identification When Casting a Ballot In Person or Casting and Absentee Ballot,,NON,FOR,276,14,0,128,134
Chicot,Bowie 1,Issue No. 2: A Constitutional Amendment Adding as a Qualification to Vote that a Voter Present Certain Valid Photographic Identification When Casting a Ballot In Person or Casting and Absentee Ballot,,NON,FOR,125,1,0,20,104
Chicot,Bowie 2,Issue No. 2: A Constitutional Amendment Adding as a Qualification to Vote that a Voter Present Certain Valid Photographic Identification When Casting a Ballot In Person or Casting and Absentee Ballot,,NON,FOR,184,13,0,28,143
Chicot,Bowie 3,Issue No. 2: A Constitutional Amendment Adding as a Qualification to Vote that a Voter Present Certain Valid Photographic Identification When Casting a Ballot In Person or Casting and Absentee Ballot,,NON,FOR,182,12,0,22,148
Chicot,Bowie Rural,Issue No. 2: A Constitutional Amendment Adding as a Qualification to Vote that a Voter Present Certain Valid Photographic Identification When Casting a Ballot In Person or Casting and Absentee Ballot,,NON,FOR,61,2,0,26,33
Chicot,Carlton 1 & 2,Issue No. 2: A Constitutional Amendment Adding as a Qualification to Vote that a Voter Present Certain Valid Photographic Identification When Casting a Ballot In Person or Casting and Absentee Ballot,,NON,AGAINST,150,13,0,65,72
Chicot,Carlton 3,Issue No. 2: A Constitutional Amendment Adding as a Qualification to Vote that a Voter Present Certain Valid Photographic Identification When Casting a Ballot In Person or Casting and Absentee Ballot,,NON,AGAINST,76,5,0,44,27
Chicot,Carlton Rural,Issue No. 2: A Constitutional Amendment Adding as a Qualification to Vote that a Voter Present Certain Valid Photographic Identification When Casting a Ballot In Person or Casting and Absentee Ballot,,NON,AGAINST,95,6,0,54,35
Chicot,Planters 1,Issue No. 2: A Constitutional Amendment Adding as a Qualification to Vote that a Voter Present Certain Valid Photographic Identification When Casting a Ballot In Person or Casting and Absentee Ballot,,NON,AGAINST,41,2,0,20,19
Chicot,Planters 2,Issue No. 2: A Constitutional Amendment Adding as a Qualification to Vote that a Voter Present Certain Valid Photographic Identification When Casting a Ballot In Person or Casting and Absentee Ballot,,NON,AGAINST,52,4,0,21,27
Chicot,Planters 3,Issue No. 2: A Constitutional Amendment Adding as a Qualification to Vote that a Voter Present Certain Valid Photographic Identification When Casting a Ballot In Person or Casting and Absentee Ballot,,NON,AGAINST,50,3,0,16,31
Chicot,Planters 4,Issue No. 2: A Constitutional Amendment Adding as a Qualification to Vote that a Voter Present Certain Valid Photographic Identification When Casting a Ballot In Person or Casting and Absentee Ballot,,NON,AGAINST,47,4,0,12,31
Chicot,Planters Rural,Issue No. 2: A Constitutional Amendment Adding as a Qualification to Vote that a Voter Present Certain Valid Photographic Identification When Casting a Ballot In Person or Casting and Absentee Ballot,,NON,AGAINST,45,1,0,20,24
Chicot,Bowie 1,Issue No. 2: A Constitutional Amendment Adding as a Qualification to Vote that a Voter Present Certain Valid Photographic Identification When Casting a Ballot In Person or Casting and Absentee Ballot,,NON,AGAINST,59,4,0,12,43
Chicot,Bowie 2,Issue No. 2: A Constitutional Amendment Adding as a Qualification to Vote that a Voter Present Certain Valid Photographic Identification When Casting a Ballot In Person or Casting and Absentee Ballot,,NON,AGAINST,77,4,0,20,53
Chicot,Bowie 3,Issue No. 2: A Constitutional Amendment Adding as a Qualification to Vote that a Voter Present Certain Valid Photographic Identification When Casting a Ballot In Person or Casting and Absentee Ballot,,NON,AGAINST,57,8,0,13,36
Chicot,Bowie Rural,Issue No. 2: A Constitutional Amendment Adding as a Qualification to Vote that a Voter Present Certain Valid Photographic Identification When Casting a Ballot In Person or Casting and Absentee Ballot,,NON,AGAINST,10,0,0,4,6
Chicot,Carlton 1 & 2,Issue No. 4: An Amendment to Require Four Licenses to be Issued for Casino Gaming at Casinos,One Each in Crittenden (to Southland Racing Corporation),NON,FOR,345,17,0,169,159
Chicot,Carlton 3,Issue No. 4: An Amendment to Require Four Licenses to be Issued for Casino Gaming at Casinos,One Each in Crittenden (to Southland Racing Corporation),NON,FOR,222,21,0,87,114
Chicot,Carlton Rural,Issue No. 4: An Amendment to Require Four Licenses to be Issued for Casino Gaming at Casinos,One Each in Crittenden (to Southland Racing Corporation),NON,FOR,454,18,0,268,168
Chicot,Planters 1,Issue No. 4: An Amendment to Require Four Licenses to be Issued for Casino Gaming at Casinos,One Each in Crittenden (to Southland Racing Corporation),NON,FOR,102,2,0,41,59
Chicot,Planters 2,Issue No. 4: An Amendment to Require Four Licenses to be Issued for Casino Gaming at Casinos,One Each in Crittenden (to Southland Racing Corporation),NON,FOR,147,4,0,41,102
Chicot,Planters 3,Issue No. 4: An Amendment to Require Four Licenses to be Issued for Casino Gaming at Casinos,One Each in Crittenden (to Southland Racing Corporation),NON,FOR,128,0,0,35,93
Chicot,Planters 4,Issue No. 4: An Amendment to Require Four Licenses to be Issued for Casino Gaming at Casinos,One Each in Crittenden (to Southland Racing Corporation),NON,FOR,135,5,0,33,97
Chicot,Planters Rural,Issue No. 4: An Amendment to Require Four Licenses to be Issued for Casino Gaming at Casinos,One Each in Crittenden (to Southland Racing Corporation),NON,FOR,167,6,0,72,89
Chicot,Bowie 1,Issue No. 4: An Amendment to Require Four Licenses to be Issued for Casino Gaming at Casinos,One Each in Crittenden (to Southland Racing Corporation),NON,FOR,126,5,0,20,101
Chicot,Bowie 2,Issue No. 4: An Amendment to Require Four Licenses to be Issued for Casino Gaming at Casinos,One Each in Crittenden (to Southland Racing Corporation),NON,FOR,158,8,0,25,125
Chicot,Bowie 3,Issue No. 4: An Amendment to Require Four Licenses to be Issued for Casino Gaming at Casinos,One Each in Crittenden (to Southland Racing Corporation),NON,FOR,174,12,0,24,138
Chicot,Bowie Rural,Issue No. 4: An Amendment to Require Four Licenses to be Issued for Casino Gaming at Casinos,One Each in Crittenden (to Southland Racing Corporation),NON,FOR,27,2,0,10,15
Chicot,Carlton 1 & 2,Issue No. 4: An Amendment to Require Four Licenses to be Issued for Casino Gaming at Casinos,One Each in Crittenden (to Southland Racing Corporation),NON,AGAINST,161,10,0,97,54
Chicot,Carlton 3,Issue No. 4: An Amendment to Require Four Licenses to be Issued for Casino Gaming at Casinos,One Each in Crittenden (to Southland Racing Corporation),NON,AGAINST,168,6,0,96,66
Chicot,Carlton Rural,Issue No. 4: An Amendment to Require Four Licenses to be Issued for Casino Gaming at Casinos,One Each in Crittenden (to Southland Racing Corporation),NON,AGAINST,371,18,0,227,126
Chicot,Planters 1,Issue No. 4: An Amendment to Require Four Licenses to be Issued for Casino Gaming at Casinos,One Each in Crittenden (to Southland Racing Corporation),NON,AGAINST,28,5,0,14,9
Chicot,Planters 2,Issue No. 4: An Amendment to Require Four Licenses to be Issued for Casino Gaming at Casinos,One Each in Crittenden (to Southland Racing Corporation),NON,AGAINST,25,4,0,9,12
Chicot,Planters 3,Issue No. 4: An Amendment to Require Four Licenses to be Issued for Casino Gaming at Casinos,One Each in Crittenden (to Southland Racing Corporation),NON,AGAINST,22,3,0,9,10
Chicot,Planters 4,Issue No. 4: An Amendment to Require Four Licenses to be Issued for Casino Gaming at Casinos,One Each in Crittenden (to Southland Racing Corporation),NON,AGAINST,23,2,0,9,12
Chicot,Planters Rural,Issue No. 4: An Amendment to Require Four Licenses to be Issued for Casino Gaming at Casinos,One Each in Crittenden (to Southland Racing Corporation),NON,AGAINST,137,6,0,72,59
Chicot,Bowie 1,Issue No. 4: An Amendment to Require Four Licenses to be Issued for Casino Gaming at Casinos,One Each in Crittenden (to Southland Racing Corporation),NON,AGAINST,53,0,0,13,40
Chicot,Bowie 2,Issue No. 4: An Amendment to Require Four Licenses to be Issued for Casino Gaming at Casinos,One Each in Crittenden (to Southland Racing Corporation),NON,AGAINST,100,8,0,22,70
Chicot,Bowie 3,Issue No. 4: An Amendment to Require Four Licenses to be Issued for Casino Gaming at Casinos,One Each in Crittenden (to Southland Racing Corporation),NON,AGAINST,62,8,0,11,43
Chicot,Bowie Rural,Issue No. 4: An Amendment to Require Four Licenses to be Issued for Casino Gaming at Casinos,One Each in Crittenden (to Southland Racing Corporation),NON,AGAINST,47,0,0,21,26
Chicot,Carlton 1 & 2,Issue No. 5: An Act to Increase the Arkansas Minimum Wage,,NON,FOR,428,25,0,215,188
Chicot,Carlton 3,Issue No. 5: An Act to Increase the Arkansas Minimum Wage,,NON,FOR,309,24,0,129,156
Chicot,Carlton Rural,Issue No. 5: An Act to Increase the Arkansas Minimum Wage,,NON,FOR,541,24,0,318,199
Chicot,Planters 1,Issue No. 5: An Act to Increase the Arkansas Minimum Wage,,NON,FOR,116,4,0,46,66
Chicot,Planters 2,Issue No. 5: An Act to Increase the Arkansas Minimum Wage,,NON,FOR,165,6,0,46,113
Chicot,Planters 3,Issue No. 5: An Act to Increase the Arkansas Minimum Wage,,NON,FOR,156,3,0,46,107
Chicot,Planters 4,Issue No. 5: An Act to Increase the Arkansas Minimum Wage,,NON,FOR,162,6,0,41,115
Chicot,Planters Rural,Issue No. 5: An Act to Increase the Arkansas Minimum Wage,,NON,FOR,207,10,0,92,105
Chicot,Bowie 1,Issue No. 5: An Act to Increase the Arkansas Minimum Wage,,NON,FOR,168,4,0,29,135
Chicot,Bowie 2,Issue No. 5: An Act to Increase the Arkansas Minimum Wage,,NON,FOR,228,11,0,36,181
Chicot,Bowie 3,Issue No. 5: An Act to Increase the Arkansas Minimum Wage,,NON,FOR,223,19,0,33,171
Chicot,Bowie Rural,Issue No. 5: An Act to Increase the Arkansas Minimum Wage,,NON,FOR,42,2,0,15,25
Chicot,Carlton 1 & 2,Issue No. 5: An Act to Increase the Arkansas Minimum Wage,,NON,AGAINST,94,4,0,62,28
Chicot,Carlton 3,Issue No. 5: An Act to Increase the Arkansas Minimum Wage,,NON,AGAINST,89,4,0,58,27
Chicot,Carlton Rural,Issue No. 5: An Act to Increase the Arkansas Minimum Wage,,NON,AGAINST,300,13,0,185,102
Chicot,Planters 1,Issue No. 5: An Act to Increase the Arkansas Minimum Wage,,NON,AGAINST,19,3,0,9,7
Chicot,Planters 2,Issue No. 5: An Act to Increase the Arkansas Minimum Wage,,NON,AGAINST,15,2,0,7,6
Chicot,Planters 3,Issue No. 5: An Act to Increase the Arkansas Minimum Wage,,NON,AGAINST,9,0,0,3,6
Chicot,Planters 4,Issue No. 5: An Act to Increase the Arkansas Minimum Wage,,NON,AGAINST,9,1,0,4,4
Chicot,Planters Rural,Issue No. 5: An Act to Increase the Arkansas Minimum Wage,,NON,AGAINST,111,5,0,56,50
Chicot,Bowie 1,Issue No. 5: An Act to Increase the Arkansas Minimum Wage,,NON,AGAINST,17,1,0,4,12
Chicot,Bowie 2,Issue No. 5: An Act to Increase the Arkansas Minimum Wage,,NON,AGAINST,38,6,0,12,20
Chicot,Bowie 3,Issue No. 5: An Act to Increase the Arkansas Minimum Wage,,NON,AGAINST,19,2,0,2,15
Chicot,Bowie Rural,Issue No. 5: An Act to Increase the Arkansas Minimum Wage,,NON,AGAINST,31,0,0,15,16
