county,precinct,office,district,party,candidate,votes,provisional,early_vote,absentee,election_day
Nevada,Bluff City City & Rural,U.S. Senate,,DEM,Natalie James,42,0,8,0,34
Nevada,Bodcaw City & Part Rural,U.S. Senate,,DEM,Natalie James,16,0,7,0,9
Nevada,Emmet City,U.S. Senate,,DEM,Natalie James,35,0,22,0,13
Nevada,Georgia,U.S. Senate,,DEM,Natalie James,12,0,4,0,8
Nevada,Laneburg,U.S. Senate,,DEM,Natalie James,21,0,14,0,7
Nevada,Rosston City & Part Rural,U.S. Senate,,DEM,Natalie James,67,0,8,3,56
Nevada,Willisville City & Part Rural,U.S. Senate,,DEM,Natalie James,59,0,11,1,47
Nevada,East & West Rural,U.S. Senate,,DEM,Natalie James,94,0,61,8,25
Nevada,"Ward 1,2,3,4",U.S. Senate,,DEM,Natalie James,344,0,198,20,126
Nevada,PART BODCAW RURAL,U.S. Senate,,DEM,Natalie James,18,0,8,1,9
Nevada,Part Rosston Rural,U.S. Senate,,DEM,Natalie James,18,0,0,0,18
Nevada,Emmet Rural,U.S. Senate,,DEM,Natalie James,12,0,7,0,5
Nevada,Part Willisville Rural,U.S. Senate,,DEM,Natalie James,2,0,2,0,0
Nevada,Bluff City City & Rural,U.S. Senate,,REP,Senator John Boozman,39,0,13,0,26
Nevada,Bodcaw City & Part Rural,U.S. Senate,,REP,Senator John Boozman,170,0,52,4,114
Nevada,Emmet City,U.S. Senate,,REP,Senator John Boozman,87,0,20,5,62
Nevada,Georgia,U.S. Senate,,REP,Senator John Boozman,68,3,17,1,47
Nevada,Laneburg,U.S. Senate,,REP,Senator John Boozman,124,0,41,4,79
Nevada,Rosston City & Part Rural,U.S. Senate,,REP,Senator John Boozman,45,0,8,0,37
Nevada,Willisville City & Part Rural,U.S. Senate,,REP,Senator John Boozman,106,0,14,0,92
Nevada,East & West Rural,U.S. Senate,,REP,Senator John Boozman,544,0,272,17,255
Nevada,"Ward 1,2,3,4",U.S. Senate,,REP,Senator John Boozman,338,0,181,16,141
Nevada,PART BODCAW RURAL,U.S. Senate,,REP,Senator John Boozman,79,4,19,1,55
Nevada,Part Rosston Rural,U.S. Senate,,REP,Senator John Boozman,16,0,4,0,12
Nevada,Emmet Rural,U.S. Senate,,REP,Senator John Boozman,44,0,11,1,32
Nevada,Part Willisville Rural,U.S. Senate,,REP,Senator John Boozman,7,0,6,1,0
Nevada,Bluff City City & Rural,U.S. Senate,,LIB,Kenneth Cates,2,0,0,0,2
Nevada,Bodcaw City & Part Rural,U.S. Senate,,LIB,Kenneth Cates,3,0,2,0,1
Nevada,Emmet City,U.S. Senate,,LIB,Kenneth Cates,5,0,1,0,4
Nevada,Georgia,U.S. Senate,,LIB,Kenneth Cates,0,0,0,0,0
Nevada,Laneburg,U.S. Senate,,LIB,Kenneth Cates,3,0,1,0,2
Nevada,Rosston City & Part Rural,U.S. Senate,,LIB,Kenneth Cates,5,0,1,0,4
Nevada,Willisville City & Part Rural,U.S. Senate,,LIB,Kenneth Cates,3,0,1,0,2
Nevada,East & West Rural,U.S. Senate,,LIB,Kenneth Cates,10,0,5,1,4
Nevada,"Ward 1,2,3,4",U.S. Senate,,LIB,Kenneth Cates,15,0,6,2,7
Nevada,PART BODCAW RURAL,U.S. Senate,,LIB,Kenneth Cates,0,0,0,0,0
Nevada,Part Rosston Rural,U.S. Senate,,LIB,Kenneth Cates,1,0,0,0,1
Nevada,Emmet Rural,U.S. Senate,,LIB,Kenneth Cates,2,0,1,0,1
Nevada,Part Willisville Rural,U.S. Senate,,LIB,Kenneth Cates,0,0,0,0,0
Nevada,Bluff City City & Rural,U.S. Congress District 04,,LIB,Gregory Maxwell,2,0,0,0,2
Nevada,Bodcaw City & Part Rural,U.S. Congress District 04,,LIB,Gregory Maxwell,2,0,1,0,1
Nevada,Emmet City,U.S. Congress District 04,,LIB,Gregory Maxwell,3,0,0,0,3
Nevada,Georgia,U.S. Congress District 04,,LIB,Gregory Maxwell,1,0,0,0,1
Nevada,Laneburg,U.S. Congress District 04,,LIB,Gregory Maxwell,2,0,2,0,0
Nevada,Rosston City & Part Rural,U.S. Congress District 04,,LIB,Gregory Maxwell,0,0,0,0,0
Nevada,Willisville City & Part Rural,U.S. Congress District 04,,LIB,Gregory Maxwell,3,0,0,0,3
Nevada,East & West Rural,U.S. Congress District 04,,LIB,Gregory Maxwell,7,0,3,0,4
Nevada,"Ward 1,2,3,4",U.S. Congress District 04,,LIB,Gregory Maxwell,20,0,9,0,11
Nevada,PART BODCAW RURAL,U.S. Congress District 04,,LIB,Gregory Maxwell,0,0,0,0,0
Nevada,Part Rosston Rural,U.S. Congress District 04,,LIB,Gregory Maxwell,1,0,0,0,1
Nevada,Emmet Rural,U.S. Congress District 04,,LIB,Gregory Maxwell,3,0,1,0,2
Nevada,Part Willisville Rural,U.S. Congress District 04,,LIB,Gregory Maxwell,0,0,0,0,0
Nevada,Bluff City City & Rural,U.S. Congress District 04,,DEM,John White,40,0,8,0,32
Nevada,Bodcaw City & Part Rural,U.S. Congress District 04,,DEM,John White,16,0,7,0,9
Nevada,Emmet City,U.S. Congress District 04,,DEM,John White,36,0,21,0,15
Nevada,Georgia,U.S. Congress District 04,,DEM,John White,9,0,3,0,6
Nevada,Laneburg,U.S. Congress District 04,,DEM,John White,19,0,12,0,7
Nevada,Rosston City & Part Rural,U.S. Congress District 04,,DEM,John White,71,0,9,3,59
Nevada,Willisville City & Part Rural,U.S. Congress District 04,,DEM,John White,59,0,11,1,47
Nevada,East & West Rural,U.S. Congress District 04,,DEM,John White,87,0,55,7,25
Nevada,"Ward 1,2,3,4",U.S. Congress District 04,,DEM,John White,333,0,188,20,125
Nevada,PART BODCAW RURAL,U.S. Congress District 04,,DEM,John White,17,0,8,0,9
Nevada,Part Rosston Rural,U.S. Congress District 04,,DEM,John White,18,0,0,0,18
Nevada,Emmet Rural,U.S. Congress District 04,,DEM,John White,7,0,4,0,3
Nevada,Part Willisville Rural,U.S. Congress District 04,,DEM,John White,2,0,2,0,0
Nevada,Bluff City City & Rural,U.S. Congress District 04,,REP,U.S. Representative Bruce Westerman,40,0,13,0,27
Nevada,Bodcaw City & Part Rural,U.S. Congress District 04,,REP,U.S. Representative Bruce Westerman,172,0,52,4,116
Nevada,Emmet City,U.S. Congress District 04,,REP,U.S. Representative Bruce Westerman,87,0,21,5,61
Nevada,Georgia,U.S. Congress District 04,,REP,U.S. Representative Bruce Westerman,71,3,18,1,49
Nevada,Laneburg,U.S. Congress District 04,,REP,U.S. Representative Bruce Westerman,126,0,41,4,81
Nevada,Rosston City & Part Rural,U.S. Congress District 04,,REP,U.S. Representative Bruce Westerman,46,0,8,0,38
Nevada,Willisville City & Part Rural,U.S. Congress District 04,,REP,U.S. Representative Bruce Westerman,105,0,15,0,90
Nevada,East & West Rural,U.S. Congress District 04,,REP,U.S. Representative Bruce Westerman,550,0,276,19,255
Nevada,"Ward 1,2,3,4",U.S. Congress District 04,,REP,U.S. Representative Bruce Westerman,339,0,183,17,139
Nevada,PART BODCAW RURAL,U.S. Congress District 04,,REP,U.S. Representative Bruce Westerman,80,4,19,2,55
Nevada,Part Rosston Rural,U.S. Congress District 04,,REP,U.S. Representative Bruce Westerman,16,0,4,0,12
Nevada,Emmet Rural,U.S. Congress District 04,,REP,U.S. Representative Bruce Westerman,46,0,12,1,33
Nevada,Part Willisville Rural,U.S. Congress District 04,,REP,U.S. Representative Bruce Westerman,7,0,6,1,0
Nevada,Bluff City City & Rural,Attorney General,,DEM,Jesse Gibson,44,0,9,0,35
Nevada,Bodcaw City & Part Rural,Attorney General,,DEM,Jesse Gibson,15,0,6,0,9
Nevada,Emmet City,Attorney General,,DEM,Jesse Gibson,36,0,21,0,15
Nevada,Georgia,Attorney General,,DEM,Jesse Gibson,10,0,3,0,7
Nevada,Laneburg,Attorney General,,DEM,Jesse Gibson,24,0,16,0,8
Nevada,Rosston City & Part Rural,Attorney General,,DEM,Jesse Gibson,70,0,9,3,58
Nevada,Willisville City & Part Rural,Attorney General,,DEM,Jesse Gibson,62,0,12,1,49
Nevada,East & West Rural,Attorney General,,DEM,Jesse Gibson,102,0,63,10,29
Nevada,"Ward 1,2,3,4",Attorney General,,DEM,Jesse Gibson,346,0,197,20,129
Nevada,PART BODCAW RURAL,Attorney General,,DEM,Jesse Gibson,17,0,8,1,8
Nevada,Part Rosston Rural,Attorney General,,DEM,Jesse Gibson,18,0,0,0,18
Nevada,Emmet Rural,Attorney General,,DEM,Jesse Gibson,11,0,6,0,5
Nevada,Part Willisville Rural,Attorney General,,DEM,Jesse Gibson,1,0,1,0,0
Nevada,Bluff City City & Rural,Attorney General,,REP,Lieutenant Governor Tim Griffin,39,0,12,0,27
Nevada,Bodcaw City & Part Rural,Attorney General,,REP,Lieutenant Governor Tim Griffin,174,0,53,4,117
Nevada,Emmet City,Attorney General,,REP,Lieutenant Governor Tim Griffin,90,0,21,5,64
Nevada,Georgia,Attorney General,,REP,Lieutenant Governor Tim Griffin,72,3,18,1,50
Nevada,Laneburg,Attorney General,,REP,Lieutenant Governor Tim Griffin,126,0,40,4,82
Nevada,Rosston City & Part Rural,Attorney General,,REP,Lieutenant Governor Tim Griffin,46,0,8,0,38
Nevada,Willisville City & Part Rural,Attorney General,,REP,Lieutenant Governor Tim Griffin,103,0,14,0,89
Nevada,East & West Rural,Attorney General,,REP,Lieutenant Governor Tim Griffin,545,0,275,16,254
Nevada,"Ward 1,2,3,4",Attorney General,,REP,Lieutenant Governor Tim Griffin,343,0,184,16,143
Nevada,PART BODCAW RURAL,Attorney General,,REP,Lieutenant Governor Tim Griffin,79,4,19,1,55
Nevada,Part Rosston Rural,Attorney General,,REP,Lieutenant Governor Tim Griffin,17,0,4,0,13
Nevada,Emmet Rural,Attorney General,,REP,Lieutenant Governor Tim Griffin,47,0,13,1,33
Nevada,Part Willisville Rural,Attorney General,,REP,Lieutenant Governor Tim Griffin,8,0,7,1,0
Nevada,Bluff City City & Rural,Governor,,REP,Sarah Huckabee Sanders,36,0,12,0,24
Nevada,Bodcaw City & Part Rural,Governor,,REP,Sarah Huckabee Sanders,164,0,51,4,109
Nevada,Emmet City,Governor,,REP,Sarah Huckabee Sanders,88,0,21,5,62
Nevada,Georgia,Governor,,REP,Sarah Huckabee Sanders,71,3,19,1,48
Nevada,Laneburg,Governor,,REP,Sarah Huckabee Sanders,124,0,41,4,79
Nevada,Rosston City & Part Rural,Governor,,REP,Sarah Huckabee Sanders,47,0,8,0,39
Nevada,Willisville City & Part Rural,Governor,,REP,Sarah Huckabee Sanders,107,0,16,0,91
Nevada,East & West Rural,Governor,,REP,Sarah Huckabee Sanders,537,0,272,15,250
Nevada,"Ward 1,2,3,4",Governor,,REP,Sarah Huckabee Sanders,337,0,177,16,144
Nevada,PART BODCAW RURAL,Governor,,REP,Sarah Huckabee Sanders,78,4,19,1,54
Nevada,Part Rosston Rural,Governor,,REP,Sarah Huckabee Sanders,17,0,4,0,13
Nevada,Emmet Rural,Governor,,REP,Sarah Huckabee Sanders,44,0,11,1,32
Nevada,Part Willisville Rural,Governor,,REP,Sarah Huckabee Sanders,8,0,7,1,0
Nevada,Bluff City City & Rural,Governor,,DEM,Chris Jones,46,0,9,0,37
Nevada,Bodcaw City & Part Rural,Governor,,DEM,Chris Jones,18,0,9,0,9
Nevada,Emmet City,Governor,,DEM,Chris Jones,41,0,22,0,19
Nevada,Georgia,Governor,,DEM,Chris Jones,9,0,2,0,7
Nevada,Laneburg,Governor,,DEM,Chris Jones,20,0,12,0,8
Nevada,Rosston City & Part Rural,Governor,,DEM,Chris Jones,71,0,9,3,59
Nevada,Willisville City & Part Rural,Governor,,DEM,Chris Jones,60,0,10,1,49
Nevada,East & West Rural,Governor,,DEM,Chris Jones,108,0,68,11,29
Nevada,"Ward 1,2,3,4",Governor,,DEM,Chris Jones,357,0,203,22,132
Nevada,PART BODCAW RURAL,Governor,,DEM,Chris Jones,19,0,8,1,10
Nevada,Part Rosston Rural,Governor,,DEM,Chris Jones,17,0,0,0,17
Nevada,Emmet Rural,Governor,,DEM,Chris Jones,13,0,7,0,6
Nevada,Part Willisville Rural,Governor,,DEM,Chris Jones,1,0,1,0,0
Nevada,Bluff City City & Rural,Governor,,LIB,"Ricky Dale Harrington, Jr.",0,0,0,0,0
Nevada,Bodcaw City & Part Rural,Governor,,LIB,"Ricky Dale Harrington, Jr.",2,0,1,0,1
Nevada,Emmet City,Governor,,LIB,"Ricky Dale Harrington, Jr.",1,0,0,0,1
Nevada,Georgia,Governor,,LIB,"Ricky Dale Harrington, Jr.",1,0,0,0,1
Nevada,Laneburg,Governor,,LIB,"Ricky Dale Harrington, Jr.",5,0,2,0,3
Nevada,Rosston City & Part Rural,Governor,,LIB,"Ricky Dale Harrington, Jr.",1,0,0,0,1
Nevada,Willisville City & Part Rural,Governor,,LIB,"Ricky Dale Harrington, Jr.",0,0,0,0,0
Nevada,East & West Rural,Governor,,LIB,"Ricky Dale Harrington, Jr.",8,0,2,0,6
Nevada,"Ward 1,2,3,4",Governor,,LIB,"Ricky Dale Harrington, Jr.",6,0,2,0,4
Nevada,PART BODCAW RURAL,Governor,,LIB,"Ricky Dale Harrington, Jr.",0,0,0,0,0
Nevada,Part Rosston Rural,Governor,,LIB,"Ricky Dale Harrington, Jr.",1,0,0,0,1
Nevada,Emmet Rural,Governor,,LIB,"Ricky Dale Harrington, Jr.",1,0,1,0,0
Nevada,Part Willisville Rural,Governor,,LIB,"Ricky Dale Harrington, Jr.",0,0,0,0,0
Nevada,Bluff City City & Rural,Lieutenant Governor,,REP,Attorney General Leslie Rutledge,41,0,13,0,28
Nevada,Bodcaw City & Part Rural,Lieutenant Governor,,REP,Attorney General Leslie Rutledge,171,0,53,4,114
Nevada,Emmet City,Lieutenant Governor,,REP,Attorney General Leslie Rutledge,86,0,21,5,60
Nevada,Georgia,Lieutenant Governor,,REP,Attorney General Leslie Rutledge,73,3,19,1,50
Nevada,Laneburg,Lieutenant Governor,,REP,Attorney General Leslie Rutledge,124,0,40,4,80
Nevada,Rosston City & Part Rural,Lieutenant Governor,,REP,Attorney General Leslie Rutledge,48,0,8,0,40
Nevada,Willisville City & Part Rural,Lieutenant Governor,,REP,Attorney General Leslie Rutledge,106,0,15,0,91
Nevada,East & West Rural,Lieutenant Governor,,REP,Attorney General Leslie Rutledge,551,0,281,16,254
Nevada,"Ward 1,2,3,4",Lieutenant Governor,,REP,Attorney General Leslie Rutledge,350,0,189,16,145
Nevada,PART BODCAW RURAL,Lieutenant Governor,,REP,Attorney General Leslie Rutledge,79,4,19,1,55
Nevada,Part Rosston Rural,Lieutenant Governor,,REP,Attorney General Leslie Rutledge,15,0,3,0,12
Nevada,Emmet Rural,Lieutenant Governor,,REP,Attorney General Leslie Rutledge,46,0,12,1,33
Nevada,Part Willisville Rural,Lieutenant Governor,,REP,Attorney General Leslie Rutledge,7,0,6,1,0
Nevada,Bluff City City & Rural,Lieutenant Governor,,DEM,Kelly Ross Krout,39,0,7,0,32
Nevada,Bodcaw City & Part Rural,Lieutenant Governor,,DEM,Kelly Ross Krout,15,0,7,0,8
Nevada,Emmet City,Lieutenant Governor,,DEM,Kelly Ross Krout,39,0,22,0,17
Nevada,Georgia,Lieutenant Governor,,DEM,Kelly Ross Krout,7,0,2,0,5
Nevada,Laneburg,Lieutenant Governor,,DEM,Kelly Ross Krout,20,0,13,0,7
Nevada,Rosston City & Part Rural,Lieutenant Governor,,DEM,Kelly Ross Krout,66,0,9,3,54
Nevada,Willisville City & Part Rural,Lieutenant Governor,,DEM,Kelly Ross Krout,59,0,10,1,48
Nevada,East & West Rural,Lieutenant Governor,,DEM,Kelly Ross Krout,88,0,57,8,23
Nevada,"Ward 1,2,3,4",Lieutenant Governor,,DEM,Kelly Ross Krout,329,0,186,20,123
Nevada,PART BODCAW RURAL,Lieutenant Governor,,DEM,Kelly Ross Krout,18,0,8,1,9
Nevada,Part Rosston Rural,Lieutenant Governor,,DEM,Kelly Ross Krout,18,0,0,0,18
Nevada,Emmet Rural,Lieutenant Governor,,DEM,Kelly Ross Krout,10,0,6,0,4
Nevada,Part Willisville Rural,Lieutenant Governor,,DEM,Kelly Ross Krout,1,0,1,0,0
Nevada,Bluff City City & Rural,Lieutenant Governor,,LIB,Frank Gilbert,1,0,1,0,0
Nevada,Bodcaw City & Part Rural,Lieutenant Governor,,LIB,Frank Gilbert,2,0,1,0,1
Nevada,Emmet City,Lieutenant Governor,,LIB,Frank Gilbert,2,0,0,0,2
Nevada,Georgia,Lieutenant Governor,,LIB,Frank Gilbert,1,0,0,0,1
Nevada,Laneburg,Lieutenant Governor,,LIB,Frank Gilbert,4,0,3,0,1
Nevada,Rosston City & Part Rural,Lieutenant Governor,,LIB,Frank Gilbert,3,0,0,0,3
Nevada,Willisville City & Part Rural,Lieutenant Governor,,LIB,Frank Gilbert,1,0,1,0,0
Nevada,East & West Rural,Lieutenant Governor,,LIB,Frank Gilbert,11,0,3,2,6
Nevada,"Ward 1,2,3,4",Lieutenant Governor,,LIB,Frank Gilbert,18,0,7,1,10
Nevada,PART BODCAW RURAL,Lieutenant Governor,,LIB,Frank Gilbert,0,0,0,0,0
Nevada,Part Rosston Rural,Lieutenant Governor,,LIB,Frank Gilbert,1,0,0,0,1
Nevada,Emmet Rural,Lieutenant Governor,,LIB,Frank Gilbert,1,0,1,0,0
Nevada,Part Willisville Rural,Lieutenant Governor,,LIB,Frank Gilbert,1,0,1,0,0
Nevada,Bluff City City & Rural,Secretary of State,,REP,Secretary of State John Thurston,41,0,13,0,28
Nevada,Bodcaw City & Part Rural,Secretary of State,,REP,Secretary of State John Thurston,171,0,53,2,116
Nevada,Emmet City,Secretary of State,,REP,Secretary of State John Thurston,89,0,22,5,62
Nevada,Georgia,Secretary of State,,REP,Secretary of State John Thurston,73,3,19,1,50
Nevada,Laneburg,Secretary of State,,REP,Secretary of State John Thurston,124,0,41,4,79
Nevada,Rosston City & Part Rural,Secretary of State,,REP,Secretary of State John Thurston,49,0,8,0,41
Nevada,Willisville City & Part Rural,Secretary of State,,REP,Secretary of State John Thurston,103,0,15,0,88
Nevada,East & West Rural,Secretary of State,,REP,Secretary of State John Thurston,547,0,274,16,257
Nevada,"Ward 1,2,3,4",Secretary of State,,REP,Secretary of State John Thurston,347,0,183,16,148
Nevada,PART BODCAW RURAL,Secretary of State,,REP,Secretary of State John Thurston,78,4,19,1,54
Nevada,Part Rosston Rural,Secretary of State,,REP,Secretary of State John Thurston,16,0,3,0,13
Nevada,Emmet Rural,Secretary of State,,REP,Secretary of State John Thurston,45,0,13,1,31
Nevada,Part Willisville Rural,Secretary of State,,REP,Secretary of State John Thurston,7,0,6,1,0
Nevada,Bluff City City & Rural,Secretary of State,,DEM,Anna Beth Gorman,41,0,8,0,33
Nevada,Bodcaw City & Part Rural,Secretary of State,,DEM,Anna Beth Gorman,17,0,7,1,9
Nevada,Emmet City,Secretary of State,,DEM,Anna Beth Gorman,37,0,21,0,16
Nevada,Georgia,Secretary of State,,DEM,Anna Beth Gorman,9,0,2,0,7
Nevada,Laneburg,Secretary of State,,DEM,Anna Beth Gorman,23,0,14,0,9
Nevada,Rosston City & Part Rural,Secretary of State,,DEM,Anna Beth Gorman,70,0,9,3,58
Nevada,Willisville City & Part Rural,Secretary of State,,DEM,Anna Beth Gorman,59,0,11,0,48
Nevada,East & West Rural,Secretary of State,,DEM,Anna Beth Gorman,97,0,60,10,27
Nevada,"Ward 1,2,3,4",Secretary of State,,DEM,Anna Beth Gorman,344,0,196,20,128
Nevada,PART BODCAW RURAL,Secretary of State,,DEM,Anna Beth Gorman,16,0,8,1,7
Nevada,Part Rosston Rural,Secretary of State,,DEM,Anna Beth Gorman,18,0,0,0,18
Nevada,Emmet Rural,Secretary of State,,DEM,Anna Beth Gorman,13,0,7,0,6
Nevada,Part Willisville Rural,Secretary of State,,DEM,Anna Beth Gorman,2,0,2,0,0
Nevada,Bluff City City & Rural,State Treasurer,,DEM,Pam Whitaker,43,0,8,0,35
Nevada,Bodcaw City & Part Rural,State Treasurer,,DEM,Pam Whitaker,19,0,8,0,11
Nevada,Emmet City,State Treasurer,,DEM,Pam Whitaker,36,0,22,0,14
Nevada,Georgia,State Treasurer,,DEM,Pam Whitaker,12,0,5,0,7
Nevada,Laneburg,State Treasurer,,DEM,Pam Whitaker,25,0,14,0,11
Nevada,Rosston City & Part Rural,State Treasurer,,DEM,Pam Whitaker,69,0,9,3,57
Nevada,Willisville City & Part Rural,State Treasurer,,DEM,Pam Whitaker,60,0,11,1,48
Nevada,East & West Rural,State Treasurer,,DEM,Pam Whitaker,116,0,69,10,37
Nevada,"Ward 1,2,3,4",State Treasurer,,DEM,Pam Whitaker,354,0,197,20,137
Nevada,PART BODCAW RURAL,State Treasurer,,DEM,Pam Whitaker,18,0,8,1,9
Nevada,Part Rosston Rural,State Treasurer,,DEM,Pam Whitaker,18,0,0,0,18
Nevada,Emmet Rural,State Treasurer,,DEM,Pam Whitaker,13,0,7,0,6
Nevada,Part Willisville Rural,State Treasurer,,DEM,Pam Whitaker,2,0,2,0,0
Nevada,Bluff City City & Rural,State Treasurer,,REP,State Representative Mark Lowery,39,0,13,0,26
Nevada,Bodcaw City & Part Rural,State Treasurer,,REP,State Representative Mark Lowery,172,0,53,4,115
Nevada,Emmet City,State Treasurer,,REP,State Representative Mark Lowery,89,0,21,5,63
Nevada,Georgia,State Treasurer,,REP,State Representative Mark Lowery,70,3,16,1,50
Nevada,Laneburg,State Treasurer,,REP,State Representative Mark Lowery,124,0,42,4,78
Nevada,Rosston City & Part Rural,State Treasurer,,REP,State Representative Mark Lowery,48,0,8,0,40
Nevada,Willisville City & Part Rural,State Treasurer,,REP,State Representative Mark Lowery,103,0,14,0,89
Nevada,East & West Rural,State Treasurer,,REP,State Representative Mark Lowery,530,0,265,16,249
Nevada,"Ward 1,2,3,4",State Treasurer,,REP,State Representative Mark Lowery,334,0,179,16,139
Nevada,PART BODCAW RURAL,State Treasurer,,REP,State Representative Mark Lowery,78,4,19,1,54
Nevada,Part Rosston Rural,State Treasurer,,REP,State Representative Mark Lowery,16,0,3,0,13
Nevada,Emmet Rural,State Treasurer,,REP,State Representative Mark Lowery,45,0,12,1,32
Nevada,Part Willisville Rural,State Treasurer,,REP,State Representative Mark Lowery,7,0,6,1,0
Nevada,Bluff City City & Rural,Auditor of State,,LIB,Simeon Snow,0,0,0,0,0
Nevada,Bodcaw City & Part Rural,Auditor of State,,LIB,Simeon Snow,3,0,1,0,2
Nevada,Emmet City,Auditor of State,,LIB,Simeon Snow,2,0,0,0,2
Nevada,Georgia,Auditor of State,,LIB,Simeon Snow,1,0,0,0,1
Nevada,Laneburg,Auditor of State,,LIB,Simeon Snow,3,0,1,0,2
Nevada,Rosston City & Part Rural,Auditor of State,,LIB,Simeon Snow,2,0,0,0,2
Nevada,Willisville City & Part Rural,Auditor of State,,LIB,Simeon Snow,2,0,1,0,1
Nevada,East & West Rural,Auditor of State,,LIB,Simeon Snow,13,0,7,1,5
Nevada,"Ward 1,2,3,4",Auditor of State,,LIB,Simeon Snow,11,0,5,0,6
Nevada,PART BODCAW RURAL,Auditor of State,,LIB,Simeon Snow,0,0,0,0,0
Nevada,Part Rosston Rural,Auditor of State,,LIB,Simeon Snow,1,0,0,0,1
Nevada,Emmet Rural,Auditor of State,,LIB,Simeon Snow,3,0,1,0,2
Nevada,Part Willisville Rural,Auditor of State,,LIB,Simeon Snow,1,0,1,0,0
Nevada,Bluff City City & Rural,Auditor of State,,REP,Treasurer of State Dennis Milligan,40,0,13,0,27
Nevada,Bodcaw City & Part Rural,Auditor of State,,REP,Treasurer of State Dennis Milligan,172,0,52,4,116
Nevada,Emmet City,Auditor of State,,REP,Treasurer of State Dennis Milligan,87,0,21,5,61
Nevada,Georgia,Auditor of State,,REP,Treasurer of State Dennis Milligan,73,3,19,1,50
Nevada,Laneburg,Auditor of State,,REP,Treasurer of State Dennis Milligan,124,0,43,4,77
Nevada,Rosston City & Part Rural,Auditor of State,,REP,Treasurer of State Dennis Milligan,47,0,8,0,39
Nevada,Willisville City & Part Rural,Auditor of State,,REP,Treasurer of State Dennis Milligan,102,0,14,0,88
Nevada,East & West Rural,Auditor of State,,REP,Treasurer of State Dennis Milligan,544,0,271,16,257
Nevada,"Ward 1,2,3,4",Auditor of State,,REP,Treasurer of State Dennis Milligan,347,0,184,16,147
Nevada,PART BODCAW RURAL,Auditor of State,,REP,Treasurer of State Dennis Milligan,79,4,19,1,55
Nevada,Part Rosston Rural,Auditor of State,,REP,Treasurer of State Dennis Milligan,15,0,3,0,12
Nevada,Emmet Rural,Auditor of State,,REP,Treasurer of State Dennis Milligan,43,0,11,1,31
Nevada,Part Willisville Rural,Auditor of State,,REP,Treasurer of State Dennis Milligan,8,0,7,1,0
Nevada,Bluff City City & Rural,Auditor of State,,DEM,Diamond Arnold-Johnson,41,0,7,0,34
Nevada,Bodcaw City & Part Rural,Auditor of State,,DEM,Diamond Arnold-Johnson,14,0,7,0,7
Nevada,Emmet City,Auditor of State,,DEM,Diamond Arnold-Johnson,37,0,22,0,15
Nevada,Georgia,Auditor of State,,DEM,Diamond Arnold-Johnson,7,0,2,0,5
Nevada,Laneburg,Auditor of State,,DEM,Diamond Arnold-Johnson,20,0,12,0,8
Nevada,Rosston City & Part Rural,Auditor of State,,DEM,Diamond Arnold-Johnson,69,0,9,3,57
Nevada,Willisville City & Part Rural,Auditor of State,,DEM,Diamond Arnold-Johnson,60,0,11,1,48
Nevada,East & West Rural,Auditor of State,,DEM,Diamond Arnold-Johnson,87,0,56,9,22
Nevada,"Ward 1,2,3,4",Auditor of State,,DEM,Diamond Arnold-Johnson,334,0,190,20,124
Nevada,PART BODCAW RURAL,Auditor of State,,DEM,Diamond Arnold-Johnson,17,0,8,1,8
Nevada,Part Rosston Rural,Auditor of State,,DEM,Diamond Arnold-Johnson,18,0,0,0,18
Nevada,Emmet Rural,Auditor of State,,DEM,Diamond Arnold-Johnson,10,0,6,0,4
Nevada,Part Willisville Rural,Auditor of State,,DEM,Diamond Arnold-Johnson,0,0,0,0,0
Nevada,Bluff City City & Rural,Commissioner of State Lands,,REP,Tommy Land Commissioner of State Lands,41,0,13,0,28
Nevada,Bodcaw City & Part Rural,Commissioner of State Lands,,REP,Tommy Land Commissioner of State Lands,172,0,53,4,115
Nevada,Emmet City,Commissioner of State Lands,,REP,Tommy Land Commissioner of State Lands,90,0,21,5,64
Nevada,Georgia,Commissioner of State Lands,,REP,Tommy Land Commissioner of State Lands,73,3,18,1,51
Nevada,Laneburg,Commissioner of State Lands,,REP,Tommy Land Commissioner of State Lands,125,0,43,4,78
Nevada,Rosston City & Part Rural,Commissioner of State Lands,,REP,Tommy Land Commissioner of State Lands,53,0,9,0,44
Nevada,Willisville City & Part Rural,Commissioner of State Lands,,REP,Tommy Land Commissioner of State Lands,105,0,15,0,90
Nevada,East & West Rural,Commissioner of State Lands,,REP,Tommy Land Commissioner of State Lands,556,0,279,16,261
Nevada,"Ward 1,2,3,4",Commissioner of State Lands,,REP,Tommy Land Commissioner of State Lands,353,0,189,17,147
Nevada,PART BODCAW RURAL,Commissioner of State Lands,,REP,Tommy Land Commissioner of State Lands,80,4,19,2,55
Nevada,Part Rosston Rural,Commissioner of State Lands,,REP,Tommy Land Commissioner of State Lands,16,0,3,0,13
Nevada,Emmet Rural,Commissioner of State Lands,,REP,Tommy Land Commissioner of State Lands,47,0,13,1,33
Nevada,Part Willisville Rural,Commissioner of State Lands,,REP,Tommy Land Commissioner of State Lands,7,0,6,1,0
Nevada,Bluff City City & Rural,Commissioner of State Lands,,DEM,Darlene Goldi Gaines,42,0,8,0,34
Nevada,Bodcaw City & Part Rural,Commissioner of State Lands,,DEM,Darlene Goldi Gaines,16,0,7,0,9
Nevada,Emmet City,Commissioner of State Lands,,DEM,Darlene Goldi Gaines,36,0,22,0,14
Nevada,Georgia,Commissioner of State Lands,,DEM,Darlene Goldi Gaines,9,0,3,0,6
Nevada,Laneburg,Commissioner of State Lands,,DEM,Darlene Goldi Gaines,22,0,12,0,10
Nevada,Rosston City & Part Rural,Commissioner of State Lands,,DEM,Darlene Goldi Gaines,62,0,7,3,52
Nevada,Willisville City & Part Rural,Commissioner of State Lands,,DEM,Darlene Goldi Gaines,58,0,11,1,46
Nevada,East & West Rural,Commissioner of State Lands,,DEM,Darlene Goldi Gaines,92,0,59,10,23
Nevada,"Ward 1,2,3,4",Commissioner of State Lands,,DEM,Darlene Goldi Gaines,336,0,187,20,129
Nevada,PART BODCAW RURAL,Commissioner of State Lands,,DEM,Darlene Goldi Gaines,17,0,8,0,9
Nevada,Part Rosston Rural,Commissioner of State Lands,,DEM,Darlene Goldi Gaines,18,0,0,0,18
Nevada,Emmet Rural,Commissioner of State Lands,,DEM,Darlene Goldi Gaines,10,0,5,0,5
Nevada,Part Willisville Rural,Commissioner of State Lands,,DEM,Darlene Goldi Gaines,2,0,2,0,0
Nevada,Willisville City & Part Rural,State House,98,DEM,State Representative David Fielding,66,0,11,1,54
Nevada,PART BODCAW RURAL,State House,98,DEM,State Representative David Fielding,19,0,8,1,10
Nevada,Part Rosston Rural,State House,98,DEM,State Representative David Fielding,19,0,0,0,19
Nevada,Willisville City & Part Rural,State House,98,REP,Wade Andrews,101,0,15,0,86
Nevada,PART BODCAW RURAL,State House,98,REP,Wade Andrews,77,4,19,1,53
Nevada,Part Rosston Rural,State House,98,REP,Wade Andrews,15,0,3,0,12
Nevada,Bluff City City & Rural,NEVADA COUNTY JUDGE,,REP,REP Mike Otwell,30,0,10,0,20
Nevada,Bodcaw City & Part Rural,NEVADA COUNTY JUDGE,,REP,REP Mike Otwell,129,0,39,3,87
Nevada,Emmet City,NEVADA COUNTY JUDGE,,REP,REP Mike Otwell,83,0,22,4,57
Nevada,Georgia,NEVADA COUNTY JUDGE,,REP,REP Mike Otwell,52,3,12,0,37
Nevada,Laneburg,NEVADA COUNTY JUDGE,,REP,REP Mike Otwell,94,0,37,4,53
Nevada,Rosston City & Part Rural,NEVADA COUNTY JUDGE,,REP,REP Mike Otwell,40,0,8,0,32
Nevada,Willisville City & Part Rural,NEVADA COUNTY JUDGE,,REP,REP Mike Otwell,91,0,13,0,78
Nevada,East & West Rural,NEVADA COUNTY JUDGE,,REP,REP Mike Otwell,379,0,182,9,188
Nevada,"Ward 1,2,3,4",NEVADA COUNTY JUDGE,,REP,REP Mike Otwell,314,0,167,10,137
Nevada,PART BODCAW RURAL,NEVADA COUNTY JUDGE,,REP,REP Mike Otwell,59,4,15,2,38
Nevada,Part Rosston Rural,NEVADA COUNTY JUDGE,,REP,REP Mike Otwell,15,0,3,0,12
Nevada,Emmet Rural,NEVADA COUNTY JUDGE,,REP,REP Mike Otwell,41,0,11,1,29
Nevada,Part Willisville Rural,NEVADA COUNTY JUDGE,,REP,REP Mike Otwell,7,0,6,1,0
Nevada,Bluff City City & Rural,NEVADA COUNTY JUDGE,,DEM,DEM Bob Cummings,52,0,11,0,41
Nevada,Bodcaw City & Part Rural,NEVADA COUNTY JUDGE,,DEM,DEM Bob Cummings,62,0,22,1,39
Nevada,Emmet City,NEVADA COUNTY JUDGE,,DEM,DEM Bob Cummings,46,0,21,1,24
Nevada,Georgia,NEVADA COUNTY JUDGE,,DEM,DEM Bob Cummings,26,0,7,1,18
Nevada,Laneburg,NEVADA COUNTY JUDGE,,DEM,DEM Bob Cummings,55,0,19,0,36
Nevada,Rosston City & Part Rural,NEVADA COUNTY JUDGE,,DEM,DEM Bob Cummings,77,0,9,3,65
Nevada,Willisville City & Part Rural,NEVADA COUNTY JUDGE,,DEM,DEM Bob Cummings,76,0,13,1,62
Nevada,East & West Rural,NEVADA COUNTY JUDGE,,DEM,DEM Bob Cummings,273,0,161,16,96
Nevada,"Ward 1,2,3,4",NEVADA COUNTY JUDGE,,DEM,DEM Bob Cummings,386,0,215,28,143
Nevada,PART BODCAW RURAL,NEVADA COUNTY JUDGE,,DEM,DEM Bob Cummings,36,0,11,0,25
Nevada,Part Rosston Rural,NEVADA COUNTY JUDGE,,DEM,DEM Bob Cummings,20,0,1,0,19
Nevada,Emmet Rural,NEVADA COUNTY JUDGE,,DEM,DEM Bob Cummings,17,0,8,0,9
Nevada,Part Willisville Rural,NEVADA COUNTY JUDGE,,DEM,DEM Bob Cummings,2,0,2,0,0
Nevada,"Ward 1,2,3,4",MAYOR OF PRESCOTT,,DEM,DEM Terry C. Oliver,607,0,334,37,236
Nevada,Bluff City City & Rural,NEVADA CO. CIRCUIT CLERK,,REP,REP Rita Reyenga,59,0,16,0,43
Nevada,Bodcaw City & Part Rural,NEVADA CO. CIRCUIT CLERK,,REP,REP Rita Reyenga,182,0,58,4,120
Nevada,Emmet City,NEVADA CO. CIRCUIT CLERK,,REP,REP Rita Reyenga,116,0,37,5,74
Nevada,Georgia,NEVADA CO. CIRCUIT CLERK,,REP,REP Rita Reyenga,78,3,20,1,54
Nevada,Laneburg,NEVADA CO. CIRCUIT CLERK,,REP,REP Rita Reyenga,137,0,51,4,82
Nevada,Rosston City & Part Rural,NEVADA CO. CIRCUIT CLERK,,REP,REP Rita Reyenga,89,0,13,1,75
Nevada,Willisville City & Part Rural,NEVADA CO. CIRCUIT CLERK,,REP,REP Rita Reyenga,134,0,20,0,114
Nevada,East & West Rural,NEVADA CO. CIRCUIT CLERK,,REP,REP Rita Reyenga,601,0,307,22,272
Nevada,"Ward 1,2,3,4",NEVADA CO. CIRCUIT CLERK,,REP,REP Rita Reyenga,581,0,313,32,236
Nevada,PART BODCAW RURAL,NEVADA CO. CIRCUIT CLERK,,REP,REP Rita Reyenga,87,4,23,2,58
Nevada,Part Rosston Rural,NEVADA CO. CIRCUIT CLERK,,REP,REP Rita Reyenga,29,0,4,0,25
Nevada,Emmet Rural,NEVADA CO. CIRCUIT CLERK,,REP,REP Rita Reyenga,53,0,15,1,37
Nevada,Part Willisville Rural,NEVADA CO. CIRCUIT CLERK,,REP,REP Rita Reyenga,7,0,6,1,0
Nevada,Bluff City City & Rural,State Supreme Court Associate Justice Position 2,,NPJ,Supreme Court Associate Justice Robin Wynne,41,0,11,0,30
Nevada,Bodcaw City & Part Rural,State Supreme Court Associate Justice Position 2,,NPJ,Supreme Court Associate Justice Robin Wynne,102,0,30,2,70
Nevada,Emmet City,State Supreme Court Associate Justice Position 2,,NPJ,Supreme Court Associate Justice Robin Wynne,73,0,22,3,48
Nevada,Georgia,State Supreme Court Associate Justice Position 2,,NPJ,Supreme Court Associate Justice Robin Wynne,54,2,15,1,36
Nevada,Laneburg,State Supreme Court Associate Justice Position 2,,NPJ,Supreme Court Associate Justice Robin Wynne,77,0,31,2,44
Nevada,Rosston City & Part Rural,State Supreme Court Associate Justice Position 2,,NPJ,Supreme Court Associate Justice Robin Wynne,65,0,6,3,56
Nevada,Willisville City & Part Rural,State Supreme Court Associate Justice Position 2,,NPJ,Supreme Court Associate Justice Robin Wynne,89,0,14,0,75
Nevada,East & West Rural,State Supreme Court Associate Justice Position 2,,NPJ,Supreme Court Associate Justice Robin Wynne,408,0,208,12,188
Nevada,"Ward 1,2,3,4",State Supreme Court Associate Justice Position 2,,NPJ,Supreme Court Associate Justice Robin Wynne,371,0,208,21,142
Nevada,PART BODCAW RURAL,State Supreme Court Associate Justice Position 2,,NPJ,Supreme Court Associate Justice Robin Wynne,50,2,14,0,34
Nevada,Part Rosston Rural,State Supreme Court Associate Justice Position 2,,NPJ,Supreme Court Associate Justice Robin Wynne,20,0,2,0,18
Nevada,Emmet Rural,State Supreme Court Associate Justice Position 2,,NPJ,Supreme Court Associate Justice Robin Wynne,37,0,13,0,24
Nevada,Part Willisville Rural,State Supreme Court Associate Justice Position 2,,NPJ,Supreme Court Associate Justice Robin Wynne,5,0,5,0,0
Nevada,Bluff City City & Rural,State Supreme Court Associate Justice Position 2,,NPJ,Judge Chris Carnahan,27,0,5,0,22
Nevada,Bodcaw City & Part Rural,State Supreme Court Associate Justice Position 2,,NPJ,Judge Chris Carnahan,68,0,21,1,46
Nevada,Emmet City,State Supreme Court Associate Justice Position 2,,NPJ,Judge Chris Carnahan,37,0,17,1,19
Nevada,Georgia,State Supreme Court Associate Justice Position 2,,NPJ,Judge Chris Carnahan,17,1,3,0,13
Nevada,Laneburg,State Supreme Court Associate Justice Position 2,,NPJ,Judge Chris Carnahan,50,0,16,1,33
Nevada,Rosston City & Part Rural,State Supreme Court Associate Justice Position 2,,NPJ,Judge Chris Carnahan,33,0,5,0,28
Nevada,Willisville City & Part Rural,State Supreme Court Associate Justice Position 2,,NPJ,Judge Chris Carnahan,51,0,10,1,40
Nevada,East & West Rural,State Supreme Court Associate Justice Position 2,,NPJ,Judge Chris Carnahan,175,0,92,10,73
Nevada,"Ward 1,2,3,4",State Supreme Court Associate Justice Position 2,,NPJ,Judge Chris Carnahan,211,0,112,10,89
Nevada,PART BODCAW RURAL,State Supreme Court Associate Justice Position 2,,NPJ,Judge Chris Carnahan,37,2,8,2,25
Nevada,Part Rosston Rural,State Supreme Court Associate Justice Position 2,,NPJ,Judge Chris Carnahan,11,0,2,0,9
Nevada,Emmet Rural,State Supreme Court Associate Justice Position 2,,NPJ,Judge Chris Carnahan,14,0,4,1,9
Nevada,Part Willisville Rural,State Supreme Court Associate Justice Position 2,,NPJ,Judge Chris Carnahan,1,0,1,0,0
Nevada,Emmet City,Mayor of Emmet,,NON,Dale Booker,79,0,27,4,48
Nevada,Emmet City,Mayor of Emmet,,NON,Shannon Peck,48,0,15,1,32
Nevada,Emmet City,Emmet City Council Wd 1 Pos. 2,,NON,Dee Clark,46,0,14,1,31
Nevada,Emmet City,Emmet City Council Wd 1 Pos. 2,,NON,Wayne Baker,78,0,27,4,47
Nevada,Bluff City City & Rural,Issue No. 1: A Constitutional Amendment to allow the General Assembly to Convene in Extraordinary Session Upon the Issuance of a Joint Written Proclamation of the Speaker of the House of Representatives and the President Pro Tempore of the Senate or Upon the Submission of a Written Proclamation Containing the Signatures of At Least Two-Thirds (2/3) of the Members of the House of Representatives and At Least Two-Thirds (2/3) of the Members of the Senate to the Speaker of the House of Representatives and the President Pro Tempore of the Senate Requesting that the General Assembly Convene in Extraordinary Session,,NON,FOR,27,0,9,0,18
Nevada,Bodcaw City & Part Rural,Issue No. 1: A Constitutional Amendment to allow the General Assembly to Convene in Extraordinary Session Upon the Issuance of a Joint Written Proclamation of the Speaker of the House of Representatives and the President Pro Tempore of the Senate or Upon the Submission of a Written Proclamation Containing the Signatures of At Least Two-Thirds (2/3) of the Members of the House of Representatives and At Least Two-Thirds (2/3) of the Members of the Senate to the Speaker of the House of Representatives and the President Pro Tempore of the Senate Requesting that the General Assembly Convene in Extraordinary Session,,NON,FOR,63,0,20,1,42
Nevada,Emmet City,Issue No. 1: A Constitutional Amendment to allow the General Assembly to Convene in Extraordinary Session Upon the Issuance of a Joint Written Proclamation of the Speaker of the House of Representatives and the President Pro Tempore of the Senate or Upon the Submission of a Written Proclamation Containing the Signatures of At Least Two-Thirds (2/3) of the Members of the House of Representatives and At Least Two-Thirds (2/3) of the Members of the Senate to the Speaker of the House of Representatives and the President Pro Tempore of the Senate Requesting that the General Assembly Convene in Extraordinary Session,,NON,FOR,33,0,12,1,20
Nevada,Georgia,Issue No. 1: A Constitutional Amendment to allow the General Assembly to Convene in Extraordinary Session Upon the Issuance of a Joint Written Proclamation of the Speaker of the House of Representatives and the President Pro Tempore of the Senate or Upon the Submission of a Written Proclamation Containing the Signatures of At Least Two-Thirds (2/3) of the Members of the House of Representatives and At Least Two-Thirds (2/3) of the Members of the Senate to the Speaker of the House of Representatives and the President Pro Tempore of the Senate Requesting that the General Assembly Convene in Extraordinary Session,,NON,FOR,22,1,6,0,15
Nevada,Laneburg,Issue No. 1: A Constitutional Amendment to allow the General Assembly to Convene in Extraordinary Session Upon the Issuance of a Joint Written Proclamation of the Speaker of the House of Representatives and the President Pro Tempore of the Senate or Upon the Submission of a Written Proclamation Containing the Signatures of At Least Two-Thirds (2/3) of the Members of the House of Representatives and At Least Two-Thirds (2/3) of the Members of the Senate to the Speaker of the House of Representatives and the President Pro Tempore of the Senate Requesting that the General Assembly Convene in Extraordinary Session,,NON,FOR,59,0,26,3,30
Nevada,Rosston City & Part Rural,Issue No. 1: A Constitutional Amendment to allow the General Assembly to Convene in Extraordinary Session Upon the Issuance of a Joint Written Proclamation of the Speaker of the House of Representatives and the President Pro Tempore of the Senate or Upon the Submission of a Written Proclamation Containing the Signatures of At Least Two-Thirds (2/3) of the Members of the House of Representatives and At Least Two-Thirds (2/3) of the Members of the Senate to the Speaker of the House of Representatives and the President Pro Tempore of the Senate Requesting that the General Assembly Convene in Extraordinary Session,,NON,FOR,38,0,2,0,36
Nevada,Willisville City & Part Rural,Issue No. 1: A Constitutional Amendment to allow the General Assembly to Convene in Extraordinary Session Upon the Issuance of a Joint Written Proclamation of the Speaker of the House of Representatives and the President Pro Tempore of the Senate or Upon the Submission of a Written Proclamation Containing the Signatures of At Least Two-Thirds (2/3) of the Members of the House of Representatives and At Least Two-Thirds (2/3) of the Members of the Senate to the Speaker of the House of Representatives and the President Pro Tempore of the Senate Requesting that the General Assembly Convene in Extraordinary Session,,NON,FOR,43,0,8,0,35
Nevada,East & West Rural,Issue No. 1: A Constitutional Amendment to allow the General Assembly to Convene in Extraordinary Session Upon the Issuance of a Joint Written Proclamation of the Speaker of the House of Representatives and the President Pro Tempore of the Senate or Upon the Submission of a Written Proclamation Containing the Signatures of At Least Two-Thirds (2/3) of the Members of the House of Representatives and At Least Two-Thirds (2/3) of the Members of the Senate to the Speaker of the House of Representatives and the President Pro Tempore of the Senate Requesting that the General Assembly Convene in Extraordinary Session,,NON,FOR,226,0,123,12,91
Nevada,"Ward 1,2,3,4",Issue No. 1: A Constitutional Amendment to allow the General Assembly to Convene in Extraordinary Session Upon the Issuance of a Joint Written Proclamation of the Speaker of the House of Representatives and the President Pro Tempore of the Senate or Upon the Submission of a Written Proclamation Containing the Signatures of At Least Two-Thirds (2/3) of the Members of the House of Representatives and At Least Two-Thirds (2/3) of the Members of the Senate to the Speaker of the House of Representatives and the President Pro Tempore of the Senate Requesting that the General Assembly Convene in Extraordinary Session,,NON,FOR,302,0,166,19,117
Nevada,PART BODCAW RURAL,Issue No. 1: A Constitutional Amendment to allow the General Assembly to Convene in Extraordinary Session Upon the Issuance of a Joint Written Proclamation of the Speaker of the House of Representatives and the President Pro Tempore of the Senate or Upon the Submission of a Written Proclamation Containing the Signatures of At Least Two-Thirds (2/3) of the Members of the House of Representatives and At Least Two-Thirds (2/3) of the Members of the Senate to the Speaker of the House of Representatives and the President Pro Tempore of the Senate Requesting that the General Assembly Convene in Extraordinary Session,,NON,FOR,28,1,13,0,14
Nevada,Part Rosston Rural,Issue No. 1: A Constitutional Amendment to allow the General Assembly to Convene in Extraordinary Session Upon the Issuance of a Joint Written Proclamation of the Speaker of the House of Representatives and the President Pro Tempore of the Senate or Upon the Submission of a Written Proclamation Containing the Signatures of At Least Two-Thirds (2/3) of the Members of the House of Representatives and At Least Two-Thirds (2/3) of the Members of the Senate to the Speaker of the House of Representatives and the President Pro Tempore of the Senate Requesting that the General Assembly Convene in Extraordinary Session,,NON,FOR,11,0,1,0,10
Nevada,Emmet Rural,Issue No. 1: A Constitutional Amendment to allow the General Assembly to Convene in Extraordinary Session Upon the Issuance of a Joint Written Proclamation of the Speaker of the House of Representatives and the President Pro Tempore of the Senate or Upon the Submission of a Written Proclamation Containing the Signatures of At Least Two-Thirds (2/3) of the Members of the House of Representatives and At Least Two-Thirds (2/3) of the Members of the Senate to the Speaker of the House of Representatives and the President Pro Tempore of the Senate Requesting that the General Assembly Convene in Extraordinary Session,,NON,FOR,20,0,6,0,14
Nevada,Part Willisville Rural,Issue No. 1: A Constitutional Amendment to allow the General Assembly to Convene in Extraordinary Session Upon the Issuance of a Joint Written Proclamation of the Speaker of the House of Representatives and the President Pro Tempore of the Senate or Upon the Submission of a Written Proclamation Containing the Signatures of At Least Two-Thirds (2/3) of the Members of the House of Representatives and At Least Two-Thirds (2/3) of the Members of the Senate to the Speaker of the House of Representatives and the President Pro Tempore of the Senate Requesting that the General Assembly Convene in Extraordinary Session,,NON,FOR,3,0,3,0,0
Nevada,Bluff City City & Rural,Issue No. 1: A Constitutional Amendment to allow the General Assembly to Convene in Extraordinary Session Upon the Issuance of a Joint Written Proclamation of the Speaker of the House of Representatives and the President Pro Tempore of the Senate or Upon the Submission of a Written Proclamation Containing the Signatures of At Least Two-Thirds (2/3) of the Members of the House of Representatives and At Least Two-Thirds (2/3) of the Members of the Senate to the Speaker of the House of Representatives and the President Pro Tempore of the Senate Requesting that the General Assembly Convene in Extraordinary Session,,NON,AGAINST,49,0,12,0,37
Nevada,Bodcaw City & Part Rural,Issue No. 1: A Constitutional Amendment to allow the General Assembly to Convene in Extraordinary Session Upon the Issuance of a Joint Written Proclamation of the Speaker of the House of Representatives and the President Pro Tempore of the Senate or Upon the Submission of a Written Proclamation Containing the Signatures of At Least Two-Thirds (2/3) of the Members of the House of Representatives and At Least Two-Thirds (2/3) of the Members of the Senate to the Speaker of the House of Representatives and the President Pro Tempore of the Senate Requesting that the General Assembly Convene in Extraordinary Session,,NON,AGAINST,123,0,38,3,82
Nevada,Emmet City,Issue No. 1: A Constitutional Amendment to allow the General Assembly to Convene in Extraordinary Session Upon the Issuance of a Joint Written Proclamation of the Speaker of the House of Representatives and the President Pro Tempore of the Senate or Upon the Submission of a Written Proclamation Containing the Signatures of At Least Two-Thirds (2/3) of the Members of the House of Representatives and At Least Two-Thirds (2/3) of the Members of the Senate to the Speaker of the House of Representatives and the President Pro Tempore of the Senate Requesting that the General Assembly Convene in Extraordinary Session,,NON,AGAINST,76,0,27,4,45
Nevada,Georgia,Issue No. 1: A Constitutional Amendment to allow the General Assembly to Convene in Extraordinary Session Upon the Issuance of a Joint Written Proclamation of the Speaker of the House of Representatives and the President Pro Tempore of the Senate or Upon the Submission of a Written Proclamation Containing the Signatures of At Least Two-Thirds (2/3) of the Members of the House of Representatives and At Least Two-Thirds (2/3) of the Members of the Senate to the Speaker of the House of Representatives and the President Pro Tempore of the Senate Requesting that the General Assembly Convene in Extraordinary Session,,NON,AGAINST,58,2,15,1,40
Nevada,Laneburg,Issue No. 1: A Constitutional Amendment to allow the General Assembly to Convene in Extraordinary Session Upon the Issuance of a Joint Written Proclamation of the Speaker of the House of Representatives and the President Pro Tempore of the Senate or Upon the Submission of a Written Proclamation Containing the Signatures of At Least Two-Thirds (2/3) of the Members of the House of Representatives and At Least Two-Thirds (2/3) of the Members of the Senate to the Speaker of the House of Representatives and the President Pro Tempore of the Senate Requesting that the General Assembly Convene in Extraordinary Session,,NON,AGAINST,89,0,29,1,59
Nevada,Rosston City & Part Rural,Issue No. 1: A Constitutional Amendment to allow the General Assembly to Convene in Extraordinary Session Upon the Issuance of a Joint Written Proclamation of the Speaker of the House of Representatives and the President Pro Tempore of the Senate or Upon the Submission of a Written Proclamation Containing the Signatures of At Least Two-Thirds (2/3) of the Members of the House of Representatives and At Least Two-Thirds (2/3) of the Members of the Senate to the Speaker of the House of Representatives and the President Pro Tempore of the Senate Requesting that the General Assembly Convene in Extraordinary Session,,NON,AGAINST,75,0,13,3,59
Nevada,Willisville City & Part Rural,Issue No. 1: A Constitutional Amendment to allow the General Assembly to Convene in Extraordinary Session Upon the Issuance of a Joint Written Proclamation of the Speaker of the House of Representatives and the President Pro Tempore of the Senate or Upon the Submission of a Written Proclamation Containing the Signatures of At Least Two-Thirds (2/3) of the Members of the House of Representatives and At Least Two-Thirds (2/3) of the Members of the Senate to the Speaker of the House of Representatives and the President Pro Tempore of the Senate Requesting that the General Assembly Convene in Extraordinary Session,,NON,AGAINST,114,0,17,0,97
Nevada,East & West Rural,Issue No. 1: A Constitutional Amendment to allow the General Assembly to Convene in Extraordinary Session Upon the Issuance of a Joint Written Proclamation of the Speaker of the House of Representatives and the President Pro Tempore of the Senate or Upon the Submission of a Written Proclamation Containing the Signatures of At Least Two-Thirds (2/3) of the Members of the House of Representatives and At Least Two-Thirds (2/3) of the Members of the Senate to the Speaker of the House of Representatives and the President Pro Tempore of the Senate Requesting that the General Assembly Convene in Extraordinary Session,,NON,AGAINST,403,0,200,12,191
Nevada,"Ward 1,2,3,4",Issue No. 1: A Constitutional Amendment to allow the General Assembly to Convene in Extraordinary Session Upon the Issuance of a Joint Written Proclamation of the Speaker of the House of Representatives and the President Pro Tempore of the Senate or Upon the Submission of a Written Proclamation Containing the Signatures of At Least Two-Thirds (2/3) of the Members of the House of Representatives and At Least Two-Thirds (2/3) of the Members of the Senate to the Speaker of the House of Representatives and the President Pro Tempore of the Senate Requesting that the General Assembly Convene in Extraordinary Session,,NON,AGAINST,366,0,196,18,152
Nevada,PART BODCAW RURAL,Issue No. 1: A Constitutional Amendment to allow the General Assembly to Convene in Extraordinary Session Upon the Issuance of a Joint Written Proclamation of the Speaker of the House of Representatives and the President Pro Tempore of the Senate or Upon the Submission of a Written Proclamation Containing the Signatures of At Least Two-Thirds (2/3) of the Members of the House of Representatives and At Least Two-Thirds (2/3) of the Members of the Senate to the Speaker of the House of Representatives and the President Pro Tempore of the Senate Requesting that the General Assembly Convene in Extraordinary Session,,NON,AGAINST,65,3,13,1,48
Nevada,Part Rosston Rural,Issue No. 1: A Constitutional Amendment to allow the General Assembly to Convene in Extraordinary Session Upon the Issuance of a Joint Written Proclamation of the Speaker of the House of Representatives and the President Pro Tempore of the Senate or Upon the Submission of a Written Proclamation Containing the Signatures of At Least Two-Thirds (2/3) of the Members of the House of Representatives and At Least Two-Thirds (2/3) of the Members of the Senate to the Speaker of the House of Representatives and the President Pro Tempore of the Senate Requesting that the General Assembly Convene in Extraordinary Session,,NON,AGAINST,19,0,2,0,17
Nevada,Emmet Rural,Issue No. 1: A Constitutional Amendment to allow the General Assembly to Convene in Extraordinary Session Upon the Issuance of a Joint Written Proclamation of the Speaker of the House of Representatives and the President Pro Tempore of the Senate or Upon the Submission of a Written Proclamation Containing the Signatures of At Least Two-Thirds (2/3) of the Members of the House of Representatives and At Least Two-Thirds (2/3) of the Members of the Senate to the Speaker of the House of Representatives and the President Pro Tempore of the Senate Requesting that the General Assembly Convene in Extraordinary Session,,NON,AGAINST,37,0,14,1,22
Nevada,Part Willisville Rural,Issue No. 1: A Constitutional Amendment to allow the General Assembly to Convene in Extraordinary Session Upon the Issuance of a Joint Written Proclamation of the Speaker of the House of Representatives and the President Pro Tempore of the Senate or Upon the Submission of a Written Proclamation Containing the Signatures of At Least Two-Thirds (2/3) of the Members of the House of Representatives and At Least Two-Thirds (2/3) of the Members of the Senate to the Speaker of the House of Representatives and the President Pro Tempore of the Senate Requesting that the General Assembly Convene in Extraordinary Session,,NON,AGAINST,6,0,5,1,0
Nevada,Bluff City City & Rural,Issue No. 2: A Constitutional Amendment to Reform Certain Measures Presented to Voters, to be Known as the 'Constitutional Amendment and Ballot Initiative Reform Amendment',NON,FOR,32,0,7,0,25
Nevada,Bodcaw City & Part Rural,Issue No. 2: A Constitutional Amendment to Reform Certain Measures Presented to Voters, to be Known as the 'Constitutional Amendment and Ballot Initiative Reform Amendment',NON,FOR,91,0,32,2,57
Nevada,Emmet City,Issue No. 2: A Constitutional Amendment to Reform Certain Measures Presented to Voters, to be Known as the 'Constitutional Amendment and Ballot Initiative Reform Amendment',NON,FOR,42,0,14,3,25
Nevada,Georgia,Issue No. 2: A Constitutional Amendment to Reform Certain Measures Presented to Voters, to be Known as the 'Constitutional Amendment and Ballot Initiative Reform Amendment',NON,FOR,35,1,9,0,25
Nevada,Laneburg,Issue No. 2: A Constitutional Amendment to Reform Certain Measures Presented to Voters, to be Known as the 'Constitutional Amendment and Ballot Initiative Reform Amendment',NON,FOR,72,0,26,2,44
Nevada,Rosston City & Part Rural,Issue No. 2: A Constitutional Amendment to Reform Certain Measures Presented to Voters, to be Known as the 'Constitutional Amendment and Ballot Initiative Reform Amendment',NON,FOR,36,0,2,2,32
Nevada,Willisville City & Part Rural,Issue No. 2: A Constitutional Amendment to Reform Certain Measures Presented to Voters, to be Known as the 'Constitutional Amendment and Ballot Initiative Reform Amendment',NON,FOR,55,0,9,0,46
Nevada,East & West Rural,Issue No. 2: A Constitutional Amendment to Reform Certain Measures Presented to Voters, to be Known as the 'Constitutional Amendment and Ballot Initiative Reform Amendment',NON,FOR,277,0,129,9,139
Nevada,"Ward 1,2,3,4",Issue No. 2: A Constitutional Amendment to Reform Certain Measures Presented to Voters, to be Known as the 'Constitutional Amendment and Ballot Initiative Reform Amendment',NON,FOR,301,0,155,16,130
Nevada,PART BODCAW RURAL,Issue No. 2: A Constitutional Amendment to Reform Certain Measures Presented to Voters, to be Known as the 'Constitutional Amendment and Ballot Initiative Reform Amendment',NON,FOR,47,3,13,0,31
Nevada,Part Rosston Rural,Issue No. 2: A Constitutional Amendment to Reform Certain Measures Presented to Voters, to be Known as the 'Constitutional Amendment and Ballot Initiative Reform Amendment',NON,FOR,10,0,2,0,8
Nevada,Emmet Rural,Issue No. 2: A Constitutional Amendment to Reform Certain Measures Presented to Voters, to be Known as the 'Constitutional Amendment and Ballot Initiative Reform Amendment',NON,FOR,29,0,8,1,20
Nevada,Part Willisville Rural,Issue No. 2: A Constitutional Amendment to Reform Certain Measures Presented to Voters, to be Known as the 'Constitutional Amendment and Ballot Initiative Reform Amendment',NON,FOR,4,0,4,0,0
Nevada,Bluff City City & Rural,Issue No. 2: A Constitutional Amendment to Reform Certain Measures Presented to Voters, to be Known as the 'Constitutional Amendment and Ballot Initiative Reform Amendment',NON,AGAINST,48,0,14,0,34
Nevada,Bodcaw City & Part Rural,Issue No. 2: A Constitutional Amendment to Reform Certain Measures Presented to Voters, to be Known as the 'Constitutional Amendment and Ballot Initiative Reform Amendment',NON,AGAINST,96,0,27,2,67
Nevada,Emmet City,Issue No. 2: A Constitutional Amendment to Reform Certain Measures Presented to Voters, to be Known as the 'Constitutional Amendment and Ballot Initiative Reform Amendment',NON,AGAINST,79,0,28,2,49
Nevada,Georgia,Issue No. 2: A Constitutional Amendment to Reform Certain Measures Presented to Voters, to be Known as the 'Constitutional Amendment and Ballot Initiative Reform Amendment',NON,AGAINST,47,2,12,1,32
Nevada,Laneburg,Issue No. 2: A Constitutional Amendment to Reform Certain Measures Presented to Voters, to be Known as the 'Constitutional Amendment and Ballot Initiative Reform Amendment',NON,AGAINST,74,0,29,1,44
Nevada,Rosston City & Part Rural,Issue No. 2: A Constitutional Amendment to Reform Certain Measures Presented to Voters, to be Known as the 'Constitutional Amendment and Ballot Initiative Reform Amendment',NON,AGAINST,77,0,11,1,65
Nevada,Willisville City & Part Rural,Issue No. 2: A Constitutional Amendment to Reform Certain Measures Presented to Voters, to be Known as the 'Constitutional Amendment and Ballot Initiative Reform Amendment',NON,AGAINST,101,0,17,0,84
Nevada,East & West Rural,Issue No. 2: A Constitutional Amendment to Reform Certain Measures Presented to Voters, to be Known as the 'Constitutional Amendment and Ballot Initiative Reform Amendment',NON,AGAINST,354,0,198,14,142
Nevada,"Ward 1,2,3,4",Issue No. 2: A Constitutional Amendment to Reform Certain Measures Presented to Voters, to be Known as the 'Constitutional Amendment and Ballot Initiative Reform Amendment',NON,AGAINST,360,0,205,21,134
Nevada,PART BODCAW RURAL,Issue No. 2: A Constitutional Amendment to Reform Certain Measures Presented to Voters, to be Known as the 'Constitutional Amendment and Ballot Initiative Reform Amendment',NON,AGAINST,46,1,13,1,31
Nevada,Part Rosston Rural,Issue No. 2: A Constitutional Amendment to Reform Certain Measures Presented to Voters, to be Known as the 'Constitutional Amendment and Ballot Initiative Reform Amendment',NON,AGAINST,23,0,2,0,21
Nevada,Emmet Rural,Issue No. 2: A Constitutional Amendment to Reform Certain Measures Presented to Voters, to be Known as the 'Constitutional Amendment and Ballot Initiative Reform Amendment',NON,AGAINST,29,0,12,0,17
Nevada,Part Willisville Rural,Issue No. 2: A Constitutional Amendment to Reform Certain Measures Presented to Voters, to be Known as the 'Constitutional Amendment and Ballot Initiative Reform Amendment',NON,AGAINST,5,0,4,1,0
Nevada,Bluff City City & Rural,Issue No. 3: A Constitutional Amendment to Create the 'Arkansas Religious Freedom Amendment',,NON,FOR,40,0,12,0,28
Nevada,Bodcaw City & Part Rural,Issue No. 3: A Constitutional Amendment to Create the 'Arkansas Religious Freedom Amendment',,NON,FOR,88,0,31,1,56
Nevada,Emmet City,Issue No. 3: A Constitutional Amendment to Create the 'Arkansas Religious Freedom Amendment',,NON,FOR,55,0,18,3,34
Nevada,Georgia,Issue No. 3: A Constitutional Amendment to Create the 'Arkansas Religious Freedom Amendment',,NON,FOR,37,1,11,0,25
Nevada,Laneburg,Issue No. 3: A Constitutional Amendment to Create the 'Arkansas Religious Freedom Amendment',,NON,FOR,73,0,26,3,44
Nevada,Rosston City & Part Rural,Issue No. 3: A Constitutional Amendment to Create the 'Arkansas Religious Freedom Amendment',,NON,FOR,59,0,5,0,54
Nevada,Willisville City & Part Rural,Issue No. 3: A Constitutional Amendment to Create the 'Arkansas Religious Freedom Amendment',,NON,FOR,76,0,15,0,61
Nevada,East & West Rural,Issue No. 3: A Constitutional Amendment to Create the 'Arkansas Religious Freedom Amendment',,NON,FOR,310,0,155,15,140
Nevada,"Ward 1,2,3,4",Issue No. 3: A Constitutional Amendment to Create the 'Arkansas Religious Freedom Amendment',,NON,FOR,397,0,207,26,164
Nevada,PART BODCAW RURAL,Issue No. 3: A Constitutional Amendment to Create the 'Arkansas Religious Freedom Amendment',,NON,FOR,50,4,13,0,33
Nevada,Part Rosston Rural,Issue No. 3: A Constitutional Amendment to Create the 'Arkansas Religious Freedom Amendment',,NON,FOR,14,0,2,0,12
Nevada,Emmet Rural,Issue No. 3: A Constitutional Amendment to Create the 'Arkansas Religious Freedom Amendment',,NON,FOR,36,0,8,0,28
Nevada,Part Willisville Rural,Issue No. 3: A Constitutional Amendment to Create the 'Arkansas Religious Freedom Amendment',,NON,FOR,5,0,5,0,0
Nevada,Bluff City City & Rural,Issue No. 3: A Constitutional Amendment to Create the 'Arkansas Religious Freedom Amendment',,NON,AGAINST,38,0,9,0,29
Nevada,Bodcaw City & Part Rural,Issue No. 3: A Constitutional Amendment to Create the 'Arkansas Religious Freedom Amendment',,NON,AGAINST,100,0,28,3,69
Nevada,Emmet City,Issue No. 3: A Constitutional Amendment to Create the 'Arkansas Religious Freedom Amendment',,NON,AGAINST,65,0,25,2,38
Nevada,Georgia,Issue No. 3: A Constitutional Amendment to Create the 'Arkansas Religious Freedom Amendment',,NON,AGAINST,41,2,9,1,29
Nevada,Laneburg,Issue No. 3: A Constitutional Amendment to Create the 'Arkansas Religious Freedom Amendment',,NON,AGAINST,75,0,29,0,46
Nevada,Rosston City & Part Rural,Issue No. 3: A Constitutional Amendment to Create the 'Arkansas Religious Freedom Amendment',,NON,AGAINST,54,0,10,3,41
Nevada,Willisville City & Part Rural,Issue No. 3: A Constitutional Amendment to Create the 'Arkansas Religious Freedom Amendment',,NON,AGAINST,83,0,11,0,72
Nevada,East & West Rural,Issue No. 3: A Constitutional Amendment to Create the 'Arkansas Religious Freedom Amendment',,NON,AGAINST,320,0,173,8,139
Nevada,"Ward 1,2,3,4",Issue No. 3: A Constitutional Amendment to Create the 'Arkansas Religious Freedom Amendment',,NON,AGAINST,277,0,161,10,106
Nevada,PART BODCAW RURAL,Issue No. 3: A Constitutional Amendment to Create the 'Arkansas Religious Freedom Amendment',,NON,AGAINST,44,0,13,1,30
Nevada,Part Rosston Rural,Issue No. 3: A Constitutional Amendment to Create the 'Arkansas Religious Freedom Amendment',,NON,AGAINST,17,0,2,0,15
Nevada,Emmet Rural,Issue No. 3: A Constitutional Amendment to Create the 'Arkansas Religious Freedom Amendment',,NON,AGAINST,23,0,12,1,10
Nevada,Part Willisville Rural,Issue No. 3: A Constitutional Amendment to Create the 'Arkansas Religious Freedom Amendment',,NON,AGAINST,4,0,3,1,0
Nevada,Bluff City City & Rural,Issue No. 4: An Amendment to Authorize the Possession, Personal Use,NON,FOR,33,0,6,0,27
Nevada,Bodcaw City & Part Rural,Issue No. 4: An Amendment to Authorize the Possession, Personal Use,NON,FOR,58,0,14,1,43
Nevada,Emmet City,Issue No. 4: An Amendment to Authorize the Possession, Personal Use,NON,FOR,43,0,16,0,27
Nevada,Georgia,Issue No. 4: An Amendment to Authorize the Possession, Personal Use,NON,FOR,26,1,9,0,16
Nevada,Laneburg,Issue No. 4: An Amendment to Authorize the Possession, Personal Use,NON,FOR,40,0,15,1,24
Nevada,Rosston City & Part Rural,Issue No. 4: An Amendment to Authorize the Possession, Personal Use,NON,FOR,61,0,8,3,50
Nevada,Willisville City & Part Rural,Issue No. 4: An Amendment to Authorize the Possession, Personal Use,NON,FOR,70,0,11,0,59
Nevada,East & West Rural,Issue No. 4: An Amendment to Authorize the Possession, Personal Use,NON,FOR,218,0,109,13,96
Nevada,"Ward 1,2,3,4",Issue No. 4: An Amendment to Authorize the Possession, Personal Use,NON,FOR,354,0,186,13,155
Nevada,PART BODCAW RURAL,Issue No. 4: An Amendment to Authorize the Possession, Personal Use,NON,FOR,30,1,12,1,16
Nevada,Part Rosston Rural,Issue No. 4: An Amendment to Authorize the Possession, Personal Use,NON,FOR,16,0,1,0,15
Nevada,Emmet Rural,Issue No. 4: An Amendment to Authorize the Possession, Personal Use,NON,FOR,26,0,5,0,21
Nevada,Part Willisville Rural,Issue No. 4: An Amendment to Authorize the Possession, Personal Use,NON,FOR,0,0,0,0,0
Nevada,Bluff City City & Rural,Issue No. 4: An Amendment to Authorize the Possession, Personal Use,NON,AGAINST,48,0,15,0,33
Nevada,Bodcaw City & Part Rural,Issue No. 4: An Amendment to Authorize the Possession, Personal Use,NON,AGAINST,132,0,47,3,82
Nevada,Emmet City,Issue No. 4: An Amendment to Authorize the Possession, Personal Use,NON,AGAINST,84,0,27,5,52
Nevada,Georgia,Issue No. 4: An Amendment to Authorize the Possession, Personal Use,NON,AGAINST,56,2,12,1,41
Nevada,Laneburg,Issue No. 4: An Amendment to Authorize the Possession, Personal Use,NON,AGAINST,108,0,40,2,66
Nevada,Rosston City & Part Rural,Issue No. 4: An Amendment to Authorize the Possession, Personal Use,NON,AGAINST,54,0,9,0,45
Nevada,Willisville City & Part Rural,Issue No. 4: An Amendment to Authorize the Possession, Personal Use,NON,AGAINST,93,0,15,0,78
Nevada,East & West Rural,Issue No. 4: An Amendment to Authorize the Possession, Personal Use,NON,AGAINST,430,0,228,12,190
Nevada,"Ward 1,2,3,4",Issue No. 4: An Amendment to Authorize the Possession, Personal Use,NON,AGAINST,338,0,187,24,127
Nevada,PART BODCAW RURAL,Issue No. 4: An Amendment to Authorize the Possession, Personal Use,NON,AGAINST,63,3,14,0,46
Nevada,Part Rosston Rural,Issue No. 4: An Amendment to Authorize the Possession, Personal Use,NON,AGAINST,17,0,3,0,14
Nevada,Emmet Rural,Issue No. 4: An Amendment to Authorize the Possession, Personal Use,NON,AGAINST,32,0,14,1,17
Nevada,Part Willisville Rural,Issue No. 4: An Amendment to Authorize the Possession, Personal Use,NON,AGAINST,9,0,8,1,0
