county,precinct,office,district,party,candidate,votes,early_vote,provisional_vote,absentee,election_day
Crawford,# 1,U.S. Senate,,DEM,Natalie James,466,371,0,5,90
Crawford,# 2,U.S. Senate,,DEM,Natalie James,237,110,0,23,104
Crawford,# 3,U.S. Senate,,DEM,Natalie James,194,101,0,8,85
Crawford,# 4,U.S. Senate,,DEM,Natalie James,289,163,0,4,122
Crawford,# 5 no school VB city,U.S. Senate,,DEM,Natalie James,247,154,0,8,85
Crawford,# 6 no school VB city,U.S. Senate,,DEM,Natalie James,163,89,0,5,69
Crawford,# 7,U.S. Senate,,DEM,Natalie James,138,64,0,3,71
Crawford,# 8,U.S. Senate,,DEM,Natalie James,195,128,0,6,61
Crawford,# 9,U.S. Senate,,DEM,Natalie James,225,123,0,6,96
Crawford,# 10,U.S. Senate,,DEM,Natalie James,241,156,0,3,82
Crawford,# 11,U.S. Senate,,DEM,Natalie James,245,166,0,7,72
Crawford,# 12,U.S. Senate,,DEM,Natalie James,206,92,0,7,107
Crawford,# 13,U.S. Senate,,DEM,Natalie James,279,112,0,9,158
Crawford,# 1,U.S. Senate,,LIB,Kenneth Cates,109,58,0,0,51
Crawford,# 2,U.S. Senate,,LIB,Kenneth Cates,60,19,0,1,40
Crawford,# 3,U.S. Senate,,LIB,Kenneth Cates,48,17,0,0,31
Crawford,# 4,U.S. Senate,,LIB,Kenneth Cates,48,21,0,0,27
Crawford,# 5 no school VB city,U.S. Senate,,LIB,Kenneth Cates,46,21,0,0,25
Crawford,# 6 no school VB city,U.S. Senate,,LIB,Kenneth Cates,29,16,0,0,13
Crawford,# 7,U.S. Senate,,LIB,Kenneth Cates,29,7,0,0,22
Crawford,# 8,U.S. Senate,,LIB,Kenneth Cates,40,17,0,0,23
Crawford,# 9,U.S. Senate,,LIB,Kenneth Cates,43,19,0,0,24
Crawford,# 10,U.S. Senate,,LIB,Kenneth Cates,60,31,0,0,29
Crawford,# 11,U.S. Senate,,LIB,Kenneth Cates,43,21,0,1,21
Crawford,# 12,U.S. Senate,,LIB,Kenneth Cates,55,25,0,0,30
Crawford,# 13,U.S. Senate,,LIB,Kenneth Cates,50,14,0,0,36
Crawford,# 1,U.S. Senate,,REP,Senator John Boozman,2246,1401,0,14,831
Crawford,# 2,U.S. Senate,,REP,Senator John Boozman,1238,564,0,22,652
Crawford,# 3,U.S. Senate,,REP,Senator John Boozman,776,409,0,18,349
Crawford,# 4,U.S. Senate,,REP,Senator John Boozman,1007,475,0,19,513
Crawford,# 5 no school VB city,U.S. Senate,,REP,Senator John Boozman,909,464,0,29,416
Crawford,# 6 no school VB city,U.S. Senate,,REP,Senator John Boozman,428,226,0,14,188
Crawford,# 7,U.S. Senate,,REP,Senator John Boozman,597,254,0,7,336
Crawford,# 8,U.S. Senate,,REP,Senator John Boozman,941,516,0,15,410
Crawford,# 9,U.S. Senate,,REP,Senator John Boozman,811,415,0,8,388
Crawford,# 10,U.S. Senate,,REP,Senator John Boozman,1448,837,0,11,600
Crawford,# 11,U.S. Senate,,REP,Senator John Boozman,1196,762,0,15,419
Crawford,# 12,U.S. Senate,,REP,Senator John Boozman,1136,543,0,10,583
Crawford,# 13,U.S. Senate,,REP,Senator John Boozman,1161,476,2,15,668
Crawford,# 1,U.S. Congress District 03,,DEM,Lauren Mallett-Hays,443,357,0,5,81
Crawford,# 2,U.S. Congress District 03,,DEM,Lauren Mallett-Hays,222,104,0,21,97
Crawford,# 3,U.S. Congress District 03,,DEM,Lauren Mallett-Hays,195,104,0,8,83
Crawford,# 4,U.S. Congress District 03,,DEM,Lauren Mallett-Hays,276,157,0,4,115
Crawford,# 5 no school VB city,U.S. Congress District 03,,DEM,Lauren Mallett-Hays,242,153,0,8,81
Crawford,# 6 no school VB city,U.S. Congress District 03,,DEM,Lauren Mallett-Hays,150,80,0,5,65
Crawford,# 7,U.S. Congress District 03,,DEM,Lauren Mallett-Hays,138,66,0,3,69
Crawford,# 8,U.S. Congress District 03,,DEM,Lauren Mallett-Hays,187,120,0,6,61
Crawford,# 9,U.S. Congress District 03,,DEM,Lauren Mallett-Hays,221,126,0,6,89
Crawford,# 10,U.S. Congress District 03,,DEM,Lauren Mallett-Hays,226,144,0,4,78
Crawford,# 11,U.S. Congress District 03,,DEM,Lauren Mallett-Hays,225,151,0,6,68
Crawford,# 12,U.S. Congress District 03,,DEM,Lauren Mallett-Hays,194,86,0,7,101
Crawford,# 13,U.S. Congress District 03,,DEM,Lauren Mallett-Hays,262,110,0,9,143
Crawford,# 1,U.S. Congress District 03,,LIB,Michael J. Kalagias,96,53,0,0,43
Crawford,# 2,U.S. Congress District 03,,LIB,Michael J. Kalagias,51,16,0,1,34
Crawford,# 3,U.S. Congress District 03,,LIB,Michael J. Kalagias,35,10,0,0,25
Crawford,# 4,U.S. Congress District 03,,LIB,Michael J. Kalagias,47,22,0,0,25
Crawford,# 5 no school VB city,U.S. Congress District 03,,LIB,Michael J. Kalagias,43,15,0,0,28
Crawford,# 6 no school VB city,U.S. Congress District 03,,LIB,Michael J. Kalagias,22,13,0,1,8
Crawford,# 7,U.S. Congress District 03,,LIB,Michael J. Kalagias,30,10,0,0,20
Crawford,# 8,U.S. Congress District 03,,LIB,Michael J. Kalagias,35,16,0,0,19
Crawford,# 9,U.S. Congress District 03,,LIB,Michael J. Kalagias,36,13,0,0,23
Crawford,# 10,U.S. Congress District 03,,LIB,Michael J. Kalagias,49,22,0,0,27
Crawford,# 11,U.S. Congress District 03,,LIB,Michael J. Kalagias,45,19,0,1,25
Crawford,# 12,U.S. Congress District 03,,LIB,Michael J. Kalagias,44,23,0,0,21
Crawford,# 13,U.S. Congress District 03,,LIB,Michael J. Kalagias,42,13,0,0,29
Crawford,# 1,U.S. Congress District 03,,REP,Congressman Steve Womack,2214,1372,0,14,828
Crawford,# 2,U.S. Congress District 03,,REP,Congressman Steve Womack,1238,564,0,24,650
Crawford,# 3,U.S. Congress District 03,,REP,Congressman Steve Womack,765,397,0,18,350
Crawford,# 4,U.S. Congress District 03,,REP,Congressman Steve Womack,1003,476,0,19,508
Crawford,# 5 no school VB city,U.S. Congress District 03,,REP,Congressman Steve Womack,903,465,0,29,409
Crawford,# 6 no school VB city,U.S. Congress District 03,,REP,Congressman Steve Womack,434,230,0,13,191
Crawford,# 7,U.S. Congress District 03,,REP,Congressman Steve Womack,581,245,0,7,329
Crawford,# 8,U.S. Congress District 03,,REP,Congressman Steve Womack,930,509,0,15,406
Crawford,# 9,U.S. Congress District 03,,REP,Congressman Steve Womack,793,399,0,8,386
Crawford,# 10,U.S. Congress District 03,,REP,Congressman Steve Womack,1456,844,0,10,602
Crawford,# 11,U.S. Congress District 03,,REP,Congressman Steve Womack,1188,761,0,16,411
Crawford,# 12,U.S. Congress District 03,,REP,Congressman Steve Womack,1121,534,0,10,577
Crawford,# 13,U.S. Congress District 03,,REP,Congressman Steve Womack,1136,457,2,14,663
Crawford,# 1,Governor,,LIB,"Ricky Dale Harrington, Jr.",51,27,0,0,24
Crawford,# 2,Governor,,LIB,"Ricky Dale Harrington, Jr.",33,10,0,1,22
Crawford,# 3,Governor,,LIB,"Ricky Dale Harrington, Jr.",21,5,0,0,16
Crawford,# 4,Governor,,LIB,"Ricky Dale Harrington, Jr.",22,9,0,2,11
Crawford,# 5 no school VB city,Governor,,LIB,"Ricky Dale Harrington, Jr.",39,16,0,0,23
Crawford,# 6 no school VB city,Governor,,LIB,"Ricky Dale Harrington, Jr.",19,6,0,0,13
Crawford,# 7,Governor,,LIB,"Ricky Dale Harrington, Jr.",19,5,0,0,14
Crawford,# 8,Governor,,LIB,"Ricky Dale Harrington, Jr.",32,14,0,0,18
Crawford,# 9,Governor,,LIB,"Ricky Dale Harrington, Jr.",21,6,0,0,15
Crawford,# 10,Governor,,LIB,"Ricky Dale Harrington, Jr.",33,16,0,0,17
Crawford,# 11,Governor,,LIB,"Ricky Dale Harrington, Jr.",24,11,0,1,12
Crawford,# 12,Governor,,LIB,"Ricky Dale Harrington, Jr.",29,9,0,0,20
Crawford,# 13,Governor,,LIB,"Ricky Dale Harrington, Jr.",24,5,0,0,19
Crawford,# 1,Governor,,DEM,Chris Jones,550,423,0,6,121
Crawford,# 2,Governor,,DEM,Chris Jones,298,133,0,21,144
Crawford,# 3,Governor,,DEM,Chris Jones,230,122,0,8,100
Crawford,# 4,Governor,,DEM,Chris Jones,370,201,0,5,164
Crawford,# 5 no school VB city,Governor,,DEM,Chris Jones,301,185,0,12,104
Crawford,# 6 no school VB city,Governor,,DEM,Chris Jones,188,106,0,5,77
Crawford,# 7,Governor,,DEM,Chris Jones,175,80,0,4,91
Crawford,# 8,Governor,,DEM,Chris Jones,229,145,0,7,77
Crawford,# 9,Governor,,DEM,Chris Jones,268,145,0,8,115
Crawford,# 10,Governor,,DEM,Chris Jones,277,180,0,3,94
Crawford,# 11,Governor,,DEM,Chris Jones,303,207,0,6,90
Crawford,# 12,Governor,,DEM,Chris Jones,270,137,0,7,126
Crawford,# 13,Governor,,DEM,Chris Jones,319,130,0,9,180
Crawford,# 1,Governor,,REP,Sarah Huckabee Sanders,2271,1401,0,12,858
Crawford,# 2,Governor,,REP,Sarah Huckabee Sanders,1225,559,0,23,643
Crawford,# 3,Governor,,REP,Sarah Huckabee Sanders,780,402,0,18,360
Crawford,# 4,Governor,,REP,Sarah Huckabee Sanders,971,460,0,15,496
Crawford,# 5 no school VB city,Governor,,REP,Sarah Huckabee Sanders,885,451,0,25,409
Crawford,# 6 no school VB city,Governor,,REP,Sarah Huckabee Sanders,424,223,0,14,187
Crawford,# 7,Governor,,REP,Sarah Huckabee Sanders,585,247,0,6,332
Crawford,# 8,Governor,,REP,Sarah Huckabee Sanders,930,509,0,14,407
Crawford,# 9,Governor,,REP,Sarah Huckabee Sanders,802,411,0,6,385
Crawford,# 10,Governor,,REP,Sarah Huckabee Sanders,1466,843,0,11,612
Crawford,# 11,Governor,,REP,Sarah Huckabee Sanders,1191,747,0,16,428
Crawford,# 12,Governor,,REP,Sarah Huckabee Sanders,1120,523,0,10,587
Crawford,# 13,Governor,,REP,Sarah Huckabee Sanders,1164,470,2,15,677
Crawford,# 1,Lieutenant Governor,,DEM,Kelly Ross Krout,492,388,0,5,99
Crawford,# 2,Lieutenant Governor,,DEM,Kelly Ross Krout,247,120,0,22,105
Crawford,# 3,Lieutenant Governor,,DEM,Kelly Ross Krout,205,107,0,8,90
Crawford,# 4,Lieutenant Governor,,DEM,Kelly Ross Krout,316,176,0,5,135
Crawford,# 5 no school VB city,Lieutenant Governor,,DEM,Kelly Ross Krout,250,155,0,6,89
Crawford,# 6 no school VB city,Lieutenant Governor,,DEM,Kelly Ross Krout,152,82,0,5,65
Crawford,# 7,Lieutenant Governor,,DEM,Kelly Ross Krout,146,69,0,4,73
Crawford,# 8,Lieutenant Governor,,DEM,Kelly Ross Krout,197,129,0,6,62
Crawford,# 9,Lieutenant Governor,,DEM,Kelly Ross Krout,235,132,0,7,96
Crawford,# 10,Lieutenant Governor,,DEM,Kelly Ross Krout,240,155,0,4,81
Crawford,# 11,Lieutenant Governor,,DEM,Kelly Ross Krout,250,170,0,7,73
Crawford,# 12,Lieutenant Governor,,DEM,Kelly Ross Krout,218,105,0,7,106
Crawford,# 13,Lieutenant Governor,,DEM,Kelly Ross Krout,274,111,0,9,154
Crawford,# 1,Lieutenant Governor,,REP,Attorney General Leslie Rutledge,2132,1314,0,14,804
Crawford,# 2,Lieutenant Governor,,REP,Attorney General Leslie Rutledge,1216,553,0,24,639
Crawford,# 3,Lieutenant Governor,,REP,Attorney General Leslie Rutledge,750,392,0,18,340
Crawford,# 4,Lieutenant Governor,,REP,Attorney General Leslie Rutledge,937,452,0,16,469
Crawford,# 5 no school VB city,Lieutenant Governor,,REP,Attorney General Leslie Rutledge,885,455,0,30,400
Crawford,# 6 no school VB city,Lieutenant Governor,,REP,Attorney General Leslie Rutledge,425,226,0,14,185
Crawford,# 7,Lieutenant Governor,,REP,Attorney General Leslie Rutledge,556,234,0,5,317
Crawford,# 8,Lieutenant Governor,,REP,Attorney General Leslie Rutledge,898,489,0,15,394
Crawford,# 9,Lieutenant Governor,,REP,Attorney General Leslie Rutledge,765,386,0,7,372
Crawford,# 10,Lieutenant Governor,,REP,Attorney General Leslie Rutledge,1402,809,0,10,583
Crawford,# 11,Lieutenant Governor,,REP,Attorney General Leslie Rutledge,1133,714,0,15,404
Crawford,# 12,Lieutenant Governor,,REP,Attorney General Leslie Rutledge,1075,514,0,10,551
Crawford,# 13,Lieutenant Governor,,REP,Attorney General Leslie Rutledge,1092,446,2,15,629
Crawford,# 1,Lieutenant Governor,,LIB,Frank Gilbert,117,73,0,0,44
Crawford,# 2,Lieutenant Governor,,LIB,Frank Gilbert,46,12,0,0,34
Crawford,# 3,Lieutenant Governor,,LIB,Frank Gilbert,45,17,0,0,28
Crawford,# 4,Lieutenant Governor,,LIB,Frank Gilbert,60,22,0,0,38
Crawford,# 5 no school VB city,Lieutenant Governor,,LIB,Frank Gilbert,51,22,0,1,28
Crawford,# 6 no school VB city,Lieutenant Governor,,LIB,Frank Gilbert,24,10,0,0,14
Crawford,# 7,Lieutenant Governor,,LIB,Frank Gilbert,45,18,0,1,26
Crawford,# 8,Lieutenant Governor,,LIB,Frank Gilbert,58,31,0,0,27
Crawford,# 9,Lieutenant Governor,,LIB,Frank Gilbert,37,15,0,0,22
Crawford,# 10,Lieutenant Governor,,LIB,Frank Gilbert,74,39,0,0,35
Crawford,# 11,Lieutenant Governor,,LIB,Frank Gilbert,56,36,0,1,19
Crawford,# 12,Lieutenant Governor,,LIB,Frank Gilbert,68,28,0,0,40
Crawford,# 13,Lieutenant Governor,,LIB,Frank Gilbert,69,25,0,0,44
Crawford,# 1,Attorney General,,REP,Lieutenant Governor Tim Griffin,2187,1337,0,15,835
Crawford,# 2,Attorney General,,REP,Lieutenant Governor Tim Griffin,1231,550,0,27,654
Crawford,# 3,Attorney General,,REP,Lieutenant Governor Tim Griffin,778,407,0,17,354
Crawford,# 4,Attorney General,,REP,Lieutenant Governor Tim Griffin,993,473,0,19,501
Crawford,# 5 no school VB city,Attorney General,,REP,Lieutenant Governor Tim Griffin,904,458,0,28,418
Crawford,# 6 no school VB city,Attorney General,,REP,Lieutenant Governor Tim Griffin,437,236,0,14,187
Crawford,# 7,Attorney General,,REP,Lieutenant Governor Tim Griffin,587,241,0,6,340
Crawford,# 8,Attorney General,,REP,Lieutenant Governor Tim Griffin,919,497,0,17,405
Crawford,# 9,Attorney General,,REP,Lieutenant Governor Tim Griffin,785,396,0,6,383
Crawford,# 10,Attorney General,,REP,Lieutenant Governor Tim Griffin,1453,838,0,10,605
Crawford,# 11,Attorney General,,REP,Lieutenant Governor Tim Griffin,1172,738,0,16,418
Crawford,# 12,Attorney General,,REP,Lieutenant Governor Tim Griffin,1103,531,0,10,562
Crawford,# 13,Attorney General,,REP,Lieutenant Governor Tim Griffin,1127,452,2,14,659
Crawford,# 1,Attorney General,,DEM,Jesse Gibson,496,385,0,4,107
Crawford,# 2,Attorney General,,DEM,Jesse Gibson,241,115,0,19,107
Crawford,# 3,Attorney General,,DEM,Jesse Gibson,202,106,0,9,87
Crawford,# 4,Attorney General,,DEM,Jesse Gibson,302,165,0,4,133
Crawford,# 5 no school VB city,Attorney General,,DEM,Jesse Gibson,259,160,0,9,90
Crawford,# 6 no school VB city,Attorney General,,DEM,Jesse Gibson,149,78,0,5,66
Crawford,# 7,Attorney General,,DEM,Jesse Gibson,151,69,0,4,78
Crawford,# 8,Attorney General,,DEM,Jesse Gibson,206,132,0,4,70
Crawford,# 9,Attorney General,,DEM,Jesse Gibson,244,133,0,8,103
Crawford,# 10,Attorney General,,DEM,Jesse Gibson,225,146,0,4,75
Crawford,# 11,Attorney General,,DEM,Jesse Gibson,245,166,0,7,72
Crawford,# 12,Attorney General,,DEM,Jesse Gibson,226,98,0,7,121
Crawford,# 13,Attorney General,,DEM,Jesse Gibson,286,113,0,9,164
Crawford,# 1,Secretary of State,,DEM,Anna Beth Gorman,542,424,0,6,112
Crawford,# 2,Secretary of State,,DEM,Anna Beth Gorman,266,125,0,20,121
Crawford,# 3,Secretary of State,,DEM,Anna Beth Gorman,221,113,0,9,99
Crawford,# 4,Secretary of State,,DEM,Anna Beth Gorman,324,174,0,5,145
Crawford,# 5 no school VB city,Secretary of State,,DEM,Anna Beth Gorman,287,172,0,8,107
Crawford,# 6 no school VB city,Secretary of State,,DEM,Anna Beth Gorman,166,93,0,6,67
Crawford,# 7,Secretary of State,,DEM,Anna Beth Gorman,158,72,0,4,82
Crawford,# 8,Secretary of State,,DEM,Anna Beth Gorman,223,141,0,6,76
Crawford,# 9,Secretary of State,,DEM,Anna Beth Gorman,261,140,0,8,113
Crawford,# 10,Secretary of State,,DEM,Anna Beth Gorman,264,174,0,4,86
Crawford,# 11,Secretary of State,,DEM,Anna Beth Gorman,253,170,0,8,75
Crawford,# 12,Secretary of State,,DEM,Anna Beth Gorman,247,114,0,7,126
Crawford,# 13,Secretary of State,,DEM,Anna Beth Gorman,305,124,0,9,172
Crawford,# 1,Secretary of State,,REP,Secretary of State John Thurston,2254,1372,0,13,869
Crawford,# 2,Secretary of State,,REP,Secretary of State John Thurston,1267,567,0,26,674
Crawford,# 3,Secretary of State,,REP,Secretary of State John Thurston,792,410,0,16,366
Crawford,# 4,Secretary of State,,REP,Secretary of State John Thurston,1021,491,0,17,513
Crawford,# 5 no school VB city,Secretary of State,,REP,Secretary of State John Thurston,918,471,0,29,418
Crawford,# 6 no school VB city,Secretary of State,,REP,Secretary of State John Thurston,457,240,0,13,204
Crawford,# 7,Secretary of State,,REP,Secretary of State John Thurston,607,255,0,6,346
Crawford,# 8,Secretary of State,,REP,Secretary of State John Thurston,943,514,0,15,414
Crawford,# 9,Secretary of State,,REP,Secretary of State John Thurston,812,411,0,6,395
Crawford,# 10,Secretary of State,,REP,Secretary of State John Thurston,1489,848,0,10,631
Crawford,# 11,Secretary of State,,REP,Secretary of State John Thurston,1232,778,0,14,440
Crawford,# 12,Secretary of State,,REP,Secretary of State John Thurston,1142,541,0,10,591
Crawford,# 13,Secretary of State,,REP,Secretary of State John Thurston,1165,467,2,14,682
Crawford,# 1,State Treasurer,,REP,State Representative Mark Lowery,2237,1355,0,15,867
Crawford,# 2,State Treasurer,,REP,State Representative Mark Lowery,1243,548,0,23,672
Crawford,# 3,State Treasurer,,REP,State Representative Mark Lowery,796,418,0,17,361
Crawford,# 4,State Treasurer,,REP,State Representative Mark Lowery,1001,475,0,18,508
Crawford,# 5 no school VB city,State Treasurer,,REP,State Representative Mark Lowery,909,467,0,28,414
Crawford,# 6 no school VB city,State Treasurer,,REP,State Representative Mark Lowery,446,236,0,12,198
Crawford,# 7,State Treasurer,,REP,State Representative Mark Lowery,603,254,0,6,343
Crawford,# 8,State Treasurer,,REP,State Representative Mark Lowery,930,501,0,15,414
Crawford,# 9,State Treasurer,,REP,State Representative Mark Lowery,804,406,0,7,391
Crawford,# 10,State Treasurer,,REP,State Representative Mark Lowery,1468,835,0,10,623
Crawford,# 11,State Treasurer,,REP,State Representative Mark Lowery,1200,757,0,15,428
Crawford,# 12,State Treasurer,,REP,State Representative Mark Lowery,1134,532,0,10,592
Crawford,# 13,State Treasurer,,REP,State Representative Mark Lowery,1161,463,2,14,682
Crawford,# 1,State Treasurer,,DEM,Pam Whitaker,549,435,0,4,110
Crawford,# 2,State Treasurer,,DEM,Pam Whitaker,278,137,0,23,118
Crawford,# 3,State Treasurer,,DEM,Pam Whitaker,216,108,0,9,99
Crawford,# 4,State Treasurer,,DEM,Pam Whitaker,327,183,0,4,140
Crawford,# 5 no school VB city,State Treasurer,,DEM,Pam Whitaker,282,166,0,9,107
Crawford,# 6 no school VB city,State Treasurer,,DEM,Pam Whitaker,169,92,0,7,70
Crawford,# 7,State Treasurer,,DEM,Pam Whitaker,157,67,0,4,86
Crawford,# 8,State Treasurer,,DEM,Pam Whitaker,242,155,0,6,81
Crawford,# 9,State Treasurer,,DEM,Pam Whitaker,263,145,0,7,111
Crawford,# 10,State Treasurer,,DEM,Pam Whitaker,271,177,0,4,90
Crawford,# 11,State Treasurer,,DEM,Pam Whitaker,257,176,0,8,73
Crawford,# 12,State Treasurer,,DEM,Pam Whitaker,247,115,0,7,125
Crawford,# 13,State Treasurer,,DEM,Pam Whitaker,305,123,0,9,173
Crawford,# 1,Auditor of State,,REP,Treasurer of State Dennis Milligan,2231,1359,0,16,856
Crawford,# 2,Auditor of State,,REP,Treasurer of State Dennis Milligan,1245,560,0,25,660
Crawford,# 3,Auditor of State,,REP,Treasurer of State Dennis Milligan,777,412,0,17,348
Crawford,# 4,Auditor of State,,REP,Treasurer of State Dennis Milligan,1006,485,0,15,506
Crawford,# 5 no school VB city,Auditor of State,,REP,Treasurer of State Dennis Milligan,916,473,0,28,415
Crawford,# 6 no school VB city,Auditor of State,,REP,Treasurer of State Dennis Milligan,442,235,0,15,192
Crawford,# 7,Auditor of State,,REP,Treasurer of State Dennis Milligan,592,251,0,7,334
Crawford,# 8,Auditor of State,,REP,Treasurer of State Dennis Milligan,917,500,0,15,402
Crawford,# 9,Auditor of State,,REP,Treasurer of State Dennis Milligan,795,404,0,7,384
Crawford,# 10,Auditor of State,,REP,Treasurer of State Dennis Milligan,1467,848,0,11,608
Crawford,# 11,Auditor of State,,REP,Treasurer of State Dennis Milligan,1190,754,0,13,423
Crawford,# 12,Auditor of State,,REP,Treasurer of State Dennis Milligan,1121,532,0,10,579
Crawford,# 13,Auditor of State,,REP,Treasurer of State Dennis Milligan,1140,455,2,15,668
Crawford,# 1,Auditor of State,,LIB,Simeon Snow,128,85,0,0,43
Crawford,# 2,Auditor of State,,LIB,Simeon Snow,62,20,0,1,41
Crawford,# 3,Auditor of State,,LIB,Simeon Snow,53,16,0,3,34
Crawford,# 4,Auditor of State,,LIB,Simeon Snow,54,24,0,0,30
Crawford,# 5 no school VB city,Auditor of State,,LIB,Simeon Snow,57,22,0,1,34
Crawford,# 6 no school VB city,Auditor of State,,LIB,Simeon Snow,37,18,0,1,18
Crawford,# 7,Auditor of State,,LIB,Simeon Snow,29,7,0,0,22
Crawford,# 8,Auditor of State,,LIB,Simeon Snow,57,33,0,0,24
Crawford,# 9,Auditor of State,,LIB,Simeon Snow,52,24,0,0,28
Crawford,# 10,Auditor of State,,LIB,Simeon Snow,73,34,0,0,39
Crawford,# 11,Auditor of State,,LIB,Simeon Snow,54,24,0,1,29
Crawford,# 12,Auditor of State,,LIB,Simeon Snow,67,29,0,0,38
Crawford,# 13,Auditor of State,,LIB,Simeon Snow,73,28,0,0,45
Crawford,# 1,Auditor of State,,DEM,Diamond Arnold-Johnson,415,329,0,3,83
Crawford,# 2,Auditor of State,,DEM,Diamond Arnold-Johnson,219,108,0,20,91
Crawford,# 3,Auditor of State,,DEM,Diamond Arnold-Johnson,177,93,0,5,79
Crawford,# 4,Auditor of State,,DEM,Diamond Arnold-Johnson,275,152,0,5,118
Crawford,# 5 no school VB city,Auditor of State,,DEM,Diamond Arnold-Johnson,227,142,0,8,77
Crawford,# 6 no school VB city,Auditor of State,,DEM,Diamond Arnold-Johnson,144,80,0,3,61
Crawford,# 7,Auditor of State,,DEM,Diamond Arnold-Johnson,138,63,0,3,72
Crawford,# 8,Auditor of State,,DEM,Diamond Arnold-Johnson,189,121,0,6,62
Crawford,# 9,Auditor of State,,DEM,Diamond Arnold-Johnson,215,119,0,7,89
Crawford,# 10,Auditor of State,,DEM,Diamond Arnold-Johnson,202,135,0,3,64
Crawford,# 11,Auditor of State,,DEM,Diamond Arnold-Johnson,220,155,0,8,57
Crawford,# 12,Auditor of State,,DEM,Diamond Arnold-Johnson,191,88,0,7,96
Crawford,# 13,Auditor of State,,DEM,Diamond Arnold-Johnson,255,105,0,8,142
Crawford,# 1,Commissioner of State Lands,,REP,Tommy Land Commissioner of State Lands,2260,1378,0,15,867
Crawford,# 2,Commissioner of State Lands,,REP,Tommy Land Commissioner of State Lands,1281,565,0,28,688
Crawford,# 3,Commissioner of State Lands,,REP,Tommy Land Commissioner of State Lands,801,420,0,18,363
Crawford,# 4,Commissioner of State Lands,,REP,Tommy Land Commissioner of State Lands,1033,492,0,17,524
Crawford,# 5 no school VB city,Commissioner of State Lands,,REP,Tommy Land Commissioner of State Lands,929,478,0,29,422
Crawford,# 6 no school VB city,Commissioner of State Lands,,REP,Tommy Land Commissioner of State Lands,451,237,0,14,200
Crawford,# 7,Commissioner of State Lands,,REP,Tommy Land Commissioner of State Lands,610,253,0,7,350
Crawford,# 8,Commissioner of State Lands,,REP,Tommy Land Commissioner of State Lands,945,511,0,16,418
Crawford,# 9,Commissioner of State Lands,,REP,Tommy Land Commissioner of State Lands,816,412,0,7,397
Crawford,# 10,Commissioner of State Lands,,REP,Tommy Land Commissioner of State Lands,1495,853,0,11,631
Crawford,# 11,Commissioner of State Lands,,REP,Tommy Land Commissioner of State Lands,1220,766,0,15,439
Crawford,# 12,Commissioner of State Lands,,REP,Tommy Land Commissioner of State Lands,1142,545,0,10,587
Crawford,# 13,Commissioner of State Lands,,REP,Tommy Land Commissioner of State Lands,1168,468,2,14,684
Crawford,# 1,Commissioner of State Lands,,DEM,Darlene Goldi Gaines,480,378,0,4,98
Crawford,# 2,Commissioner of State Lands,,DEM,Darlene Goldi Gaines,234,118,0,18,98
Crawford,# 3,Commissioner of State Lands,,DEM,Darlene Goldi Gaines,202,100,0,7,95
Crawford,# 4,Commissioner of State Lands,,DEM,Darlene Goldi Gaines,293,167,0,4,122
Crawford,# 5 no school VB city,Commissioner of State Lands,,DEM,Darlene Goldi Gaines,259,154,0,7,98
Crawford,# 6 no school VB city,Commissioner of State Lands,,DEM,Darlene Goldi Gaines,162,89,0,5,68
Crawford,# 7,Commissioner of State Lands,,DEM,Darlene Goldi Gaines,150,67,0,3,80
Crawford,# 8,Commissioner of State Lands,,DEM,Darlene Goldi Gaines,206,135,0,5,66
Crawford,# 9,Commissioner of State Lands,,DEM,Darlene Goldi Gaines,239,135,0,7,97
Crawford,# 10,Commissioner of State Lands,,DEM,Darlene Goldi Gaines,238,159,0,3,76
Crawford,# 11,Commissioner of State Lands,,DEM,Darlene Goldi Gaines,235,159,0,7,69
Crawford,# 12,Commissioner of State Lands,,DEM,Darlene Goldi Gaines,227,101,0,7,119
Crawford,# 13,Commissioner of State Lands,,DEM,Darlene Goldi Gaines,284,116,0,9,159
Crawford,# 1,State Supreme Court Associate Justice Position 2,,NON,Judge Chris Carnahan,1250,835,0,3,412
Crawford,# 2,State Supreme Court Associate Justice Position 2,,NON,Judge Chris Carnahan,610,276,0,13,321
Crawford,# 3,State Supreme Court Associate Justice Position 2,,NON,Judge Chris Carnahan,417,218,0,14,185
Crawford,# 4,State Supreme Court Associate Justice Position 2,,NON,Judge Chris Carnahan,502,254,0,5,243
Crawford,# 5 no school VB city,State Supreme Court Associate Justice Position 2,,NON,Judge Chris Carnahan,484,251,0,18,215
Crawford,# 6 no school VB city,State Supreme Court Associate Justice Position 2,,NON,Judge Chris Carnahan,268,138,0,7,123
Crawford,# 7,State Supreme Court Associate Justice Position 2,,NON,Judge Chris Carnahan,316,139,0,3,174
Crawford,# 8,State Supreme Court Associate Justice Position 2,,NON,Judge Chris Carnahan,480,259,0,7,214
Crawford,# 9,State Supreme Court Associate Justice Position 2,,NON,Judge Chris Carnahan,409,215,0,4,190
Crawford,# 10,State Supreme Court Associate Justice Position 2,,NON,Judge Chris Carnahan,670,389,0,5,276
Crawford,# 11,State Supreme Court Associate Justice Position 2,,NON,Judge Chris Carnahan,593,383,0,9,201
Crawford,# 12,State Supreme Court Associate Justice Position 2,,NON,Judge Chris Carnahan,547,260,0,4,283
Crawford,# 13,State Supreme Court Associate Justice Position 2,,NON,Judge Chris Carnahan,589,239,1,8,341
Crawford,# 1,State Supreme Court Associate Justice Position 2,,NON,Supreme Court Associate Justice Robin Wynne,1137,740,0,14,383
Crawford,# 2,State Supreme Court Associate Justice Position 2,,NON,Supreme Court Associate Justice Robin Wynne,688,307,0,26,355
Crawford,# 3,State Supreme Court Associate Justice Position 2,,NON,Supreme Court Associate Justice Robin Wynne,468,247,0,9,212
Crawford,# 4,State Supreme Court Associate Justice Position 2,,NON,Supreme Court Associate Justice Robin Wynne,638,311,0,10,317
Crawford,# 5 no school VB city,State Supreme Court Associate Justice Position 2,,NON,Supreme Court Associate Justice Robin Wynne,523,286,0,15,222
Crawford,# 6 no school VB city,State Supreme Court Associate Justice Position 2,,NON,Supreme Court Associate Justice Robin Wynne,291,161,0,10,120
Crawford,# 7,State Supreme Court Associate Justice Position 2,,NON,Supreme Court Associate Justice Robin Wynne,341,140,0,5,196
Crawford,# 8,State Supreme Court Associate Justice Position 2,,NON,Supreme Court Associate Justice Robin Wynne,524,304,0,11,209
Crawford,# 9,State Supreme Court Associate Justice Position 2,,NON,Supreme Court Associate Justice Robin Wynne,470,234,0,10,226
Crawford,# 10,State Supreme Court Associate Justice Position 2,,NON,Supreme Court Associate Justice Robin Wynne,786,462,0,7,317
Crawford,# 11,State Supreme Court Associate Justice Position 2,,NON,Supreme Court Associate Justice Robin Wynne,656,427,0,10,219
Crawford,# 12,State Supreme Court Associate Justice Position 2,,NON,Supreme Court Associate Justice Robin Wynne,612,293,0,12,307
Crawford,# 13,State Supreme Court Associate Justice Position 2,,NON,Supreme Court Associate Justice Robin Wynne,599,232,1,11,355
Crawford,# 1,State Senate,29,REP,Jim Petty,2457,1534,0,19,904
Crawford,# 2,State Senate,29,REP,Jim Petty,1369,619,0,35,715
Crawford,# 3,State Senate,29,REP,Jim Petty,913,474,0,21,418
Crawford,# 4,State Senate,29,REP,Jim Petty,1160,558,0,17,585
Crawford,# 5 no school VB city,State Senate,29,REP,Jim Petty,1062,547,0,34,481
Crawford,# 6 no school VB city,State Senate,29,REP,Jim Petty,541,280,0,15,246
Crawford,# 7,State Senate,29,REP,Jim Petty,682,284,0,8,390
Crawford,# 8,State Senate,29,REP,Jim Petty,1017,563,0,12,442
Crawford,# 9,State Senate,29,REP,Jim Petty,928,475,0,10,443
Crawford,# 10,State Senate,29,REP,Jim Petty,1571,913,0,11,647
Crawford,# 11,State Senate,29,REP,Jim Petty,1329,831,0,18,480
Crawford,# 12,State Senate,29,REP,Jim Petty,1223,579,0,14,630
Crawford,# 13,State Senate,29,REP,Jim Petty,1245,483,2,23,737
Crawford,# 1,State House,24,REP,Representative Charlene Fite,1684,811,0,19,854
Crawford,# 2,State House,24,REP,Representative Charlene Fite,728,296,0,22,410
Crawford,# 8,State House,24,REP,Representative Charlene Fite,987,553,0,13,421
Crawford,# 9,State House,24,REP,Representative Charlene Fite,814,408,0,8,398
Crawford,# 10,State House,24,REP,Representative Charlene Fite,1019,546,0,7,466
Crawford,# 11,State House,24,REP,Representative Charlene Fite,1277,806,0,18,453
Crawford,# 12,State House,24,REP,Representative Charlene Fite,725,403,0,9,313
Crawford,# 10,State House,25,DEM,Caitlin Oxford,88,69,0,2,17
Crawford,# 12,State House,25,DEM,Caitlin Oxford,107,37,0,2,68
Crawford,# 13,State House,25,DEM,Caitlin Oxford,313,139,0,9,165
Crawford,# 10,State House,25,REP,Chad Puryear,483,315,0,4,164
Crawford,# 12,State House,25,REP,Chad Puryear,435,151,0,3,281
Crawford,# 13,State House,25,REP,Chad Puryear,1196,509,2,15,670
Crawford,# 2,State House,48,REP,Ryan A. Rose,614,309,0,14,291
Crawford,# 3,State House,48,REP,Ryan A. Rose,894,467,0,21,406
Crawford,# 4,State House,48,REP,Ryan A. Rose,1775,551,0,18,1206
Crawford,# 5 no school VB city,State House,48,REP,Ryan A. Rose,1005,522,0,32,451
Crawford,# 6 no school VB city,State House,48,REP,Ryan A. Rose,526,274,0,16,236
Crawford,# 7,State House,48,REP,Ryan A. Rose,666,276,0,7,383
Crawford,# 9,State House,48,REP,Ryan A. Rose,83,51,0,2,30
Crawford,# 1,Circuit Clerk,,REP,REP Circuit Clerk Sharon  Blount -Ba,2514,1608,0,19,887
Crawford,# 2,Circuit Clerk,,REP,REP Circuit Clerk Sharon  Blount -Ba,1399,634,0,35,730
Crawford,# 3,Circuit Clerk,,REP,REP Circuit Clerk Sharon  Blount -Ba,934,486,0,21,427
Crawford,# 4,Circuit Clerk,,REP,REP Circuit Clerk Sharon  Blount -Ba,1202,584,0,18,600
Crawford,# 5 no school VB city,Circuit Clerk,,REP,REP Circuit Clerk Sharon  Blount -Ba,1090,565,0,33,492
Crawford,# 6 no school VB city,Circuit Clerk,,REP,REP Circuit Clerk Sharon  Blount -Ba,570,297,0,16,257
Crawford,# 7,Circuit Clerk,,REP,REP Circuit Clerk Sharon  Blount -Ba,711,298,0,7,406
Crawford,# 8,Circuit Clerk,,REP,REP Circuit Clerk Sharon  Blount -Ba,1049,578,0,16,455
Crawford,# 9,Circuit Clerk,,REP,REP Circuit Clerk Sharon  Blount -Ba,952,486,0,12,454
Crawford,# 10,Circuit Clerk,,REP,REP Circuit Clerk Sharon  Blount -Ba,1619,938,0,13,668
Crawford,# 11,Circuit Clerk,,REP,REP Circuit Clerk Sharon  Blount -Ba,1362,861,0,18,483
Crawford,# 12,Circuit Clerk,,REP,REP Circuit Clerk Sharon  Blount -Ba,1266,599,0,15,652
Crawford,# 13,Circuit Clerk,,REP,REP Circuit Clerk Sharon  Blount -Ba,1271,499,2,24,746
Crawford,# 1,Justice of Peace # 01 District # 1,,DEM,DEM Sherry Marshall,294,139,0,8,147
Crawford,# 1,Justice of Peace # 01 District # 1,,REP,REP Robert Kevin Arnold,1302,475,0,11,816
Crawford,# 13,Constable # 13 District # 13,,REP,"REP John ""Jake"" Parette",1150,473,2,13,662
Crawford,# 13,Constable # 13 District # 13,,DEM,DEM Travis Steele,334,149,0,11,174
Crawford,# 8,Mayor Alma,,NON,Gary O. Perry,105,63,0,3,39
Crawford,# 11,Mayor Alma,,NON,Gary O. Perry,178,122,0,4,52
Crawford,# 12,Mayor Alma,,NON,Gary O. Perry,23,17,0,0,6
Crawford,# 8,Mayor Alma,,NON,"Edward L. ""Eddie"" Wakefield",91,57,0,2,32
Crawford,# 11,Mayor Alma,,NON,"Edward L. ""Eddie"" Wakefield",193,124,0,1,68
Crawford,# 12,Mayor Alma,,NON,"Edward L. ""Eddie"" Wakefield",23,17,0,0,6
Crawford,# 8,Mayor Alma,,NON,Jerry Martin,70,42,0,1,27
Crawford,# 11,Mayor Alma,,NON,Jerry Martin,176,104,0,5,67
Crawford,# 12,Mayor Alma,,NON,Jerry Martin,9,6,0,0,3
Crawford,# 8,Mayor Alma,,NON,Jimmy Fincher,123,87,0,0,36
Crawford,# 11,Mayor Alma,,NON,Jimmy Fincher,277,173,0,0,104
Crawford,# 12,Mayor Alma,,NON,Jimmy Fincher,119,83,0,2,34
Crawford,# 8,Mayor Alma,,NON,Brent Gardner,41,20,0,0,21
Crawford,# 11,Mayor Alma,,NON,Brent Gardner,74,47,0,3,24
Crawford,# 12,Mayor Alma,,NON,Brent Gardner,12,6,0,0,6
Crawford,# 1,Mayor Cedarville,,NON,Brian Conger,109,34,0,1,74
Crawford,# 1,Mayor Cedarville,,NON,Deborah Pinkerton,307,108,0,2,197
Crawford,# 13,Mayor Chester,,NON,Lacy Hendrix,22,10,2,0,10
Crawford,# 13,Mayor Chester,,NON,Shannon Smith,21,11,0,0,10
Crawford,# 12,Mayor Dyer,,NON,Paul Brown,123,53,0,3,67
Crawford,# 12,Mayor Dyer,,NON,Robert Porter,139,65,0,0,74
Crawford,# 8,Mayor Kibler,,NON,Andrew Crow    Unopposed,299,146,0,5,148
Crawford,# 13,Mayor Mountainburg,,NON,Susan Wilson   Unopposed,140,39,0,0,101
Crawford,# 12,Mayor Mulberry,,NON,Gary D. Baxter Unopposed,389,115,0,5,269
Crawford,# 10,Mayor Rudy,,NON,James L. Jones Unopposed,56,36,0,0,20
Crawford,# 11,Mayor Rudy,,NON,James L. Jones Unopposed,4,1,0,0,3
Crawford,# 2,Mayor Van Buren,,NON,Joe Hurst Unopposed,329,155,0,10,164
Crawford,# 3,Mayor Van Buren,,NON,Joe Hurst Unopposed,728,388,0,13,327
Crawford,# 4,Mayor Van Buren,,NON,Joe Hurst Unopposed,1786,587,0,15,1184
Crawford,# 5 no school VB city,Mayor Van Buren,,NON,Joe Hurst Unopposed,1066,564,0,29,473
Crawford,# 6 no school VB city,Mayor Van Buren,,NON,Joe Hurst Unopposed,556,289,0,15,252
Crawford,# 7,Mayor Van Buren,,NON,Joe Hurst Unopposed,278,116,0,5,157
Crawford,# 9,Mayor Van Buren,,NON,Joe Hurst Unopposed,159,91,0,3,65
Crawford,# 8,City Clerk/Treasurer Alma,,NON,Khristopher Miller Unopposed,331,208,0,4,119
Crawford,# 11,City Clerk/Treasurer Alma,,NON,Khristopher Miller Unopposed,716,455,0,13,248
Crawford,# 12,City Clerk/Treasurer Alma,,NON,Khristopher Miller Unopposed,148,101,0,2,45
Crawford,# 2,City Clerk/Treasurer Van Buren,,NON,Shawnna Reynolds Unopposed,302,142,0,10,150
Crawford,# 3,City Clerk/Treasurer Van Buren,,NON,Shawnna Reynolds Unopposed,697,370,0,13,314
Crawford,# 4,City Clerk/Treasurer Van Buren,,NON,Shawnna Reynolds Unopposed,1676,553,0,15,1108
Crawford,# 5 no school VB city,City Clerk/Treasurer Van Buren,,NON,Shawnna Reynolds Unopposed,995,525,0,28,442
Crawford,# 6 no school VB city,City Clerk/Treasurer Van Buren,,NON,Shawnna Reynolds Unopposed,537,280,0,16,241
Crawford,# 7,City Clerk/Treasurer Van Buren,,NON,Shawnna Reynolds Unopposed,274,117,0,5,152
Crawford,# 9,City Clerk/Treasurer Van Buren,,NON,Shawnna Reynolds Unopposed,150,87,0,1,62
Crawford,# 13,Secretary/Treasurer Chester,,NON,Sherry L. Belt Unopposed,34,15,1,0,18
Crawford,# 8,Treasurer Kibler,,NON,Jennifer Maynard Unopposed,305,146,0,5,154
Crawford,# 12,Recorder/Treasurer Mulberry,,NON,Carla Dickerson Unopposed,377,111,0,5,261
Crawford,# 13,Position 1 Chester,,NON,Grace George,24,13,2,0,9
Crawford,# 13,Position 1 Chester,,NON,Laverne Hughes,17,6,0,0,11
Crawford,# 13,Ward 1 Position 2 Mountainburg,,NON,Ricky C Kimes,74,23,0,0,51
Crawford,# 13,Ward 1 Position 2 Mountainburg,,NON,Susan Sharp,76,18,0,0,58
Crawford,# 2,Ward 1 Position 2 Van Buren,,NON,Jonathan Goins,145,63,0,4,78
Crawford,# 3,Ward 1 Position 2 Van Buren,,NON,Jonathan Goins,351,183,0,6,162
Crawford,# 4,Ward 1 Position 2 Van Buren,,NON,Jonathan Goins,814,262,0,9,543
Crawford,# 5 no school VB city,Ward 1 Position 2 Van Buren,,NON,Jonathan Goins,471,244,0,11,216
Crawford,# 6 no school VB city,Ward 1 Position 2 Van Buren,,NON,Jonathan Goins,251,130,0,8,113
Crawford,# 7,Ward 1 Position 2 Van Buren,,NON,Jonathan Goins,135,60,0,1,74
Crawford,# 9,Ward 1 Position 2 Van Buren,,NON,Jonathan Goins,85,50,0,1,34
Crawford,# 2,Ward 1 Position 2 Van Buren,,NON,Tonia L. Fry,168,84,0,6,78
Crawford,# 3,Ward 1 Position 2 Van Buren,,NON,Tonia L. Fry,364,199,0,7,158
Crawford,# 4,Ward 1 Position 2 Van Buren,,NON,Tonia L. Fry,996,337,0,8,651
Crawford,# 5 no school VB city,Ward 1 Position 2 Van Buren,,NON,Tonia L. Fry,599,330,0,19,250
Crawford,# 6 no school VB city,Ward 1 Position 2 Van Buren,,NON,Tonia L. Fry,315,173,0,10,132
Crawford,# 7,Ward 1 Position 2 Van Buren,,NON,Tonia L. Fry,138,57,0,4,77
Crawford,# 9,Ward 1 Position 2 Van Buren,,NON,Tonia L. Fry,78,45,0,3,30
Crawford,# 12,Ward 2 Position 1 Mulberry,,NON,Bobby Tweedy,261,84,0,1,176
Crawford,# 12,Ward 2 Position 1 Mulberry,,NON,Sherry Hesson,162,42,0,4,116
Crawford,# 12,Ward 3 Position 1 Dyer,,NON,Katherine Fry,109,51,0,3,55
Crawford,# 12,Ward 3 Position 1 Dyer,,NON,Cynthia Looney,73,33,0,0,40
Crawford,# 12,Ward 3 Position 1 Dyer,,NON,Michael Alan Scantlin,71,30,0,0,41
Crawford,# 12,Ward 3 Position 1 Mulberry,,NON,Wilma Peevy,235,89,0,3,143
Crawford,# 12,Ward 3 Position 1 Mulberry,,NON,Daimien Sadat Rice,199,43,0,2,154
Crawford,# 1,Issue No. 1: A Constitutional Amendment to allow the General Assembly to Convene in Extraordinary Session Upon the Issuance of a Joint Written Proclamation of the Speaker of the House of Representatives and the President Pro Tempore of the Senate or Upon the Submission of a Written Proclamation Containing the Signatures of At Least Two-Thirds (2/3) of the Members of the House of Representatives and At Least Two-Thirds (2/3) of the Members of the Senate to the Speaker of the House of Representatives and the President Pro Tempore of the Senate Requesting that the General Assembly Convene in Extraordinary Session,,NON,FOR,1016,687,0,10,319
Crawford,# 2,Issue No. 1: A Constitutional Amendment to allow the General Assembly to Convene in Extraordinary Session Upon the Issuance of a Joint Written Proclamation of the Speaker of the House of Representatives and the President Pro Tempore of the Senate or Upon the Submission of a Written Proclamation Containing the Signatures of At Least Two-Thirds (2/3) of the Members of the House of Representatives and At Least Two-Thirds (2/3) of the Members of the Senate to the Speaker of the House of Representatives and the President Pro Tempore of the Senate Requesting that the General Assembly Convene in Extraordinary Session,,NON,FOR,605,257,0,22,326
Crawford,# 3,Issue No. 1: A Constitutional Amendment to allow the General Assembly to Convene in Extraordinary Session Upon the Issuance of a Joint Written Proclamation of the Speaker of the House of Representatives and the President Pro Tempore of the Senate or Upon the Submission of a Written Proclamation Containing the Signatures of At Least Two-Thirds (2/3) of the Members of the House of Representatives and At Least Two-Thirds (2/3) of the Members of the Senate to the Speaker of the House of Representatives and the President Pro Tempore of the Senate Requesting that the General Assembly Convene in Extraordinary Session,,NON,FOR,495,249,0,11,235
Crawford,# 4,Issue No. 1: A Constitutional Amendment to allow the General Assembly to Convene in Extraordinary Session Upon the Issuance of a Joint Written Proclamation of the Speaker of the House of Representatives and the President Pro Tempore of the Senate or Upon the Submission of a Written Proclamation Containing the Signatures of At Least Two-Thirds (2/3) of the Members of the House of Representatives and At Least Two-Thirds (2/3) of the Members of the Senate to the Speaker of the House of Representatives and the President Pro Tempore of the Senate Requesting that the General Assembly Convene in Extraordinary Session,,NON,FOR,522,230,0,11,281
Crawford,# 5 no school VB city,Issue No. 1: A Constitutional Amendment to allow the General Assembly to Convene in Extraordinary Session Upon the Issuance of a Joint Written Proclamation of the Speaker of the House of Representatives and the President Pro Tempore of the Senate or Upon the Submission of a Written Proclamation Containing the Signatures of At Least Two-Thirds (2/3) of the Members of the House of Representatives and At Least Two-Thirds (2/3) of the Members of the Senate to the Speaker of the House of Representatives and the President Pro Tempore of the Senate Requesting that the General Assembly Convene in Extraordinary Session,,NON,FOR,502,263,0,11,228
Crawford,# 6 no school VB city,Issue No. 1: A Constitutional Amendment to allow the General Assembly to Convene in Extraordinary Session Upon the Issuance of a Joint Written Proclamation of the Speaker of the House of Representatives and the President Pro Tempore of the Senate or Upon the Submission of a Written Proclamation Containing the Signatures of At Least Two-Thirds (2/3) of the Members of the House of Representatives and At Least Two-Thirds (2/3) of the Members of the Senate to the Speaker of the House of Representatives and the President Pro Tempore of the Senate Requesting that the General Assembly Convene in Extraordinary Session,,NON,FOR,243,118,0,10,115
Crawford,# 7,Issue No. 1: A Constitutional Amendment to allow the General Assembly to Convene in Extraordinary Session Upon the Issuance of a Joint Written Proclamation of the Speaker of the House of Representatives and the President Pro Tempore of the Senate or Upon the Submission of a Written Proclamation Containing the Signatures of At Least Two-Thirds (2/3) of the Members of the House of Representatives and At Least Two-Thirds (2/3) of the Members of the Senate to the Speaker of the House of Representatives and the President Pro Tempore of the Senate Requesting that the General Assembly Convene in Extraordinary Session,,NON,FOR,334,115,0,10,209
Crawford,# 8,Issue No. 1: A Constitutional Amendment to allow the General Assembly to Convene in Extraordinary Session Upon the Issuance of a Joint Written Proclamation of the Speaker of the House of Representatives and the President Pro Tempore of the Senate or Upon the Submission of a Written Proclamation Containing the Signatures of At Least Two-Thirds (2/3) of the Members of the House of Representatives and At Least Two-Thirds (2/3) of the Members of the Senate to the Speaker of the House of Representatives and the President Pro Tempore of the Senate Requesting that the General Assembly Convene in Extraordinary Session,,NON,FOR,459,242,0,8,209
Crawford,# 9,Issue No. 1: A Constitutional Amendment to allow the General Assembly to Convene in Extraordinary Session Upon the Issuance of a Joint Written Proclamation of the Speaker of the House of Representatives and the President Pro Tempore of the Senate or Upon the Submission of a Written Proclamation Containing the Signatures of At Least Two-Thirds (2/3) of the Members of the House of Representatives and At Least Two-Thirds (2/3) of the Members of the Senate to the Speaker of the House of Representatives and the President Pro Tempore of the Senate Requesting that the General Assembly Convene in Extraordinary Session,,NON,FOR,420,216,0,10,194
Crawford,# 10,Issue No. 1: A Constitutional Amendment to allow the General Assembly to Convene in Extraordinary Session Upon the Issuance of a Joint Written Proclamation of the Speaker of the House of Representatives and the President Pro Tempore of the Senate or Upon the Submission of a Written Proclamation Containing the Signatures of At Least Two-Thirds (2/3) of the Members of the House of Representatives and At Least Two-Thirds (2/3) of the Members of the Senate to the Speaker of the House of Representatives and the President Pro Tempore of the Senate Requesting that the General Assembly Convene in Extraordinary Session,,NON,FOR,637,361,0,9,267
Crawford,# 11,Issue No. 1: A Constitutional Amendment to allow the General Assembly to Convene in Extraordinary Session Upon the Issuance of a Joint Written Proclamation of the Speaker of the House of Representatives and the President Pro Tempore of the Senate or Upon the Submission of a Written Proclamation Containing the Signatures of At Least Two-Thirds (2/3) of the Members of the House of Representatives and At Least Two-Thirds (2/3) of the Members of the Senate to the Speaker of the House of Representatives and the President Pro Tempore of the Senate Requesting that the General Assembly Convene in Extraordinary Session,,NON,FOR,642,408,0,15,219
Crawford,# 12,Issue No. 1: A Constitutional Amendment to allow the General Assembly to Convene in Extraordinary Session Upon the Issuance of a Joint Written Proclamation of the Speaker of the House of Representatives and the President Pro Tempore of the Senate or Upon the Submission of a Written Proclamation Containing the Signatures of At Least Two-Thirds (2/3) of the Members of the House of Representatives and At Least Two-Thirds (2/3) of the Members of the Senate to the Speaker of the House of Representatives and the President Pro Tempore of the Senate Requesting that the General Assembly Convene in Extraordinary Session,,NON,FOR,531,243,0,9,279
Crawford,# 13,Issue No. 1: A Constitutional Amendment to allow the General Assembly to Convene in Extraordinary Session Upon the Issuance of a Joint Written Proclamation of the Speaker of the House of Representatives and the President Pro Tempore of the Senate or Upon the Submission of a Written Proclamation Containing the Signatures of At Least Two-Thirds (2/3) of the Members of the House of Representatives and At Least Two-Thirds (2/3) of the Members of the Senate to the Speaker of the House of Representatives and the President Pro Tempore of the Senate Requesting that the General Assembly Convene in Extraordinary Session,,NON,FOR,526,198,2,8,318
Crawford,# 1,Issue No. 1: A Constitutional Amendment to allow the General Assembly to Convene in Extraordinary Session Upon the Issuance of a Joint Written Proclamation of the Speaker of the House of Representatives and the President Pro Tempore of the Senate or Upon the Submission of a Written Proclamation Containing the Signatures of At Least Two-Thirds (2/3) of the Members of the House of Representatives and At Least Two-Thirds (2/3) of the Members of the Senate to the Speaker of the House of Representatives and the President Pro Tempore of the Senate Requesting that the General Assembly Convene in Extraordinary Session,,NON,AGAINST,1761,1099,0,8,654
Crawford,# 2,Issue No. 1: A Constitutional Amendment to allow the General Assembly to Convene in Extraordinary Session Upon the Issuance of a Joint Written Proclamation of the Speaker of the House of Representatives and the President Pro Tempore of the Senate or Upon the Submission of a Written Proclamation Containing the Signatures of At Least Two-Thirds (2/3) of the Members of the House of Representatives and At Least Two-Thirds (2/3) of the Members of the Senate to the Speaker of the House of Representatives and the President Pro Tempore of the Senate Requesting that the General Assembly Convene in Extraordinary Session,,NON,AGAINST,907,426,0,22,459
Crawford,# 3,Issue No. 1: A Constitutional Amendment to allow the General Assembly to Convene in Extraordinary Session Upon the Issuance of a Joint Written Proclamation of the Speaker of the House of Representatives and the President Pro Tempore of the Senate or Upon the Submission of a Written Proclamation Containing the Signatures of At Least Two-Thirds (2/3) of the Members of the House of Representatives and At Least Two-Thirds (2/3) of the Members of the Senate to the Speaker of the House of Representatives and the President Pro Tempore of the Senate Requesting that the General Assembly Convene in Extraordinary Session,,NON,AGAINST,499,263,0,13,223
Crawford,# 4,Issue No. 1: A Constitutional Amendment to allow the General Assembly to Convene in Extraordinary Session Upon the Issuance of a Joint Written Proclamation of the Speaker of the House of Representatives and the President Pro Tempore of the Senate or Upon the Submission of a Written Proclamation Containing the Signatures of At Least Two-Thirds (2/3) of the Members of the House of Representatives and At Least Two-Thirds (2/3) of the Members of the Senate to the Speaker of the House of Representatives and the President Pro Tempore of the Senate Requesting that the General Assembly Convene in Extraordinary Session,,NON,AGAINST,777,414,0,10,353
Crawford,# 5 no school VB city,Issue No. 1: A Constitutional Amendment to allow the General Assembly to Convene in Extraordinary Session Upon the Issuance of a Joint Written Proclamation of the Speaker of the House of Representatives and the President Pro Tempore of the Senate or Upon the Submission of a Written Proclamation Containing the Signatures of At Least Two-Thirds (2/3) of the Members of the House of Representatives and At Least Two-Thirds (2/3) of the Members of the Senate to the Speaker of the House of Representatives and the President Pro Tempore of the Senate Requesting that the General Assembly Convene in Extraordinary Session,,NON,AGAINST,668,362,0,25,281
Crawford,# 6 no school VB city,Issue No. 1: A Constitutional Amendment to allow the General Assembly to Convene in Extraordinary Session Upon the Issuance of a Joint Written Proclamation of the Speaker of the House of Representatives and the President Pro Tempore of the Senate or Upon the Submission of a Written Proclamation Containing the Signatures of At Least Two-Thirds (2/3) of the Members of the House of Representatives and At Least Two-Thirds (2/3) of the Members of the Senate to the Speaker of the House of Representatives and the President Pro Tempore of the Senate Requesting that the General Assembly Convene in Extraordinary Session,,NON,AGAINST,357,201,0,8,148
Crawford,# 7,Issue No. 1: A Constitutional Amendment to allow the General Assembly to Convene in Extraordinary Session Upon the Issuance of a Joint Written Proclamation of the Speaker of the House of Representatives and the President Pro Tempore of the Senate or Upon the Submission of a Written Proclamation Containing the Signatures of At Least Two-Thirds (2/3) of the Members of the House of Representatives and At Least Two-Thirds (2/3) of the Members of the Senate to the Speaker of the House of Representatives and the President Pro Tempore of the Senate Requesting that the General Assembly Convene in Extraordinary Session,,NON,AGAINST,417,206,0,0,211
Crawford,# 8,Issue No. 1: A Constitutional Amendment to allow the General Assembly to Convene in Extraordinary Session Upon the Issuance of a Joint Written Proclamation of the Speaker of the House of Representatives and the President Pro Tempore of the Senate or Upon the Submission of a Written Proclamation Containing the Signatures of At Least Two-Thirds (2/3) of the Members of the House of Representatives and At Least Two-Thirds (2/3) of the Members of the Senate to the Speaker of the House of Representatives and the President Pro Tempore of the Senate Requesting that the General Assembly Convene in Extraordinary Session,,NON,AGAINST,674,395,0,12,267
Crawford,# 9,Issue No. 1: A Constitutional Amendment to allow the General Assembly to Convene in Extraordinary Session Upon the Issuance of a Joint Written Proclamation of the Speaker of the House of Representatives and the President Pro Tempore of the Senate or Upon the Submission of a Written Proclamation Containing the Signatures of At Least Two-Thirds (2/3) of the Members of the House of Representatives and At Least Two-Thirds (2/3) of the Members of the Senate to the Speaker of the House of Representatives and the President Pro Tempore of the Senate Requesting that the General Assembly Convene in Extraordinary Session,,NON,AGAINST,629,324,0,4,301
Crawford,# 10,Issue No. 1: A Constitutional Amendment to allow the General Assembly to Convene in Extraordinary Session Upon the Issuance of a Joint Written Proclamation of the Speaker of the House of Representatives and the President Pro Tempore of the Senate or Upon the Submission of a Written Proclamation Containing the Signatures of At Least Two-Thirds (2/3) of the Members of the House of Representatives and At Least Two-Thirds (2/3) of the Members of the Senate to the Speaker of the House of Representatives and the President Pro Tempore of the Senate Requesting that the General Assembly Convene in Extraordinary Session,,NON,AGAINST,1078,640,0,5,433
Crawford,# 11,Issue No. 1: A Constitutional Amendment to allow the General Assembly to Convene in Extraordinary Session Upon the Issuance of a Joint Written Proclamation of the Speaker of the House of Representatives and the President Pro Tempore of the Senate or Upon the Submission of a Written Proclamation Containing the Signatures of At Least Two-Thirds (2/3) of the Members of the House of Representatives and At Least Two-Thirds (2/3) of the Members of the Senate to the Speaker of the House of Representatives and the President Pro Tempore of the Senate Requesting that the General Assembly Convene in Extraordinary Session,,NON,AGAINST,832,535,0,8,289
Crawford,# 12,Issue No. 1: A Constitutional Amendment to allow the General Assembly to Convene in Extraordinary Session Upon the Issuance of a Joint Written Proclamation of the Speaker of the House of Representatives and the President Pro Tempore of the Senate or Upon the Submission of a Written Proclamation Containing the Signatures of At Least Two-Thirds (2/3) of the Members of the House of Representatives and At Least Two-Thirds (2/3) of the Members of the Senate to the Speaker of the House of Representatives and the President Pro Tempore of the Senate Requesting that the General Assembly Convene in Extraordinary Session,,NON,AGAINST,820,399,0,7,414
Crawford,# 13,Issue No. 1: A Constitutional Amendment to allow the General Assembly to Convene in Extraordinary Session Upon the Issuance of a Joint Written Proclamation of the Speaker of the House of Representatives and the President Pro Tempore of the Senate or Upon the Submission of a Written Proclamation Containing the Signatures of At Least Two-Thirds (2/3) of the Members of the House of Representatives and At Least Two-Thirds (2/3) of the Members of the Senate to the Speaker of the House of Representatives and the President Pro Tempore of the Senate Requesting that the General Assembly Convene in Extraordinary Session,,NON,AGAINST,909,376,0,14,519
Crawford,# 1,Issue No. 2: A Constitutional Amendment to Reform Certain Measures Presented to Voters, to be Known as the 'Constitutional Amendment and Ballot Initiative Reform Amendment',NON,FOR,1150,709,0,7,434
Crawford,# 2,Issue No. 2: A Constitutional Amendment to Reform Certain Measures Presented to Voters, to be Known as the 'Constitutional Amendment and Ballot Initiative Reform Amendment',NON,FOR,708,303,0,17,388
Crawford,# 3,Issue No. 2: A Constitutional Amendment to Reform Certain Measures Presented to Voters, to be Known as the 'Constitutional Amendment and Ballot Initiative Reform Amendment',NON,FOR,484,246,0,12,226
Crawford,# 4,Issue No. 2: A Constitutional Amendment to Reform Certain Measures Presented to Voters, to be Known as the 'Constitutional Amendment and Ballot Initiative Reform Amendment',NON,FOR,584,281,0,8,295
Crawford,# 5 no school VB city,Issue No. 2: A Constitutional Amendment to Reform Certain Measures Presented to Voters, to be Known as the 'Constitutional Amendment and Ballot Initiative Reform Amendment',NON,FOR,502,254,0,14,234
Crawford,# 6 no school VB city,Issue No. 2: A Constitutional Amendment to Reform Certain Measures Presented to Voters, to be Known as the 'Constitutional Amendment and Ballot Initiative Reform Amendment',NON,FOR,260,134,0,11,115
Crawford,# 7,Issue No. 2: A Constitutional Amendment to Reform Certain Measures Presented to Voters, to be Known as the 'Constitutional Amendment and Ballot Initiative Reform Amendment',NON,FOR,346,122,0,7,217
Crawford,# 8,Issue No. 2: A Constitutional Amendment to Reform Certain Measures Presented to Voters, to be Known as the 'Constitutional Amendment and Ballot Initiative Reform Amendment',NON,FOR,508,280,0,5,223
Crawford,# 9,Issue No. 2: A Constitutional Amendment to Reform Certain Measures Presented to Voters, to be Known as the 'Constitutional Amendment and Ballot Initiative Reform Amendment',NON,FOR,445,235,0,6,204
Crawford,# 10,Issue No. 2: A Constitutional Amendment to Reform Certain Measures Presented to Voters, to be Known as the 'Constitutional Amendment and Ballot Initiative Reform Amendment',NON,FOR,770,448,0,7,315
Crawford,# 11,Issue No. 2: A Constitutional Amendment to Reform Certain Measures Presented to Voters, to be Known as the 'Constitutional Amendment and Ballot Initiative Reform Amendment',NON,FOR,680,421,0,12,247
Crawford,# 12,Issue No. 2: A Constitutional Amendment to Reform Certain Measures Presented to Voters, to be Known as the 'Constitutional Amendment and Ballot Initiative Reform Amendment',NON,FOR,627,273,0,9,345
Crawford,# 13,Issue No. 2: A Constitutional Amendment to Reform Certain Measures Presented to Voters, to be Known as the 'Constitutional Amendment and Ballot Initiative Reform Amendment',NON,FOR,603,236,2,10,355
Crawford,# 1,Issue No. 2: A Constitutional Amendment to Reform Certain Measures Presented to Voters, to be Known as the 'Constitutional Amendment and Ballot Initiative Reform Amendment',NON,AGAINST,1634,1075,0,12,547
Crawford,# 2,Issue No. 2: A Constitutional Amendment to Reform Certain Measures Presented to Voters, to be Known as the 'Constitutional Amendment and Ballot Initiative Reform Amendment',NON,AGAINST,804,380,0,27,397
Crawford,# 3,Issue No. 2: A Constitutional Amendment to Reform Certain Measures Presented to Voters, to be Known as the 'Constitutional Amendment and Ballot Initiative Reform Amendment',NON,AGAINST,513,269,0,12,232
Crawford,# 4,Issue No. 2: A Constitutional Amendment to Reform Certain Measures Presented to Voters, to be Known as the 'Constitutional Amendment and Ballot Initiative Reform Amendment',NON,AGAINST,737,367,0,13,357
Crawford,# 5 no school VB city,Issue No. 2: A Constitutional Amendment to Reform Certain Measures Presented to Voters, to be Known as the 'Constitutional Amendment and Ballot Initiative Reform Amendment',NON,AGAINST,695,386,0,21,288
Crawford,# 6 no school VB city,Issue No. 2: A Constitutional Amendment to Reform Certain Measures Presented to Voters, to be Known as the 'Constitutional Amendment and Ballot Initiative Reform Amendment',NON,AGAINST,356,193,0,7,156
Crawford,# 7,Issue No. 2: A Constitutional Amendment to Reform Certain Measures Presented to Voters, to be Known as the 'Constitutional Amendment and Ballot Initiative Reform Amendment',NON,AGAINST,408,201,0,2,205
Crawford,# 8,Issue No. 2: A Constitutional Amendment to Reform Certain Measures Presented to Voters, to be Known as the 'Constitutional Amendment and Ballot Initiative Reform Amendment',NON,AGAINST,637,369,0,14,254
Crawford,# 9,Issue No. 2: A Constitutional Amendment to Reform Certain Measures Presented to Voters, to be Known as the 'Constitutional Amendment and Ballot Initiative Reform Amendment',NON,AGAINST,610,311,0,8,291
Crawford,# 10,Issue No. 2: A Constitutional Amendment to Reform Certain Measures Presented to Voters, to be Known as the 'Constitutional Amendment and Ballot Initiative Reform Amendment',NON,AGAINST,948,549,0,7,392
Crawford,# 11,Issue No. 2: A Constitutional Amendment to Reform Certain Measures Presented to Voters, to be Known as the 'Constitutional Amendment and Ballot Initiative Reform Amendment',NON,AGAINST,791,518,0,11,262
Crawford,# 12,Issue No. 2: A Constitutional Amendment to Reform Certain Measures Presented to Voters, to be Known as the 'Constitutional Amendment and Ballot Initiative Reform Amendment',NON,AGAINST,724,364,0,6,354
Crawford,# 13,Issue No. 2: A Constitutional Amendment to Reform Certain Measures Presented to Voters, to be Known as the 'Constitutional Amendment and Ballot Initiative Reform Amendment',NON,AGAINST,855,340,0,11,504
Crawford,# 1,Issue No. 3: A Constitutional Amendment to Create the 'Arkansas Religious Freedom Amendment',,NON,FOR,1431,961,0,10,460
Crawford,# 2,Issue No. 3: A Constitutional Amendment to Create the 'Arkansas Religious Freedom Amendment',,NON,FOR,784,347,0,20,417
Crawford,# 3,Issue No. 3: A Constitutional Amendment to Create the 'Arkansas Religious Freedom Amendment',,NON,FOR,583,300,0,17,266
Crawford,# 4,Issue No. 3: A Constitutional Amendment to Create the 'Arkansas Religious Freedom Amendment',,NON,FOR,672,311,0,11,350
Crawford,# 5 no school VB city,Issue No. 3: A Constitutional Amendment to Create the 'Arkansas Religious Freedom Amendment',,NON,FOR,611,323,0,11,277
Crawford,# 6 no school VB city,Issue No. 3: A Constitutional Amendment to Create the 'Arkansas Religious Freedom Amendment',,NON,FOR,336,163,0,10,163
Crawford,# 7,Issue No. 3: A Constitutional Amendment to Create the 'Arkansas Religious Freedom Amendment',,NON,FOR,431,162,0,6,263
Crawford,# 8,Issue No. 3: A Constitutional Amendment to Create the 'Arkansas Religious Freedom Amendment',,NON,FOR,618,353,0,11,254
Crawford,# 9,Issue No. 3: A Constitutional Amendment to Create the 'Arkansas Religious Freedom Amendment',,NON,FOR,526,276,0,3,247
Crawford,# 10,Issue No. 3: A Constitutional Amendment to Create the 'Arkansas Religious Freedom Amendment',,NON,FOR,889,527,0,8,354
Crawford,# 11,Issue No. 3: A Constitutional Amendment to Create the 'Arkansas Religious Freedom Amendment',,NON,FOR,794,506,0,12,276
Crawford,# 12,Issue No. 3: A Constitutional Amendment to Create the 'Arkansas Religious Freedom Amendment',,NON,FOR,739,345,0,10,384
Crawford,# 13,Issue No. 3: A Constitutional Amendment to Create the 'Arkansas Religious Freedom Amendment',,NON,FOR,714,280,2,13,419
Crawford,# 1,Issue No. 3: A Constitutional Amendment to Create the 'Arkansas Religious Freedom Amendment',,NON,AGAINST,1385,849,0,9,527
Crawford,# 2,Issue No. 3: A Constitutional Amendment to Create the 'Arkansas Religious Freedom Amendment',,NON,AGAINST,736,335,0,23,378
Crawford,# 3,Issue No. 3: A Constitutional Amendment to Create the 'Arkansas Religious Freedom Amendment',,NON,AGAINST,426,220,0,9,197
Crawford,# 4,Issue No. 3: A Constitutional Amendment to Create the 'Arkansas Religious Freedom Amendment',,NON,AGAINST,658,342,0,11,305
Crawford,# 5 no school VB city,Issue No. 3: A Constitutional Amendment to Create the 'Arkansas Religious Freedom Amendment',,NON,AGAINST,587,318,0,25,244
Crawford,# 6 no school VB city,Issue No. 3: A Constitutional Amendment to Create the 'Arkansas Religious Freedom Amendment',,NON,AGAINST,284,165,0,8,111
Crawford,# 7,Issue No. 3: A Constitutional Amendment to Create the 'Arkansas Religious Freedom Amendment',,NON,AGAINST,335,163,0,3,169
Crawford,# 8,Issue No. 3: A Constitutional Amendment to Create the 'Arkansas Religious Freedom Amendment',,NON,AGAINST,537,299,0,9,229
Crawford,# 9,Issue No. 3: A Constitutional Amendment to Create the 'Arkansas Religious Freedom Amendment',,NON,AGAINST,550,276,0,11,263
Crawford,# 10,Issue No. 3: A Constitutional Amendment to Create the 'Arkansas Religious Freedom Amendment',,NON,AGAINST,845,482,0,6,357
Crawford,# 11,Issue No. 3: A Constitutional Amendment to Create the 'Arkansas Religious Freedom Amendment',,NON,AGAINST,697,448,0,11,238
Crawford,# 12,Issue No. 3: A Constitutional Amendment to Create the 'Arkansas Religious Freedom Amendment',,NON,AGAINST,639,307,0,6,326
Crawford,# 13,Issue No. 3: A Constitutional Amendment to Create the 'Arkansas Religious Freedom Amendment',,NON,AGAINST,756,303,0,8,445
Crawford,# 1,Issue No. 4: An Amendment to Authorize the Possession, Personal Use,NON,FOR,1044,665,0,7,372
Crawford,# 2,Issue No. 4: An Amendment to Authorize the Possession, Personal Use,NON,FOR,599,240,0,16,343
Crawford,# 3,Issue No. 4: An Amendment to Authorize the Possession, Personal Use,NON,FOR,418,200,0,6,212
Crawford,# 4,Issue No. 4: An Amendment to Authorize the Possession, Personal Use,NON,FOR,528,236,0,4,288
Crawford,# 5 no school VB city,Issue No. 4: An Amendment to Authorize the Possession, Personal Use,NON,FOR,506,257,0,7,242
Crawford,# 6 no school VB city,Issue No. 4: An Amendment to Authorize the Possession, Personal Use,NON,FOR,316,149,0,8,159
Crawford,# 7,Issue No. 4: An Amendment to Authorize the Possession, Personal Use,NON,FOR,356,145,0,7,204
Crawford,# 8,Issue No. 4: An Amendment to Authorize the Possession, Personal Use,NON,FOR,505,265,0,7,233
Crawford,# 9,Issue No. 4: An Amendment to Authorize the Possession, Personal Use,NON,FOR,460,230,0,9,221
Crawford,# 10,Issue No. 4: An Amendment to Authorize the Possession, Personal Use,NON,FOR,560,318,0,4,238
Crawford,# 11,Issue No. 4: An Amendment to Authorize the Possession, Personal Use,NON,FOR,535,314,0,11,210
Crawford,# 12,Issue No. 4: An Amendment to Authorize the Possession, Personal Use,NON,FOR,517,209,0,5,303
Crawford,# 13,Issue No. 4: An Amendment to Authorize the Possession, Personal Use,NON,FOR,632,228,0,10,394
Crawford,# 1,Issue No. 4: An Amendment to Authorize the Possession, Personal Use,NON,AGAINST,1780,1150,0,12,618
Crawford,# 2,Issue No. 4: An Amendment to Authorize the Possession, Personal Use,NON,AGAINST,938,455,0,30,453
Crawford,# 3,Issue No. 4: An Amendment to Authorize the Possession, Personal Use,NON,AGAINST,597,323,0,20,254
Crawford,# 4,Issue No. 4: An Amendment to Authorize the Possession, Personal Use,NON,AGAINST,813,423,0,19,371
Crawford,# 5 no school VB city,Issue No. 4: An Amendment to Authorize the Possession, Personal Use,NON,AGAINST,696,378,0,28,290
Crawford,# 6 no school VB city,Issue No. 4: An Amendment to Authorize the Possession, Personal Use,NON,AGAINST,304,180,0,11,113
Crawford,# 7,Issue No. 4: An Amendment to Authorize the Possession, Personal Use,NON,AGAINST,412,180,0,3,229
Crawford,# 8,Issue No. 4: An Amendment to Authorize the Possession, Personal Use,NON,AGAINST,670,395,0,13,262
Crawford,# 9,Issue No. 4: An Amendment to Authorize the Possession, Personal Use,NON,AGAINST,614,325,0,5,284
Crawford,# 10,Issue No. 4: An Amendment to Authorize the Possession, Personal Use,NON,AGAINST,1187,704,0,9,474
Crawford,# 11,Issue No. 4: An Amendment to Authorize the Possession, Personal Use,NON,AGAINST,960,633,0,12,315
Crawford,# 12,Issue No. 4: An Amendment to Authorize the Possession, Personal Use,NON,AGAINST,871,446,0,12,413
Crawford,# 13,Issue No. 4: An Amendment to Authorize the Possession, Personal Use,NON,AGAINST,846,368,2,14,462
